cart_id,customer_id,product_id,cart_date,items_in_cart,cart_value,session_minutes,abandoned,traffic_source
1,817,386,2024-11-01,4,683.11,12,1,Ads
2,264,242,2024-08-26,4,820.05,1,1,Email
3,21,152,2024-11-30,1,897.05,39,1,Social
4,867,274,2024-11-24,2,308.58,21,0,Direct
5,137,234,2024-01-29,3,639.52,34,0,Social
6,937,264,2024-10-18,5,966.97,7,1,Ads
7,450,177,2024-09-27,5,1035.89,23,0,Social
8,304,73,2024-02-29,3,909.12,33,1,Direct
9,592,224,2024-04-10,5,453.87,36,1,Social
10,784,251,2024-02-18,4,994.89,23,1,Social
11,845,373,2024-05-09,5,918.21,4,0,Direct
12,133,378,2024-05-25,3,878.3,16,1,Email
13,654,230,2024-04-03,4,581.78,4,0,Direct
14,754,380,2024-04-09,2,50.33,43,0,Direct
15,22,120,2024-09-03,2,1093.5,19,0,Email
16,333,224,2024-10-21,3,740.85,57,0,Direct
17,401,178,2024-02-04,5,150.03,41,1,Direct
18,173,91,2024-09-13,4,467.34,5,1,Social
19,396,58,2024-09-20,4,1128.15,45,1,Social
20,778,211,2024-09-11,5,927.66,3,1,Direct
21,774,139,2024-08-29,4,49.9,44,0,Email
22,907,214,2024-09-30,2,480.62,47,0,Email
23,101,313,2024-01-20,5,1068.79,28,0,Direct
24,283,377,2024-06-14,5,195.7,35,0,Social
25,738,398,2024-06-29,1,851.05,35,0,Email
26,755,283,2024-04-15,1,1108.99,7,1,Direct
27,307,144,2024-05-02,1,386.81,52,0,Social
28,730,338,2024-09-06,4,320.3,9,0,Direct
29,293,164,2024-07-01,3,617.92,28,1,Direct
30,336,159,2024-03-26,1,865.92,58,0,Direct
31,70,49,2024-12-10,4,706.76,3,1,Direct
32,901,230,2024-08-28,2,1034.71,30,0,Direct
33,117,88,2024-05-29,3,311.9,17,0,Social
34,82,229,2024-09-24,3,336.6,23,1,Email
35,664,175,2024-02-22,4,1035.05,44,1,Direct
36,577,135,2024-02-04,2,586.01,55,0,Ads
37,877,23,2024-09-12,5,598.71,42,1,Email
38,420,389,2024-10-14,3,999.37,25,0,Direct
39,932,149,2024-05-07,2,891.29,43,1,Ads
40,989,262,2024-11-27,3,1000.55,54,1,Email
41,242,142,2024-01-06,3,784.4,32,0,Ads
42,584,73,2024-06-09,4,127.09,41,0,Direct
43,59,61,2024-12-27,5,334.55,49,1,Email
44,814,206,2024-09-18,4,745.34,4,0,Ads
45,511,232,2024-01-29,4,355.92,14,1,Ads
46,457,375,2024-04-28,3,93.67,24,0,Email
47,947,378,2024-11-06,2,362.69,33,0,Ads
48,519,37,2024-02-02,3,620.51,57,0,Direct
49,75,241,2024-09-24,4,40.57,7,0,Social
50,761,400,2024-05-04,5,656.14,46,0,Social
51,238,351,2024-01-21,3,21.59,39,1,Ads
52,928,323,2024-03-12,1,1065.37,26,0,Direct
53,61,101,2024-11-15,4,855.99,40,1,Social
54,175,334,2024-06-05,5,471.87,17,1,Direct
55,30,309,2024-12-20,1,199.04,45,1,Direct
56,143,67,2024-03-20,5,967.2,55,1,Social
57,554,71,2024-08-30,4,587.38,25,0,Social
58,32,183,2024-03-31,3,142.63,14,1,Ads
59,468,194,2024-04-11,3,930.26,47,1,Email
60,146,151,2024-06-12,1,79.7,2,0,Direct
61,20,201,2024-06-16,1,691.99,57,0,Social
62,932,12,2024-12-16,4,155.1,49,1,Social
63,20,225,2024-05-05,3,470.22,32,0,Social
64,951,336,2024-08-01,4,779.98,43,1,Ads
65,386,191,2024-12-12,1,1068.31,52,1,Email
66,338,24,2024-04-16,2,962.49,22,0,Direct
67,490,149,2024-03-20,1,980.84,5,0,Direct
68,217,144,2024-01-02,4,790.79,15,0,Social
69,355,311,2024-12-04,1,328.77,46,0,Email
70,182,206,2024-03-08,2,849.98,45,0,Social
71,383,58,2024-04-21,4,1171.64,53,0,Ads
72,991,297,2024-06-07,5,463.96,57,1,Ads
73,614,219,2024-07-06,2,152.41,36,0,Social
74,390,392,2024-06-09,5,874.99,10,0,Ads
75,563,333,2024-06-11,1,1194.36,34,1,Ads
76,804,282,2024-10-17,2,65.2,21,0,Direct
77,733,243,2024-04-25,3,31.4,55,1,Ads
78,304,206,2024-04-30,1,101.01,16,0,Email
79,799,103,2024-10-11,3,654.49,23,0,Social
80,85,55,2024-07-22,2,927.2,3,0,Ads
81,398,57,2024-04-20,4,650.17,51,1,Email
82,4,51,2024-08-12,1,803.91,42,1,Ads
83,646,109,2024-11-12,5,420.32,11,1,Social
84,96,53,2024-02-06,1,158.01,26,1,Direct
85,926,269,2024-02-05,5,225.55,4,1,Ads
86,155,324,2024-06-02,5,868.7,43,1,Email
87,761,386,2024-11-26,1,79.75,44,1,Email
88,321,221,2024-07-18,3,1140.5,20,0,Email
89,771,51,2024-03-31,5,679.39,38,0,Direct
90,239,215,2024-06-05,1,210.02,25,0,Email
91,651,314,2024-07-06,1,715.9,9,0,Direct
92,362,268,2024-09-24,2,832.66,47,1,Email
93,16,27,2024-08-13,3,1060.75,39,1,Direct
94,523,146,2024-10-14,5,772.99,13,1,Social
95,965,157,2024-10-04,5,920.78,14,1,Ads
96,626,70,2024-10-27,2,1034.68,21,0,Email
97,939,2,2024-05-05,4,707.67,11,1,Social
98,907,137,2024-01-27,1,482.67,33,0,Social
99,354,353,2024-12-03,4,965.13,50,0,Direct
100,384,165,2024-06-18,1,352.76,12,0,Direct
101,664,182,2024-10-07,1,813.41,53,1,Email
102,508,399,2024-03-17,5,273.35,26,1,Social
103,612,74,2024-09-13,3,103.8,13,1,Ads
104,232,186,2024-12-31,3,646.27,45,0,Email
105,23,377,2024-03-11,1,1028.03,39,1,Ads
106,64,368,2024-10-05,1,730.01,23,1,Email
107,86,3,2024-09-22,5,516.7,3,1,Email
108,451,113,2024-06-08,5,899.05,43,0,Direct
109,150,300,2024-05-19,2,214.55,41,0,Social
110,238,89,2024-07-16,5,649.14,59,1,Email
111,199,359,2024-07-13,5,993.21,51,1,Direct
112,807,75,2024-01-31,1,757.72,51,0,Social
113,26,220,2024-09-29,4,526.26,60,0,Email
114,340,17,2024-08-12,5,930.28,32,0,Direct
115,958,397,2024-06-19,5,635.0,30,0,Social
116,997,167,2024-12-04,3,1198.13,60,1,Email
117,637,49,2024-01-25,3,627.78,56,0,Ads
118,64,22,2024-03-26,4,594.9,49,0,Social
119,29,118,2024-05-28,2,231.86,27,1,Ads
120,474,148,2024-01-17,4,68.03,19,1,Social
121,642,337,2024-10-13,1,839.92,12,1,Direct
122,701,184,2024-02-15,4,891.92,50,1,Ads
123,963,230,2024-09-22,5,499.24,8,1,Email
124,461,396,2024-07-18,3,936.56,21,1,Social
125,382,311,2024-05-06,3,980.7,56,1,Ads
126,425,142,2024-10-07,5,308.45,5,0,Direct
127,431,289,2024-07-05,3,35.35,51,1,Email
128,884,153,2024-03-09,1,414.58,49,0,Social
129,388,329,2024-03-02,5,1048.65,43,0,Ads
130,933,283,2024-01-01,3,1021.29,60,1,Social
131,670,177,2024-11-29,4,514.05,46,1,Direct
132,727,269,2024-05-13,3,554.28,46,0,Direct
133,174,235,2024-03-23,5,528.27,39,0,Email
134,109,286,2024-08-13,4,1155.94,45,0,Social
135,592,131,2024-06-04,2,200.48,17,1,Social
136,693,107,2024-07-28,5,295.37,43,1,Social
137,370,297,2024-06-15,3,777.92,28,0,Social
138,786,105,2024-10-24,4,374.3,20,1,Social
139,19,171,2024-07-09,5,364.44,45,1,Social
140,720,329,2024-09-13,4,72.61,52,0,Direct
141,503,81,2024-05-15,5,828.39,14,0,Direct
142,213,367,2024-07-16,1,477.74,54,0,Social
143,552,373,2024-07-16,5,1178.68,26,1,Social
144,996,203,2024-02-02,2,1196.38,28,1,Direct
145,775,25,2024-08-22,3,675.04,59,1,Email
146,223,111,2024-04-21,4,69.3,6,0,Direct
147,464,149,2024-02-08,5,146.25,30,0,Social
148,946,2,2024-11-24,1,374.08,27,1,Ads
149,928,146,2024-08-27,4,1057.01,13,1,Email
150,188,231,2024-11-04,2,53.36,8,1,Direct
151,138,270,2024-02-10,5,863.18,31,1,Ads
152,345,279,2024-01-13,1,1082.51,33,1,Social
153,995,340,2024-07-22,2,288.3,30,0,Email
154,457,93,2024-07-06,1,1093.1,31,1,Ads
155,806,85,2024-09-12,2,459.51,16,0,Social
156,974,305,2024-10-30,2,367.4,38,1,Ads
157,473,63,2024-08-27,5,1000.88,12,1,Email
158,430,44,2024-11-20,1,358.7,58,1,Social
159,269,354,2024-12-02,1,609.25,51,0,Ads
160,826,135,2024-05-28,1,618.72,1,0,Social
161,647,71,2024-04-27,3,958.08,35,0,Direct
162,233,60,2024-11-11,3,881.35,39,0,Direct
163,500,253,2024-02-09,5,377.06,16,1,Email
164,677,146,2024-08-18,1,231.65,57,0,Direct
165,670,142,2024-08-01,4,989.78,46,0,Ads
166,268,269,2024-09-14,4,1158.47,48,1,Email
167,971,93,2024-05-26,1,202.92,24,1,Ads
168,583,3,2024-01-31,5,1072.06,55,1,Email
169,960,76,2024-11-23,5,565.77,30,0,Direct
170,82,184,2024-03-17,5,712.38,3,0,Email
171,273,286,2024-04-12,4,940.9,7,0,Direct
172,749,27,2024-06-09,1,779.9,56,0,Direct
173,318,68,2024-02-06,1,836.23,28,0,Email
174,861,192,2024-06-19,1,488.43,13,1,Direct
175,62,35,2024-08-31,1,565.48,5,0,Email
176,778,330,2024-01-07,1,374.49,48,1,Ads
177,631,346,2024-09-16,2,302.17,45,1,Direct
178,696,107,2024-11-19,4,128.21,47,1,Direct
179,826,389,2024-05-11,2,255.98,44,1,Social
180,856,23,2024-07-09,4,317.56,45,0,Email
181,834,45,2024-09-20,3,308.63,41,0,Ads
182,461,9,2024-04-13,4,434.1,32,0,Direct
183,284,159,2024-08-17,1,898.44,26,0,Ads
184,287,376,2024-11-13,2,174.07,13,1,Email
185,513,21,2024-12-28,3,1022.83,30,0,Social
186,920,388,2024-04-15,4,1061.55,44,0,Direct
187,416,165,2024-11-08,1,233.18,14,1,Ads
188,768,158,2024-10-17,1,290.99,2,0,Direct
189,238,50,2024-10-11,4,60.89,16,1,Ads
190,518,179,2024-01-25,2,1073.0,54,0,Ads
191,174,231,2024-07-09,1,849.91,42,0,Email
192,403,103,2024-06-27,1,1007.1,44,1,Email
193,922,26,2024-04-26,3,547.54,40,1,Ads
194,978,219,2024-04-02,3,545.59,59,0,Direct
195,451,341,2024-10-28,5,849.49,34,1,Email
196,435,65,2024-10-11,1,803.22,10,1,Email
197,667,367,2024-01-01,2,966.88,59,0,Social
198,73,235,2024-01-28,3,370.17,4,0,Email
199,935,87,2024-11-09,1,824.23,52,1,Social
200,480,130,2024-10-25,2,1145.14,18,1,Email
201,539,299,2024-04-17,3,1113.52,48,0,Email
202,624,399,2024-04-06,3,834.69,39,1,Email
203,885,177,2024-01-07,2,956.14,42,1,Direct
204,437,99,2024-02-20,4,440.52,20,0,Email
205,269,292,2024-08-31,4,41.6,19,1,Email
206,828,245,2024-06-26,2,1146.15,18,1,Ads
207,91,364,2024-02-07,4,47.56,8,0,Ads
208,889,136,2024-12-14,5,413.16,41,1,Direct
209,29,303,2024-06-27,1,437.35,39,0,Ads
210,659,27,2024-11-07,1,419.54,16,0,Ads
211,261,103,2024-09-14,1,224.99,11,0,Direct
212,801,306,2024-03-05,1,452.02,60,1,Email
213,947,258,2024-05-10,3,997.53,7,0,Direct
214,950,391,2024-03-11,5,800.84,26,0,Email
215,648,206,2024-08-13,4,144.28,35,0,Email
216,314,376,2024-03-26,2,822.51,29,1,Ads
217,964,74,2024-05-30,5,1153.52,40,0,Social
218,255,93,2024-09-24,3,490.58,45,0,Email
219,98,45,2024-05-03,5,548.63,44,0,Direct
220,772,364,2024-06-15,5,501.15,14,0,Email
221,323,121,2024-05-23,5,872.92,34,1,Email
222,692,328,2024-01-02,1,531.53,42,0,Social
223,143,233,2024-12-15,3,724.36,25,1,Email
224,640,202,2024-08-12,3,1100.87,51,1,Social
225,71,196,2024-01-01,2,438.25,60,1,Direct
226,837,229,2024-04-02,2,82.13,35,1,Ads
227,518,85,2024-01-21,3,910.96,42,0,Email
228,260,92,2024-07-25,3,1053.31,27,1,Direct
229,868,300,2024-07-18,4,1024.13,19,0,Email
230,257,276,2024-12-03,4,1004.63,54,0,Social
231,466,33,2024-05-20,1,866.19,20,1,Ads
232,412,78,2024-02-06,4,983.46,37,0,Email
233,438,214,2024-06-28,4,771.09,43,0,Email
234,793,258,2024-11-21,4,738.99,33,1,Direct
235,852,114,2024-05-19,4,333.07,39,1,Ads
236,472,62,2024-05-16,2,795.91,42,1,Direct
237,319,372,2024-03-19,1,292.27,1,0,Ads
238,966,364,2024-10-10,3,1198.65,58,1,Social
239,330,326,2024-04-25,4,692.86,28,1,Email
240,546,93,2024-07-16,5,500.63,11,1,Ads
241,378,272,2024-04-13,5,1003.98,37,0,Social
242,167,46,2024-04-24,2,1128.87,42,1,Direct
243,512,206,2024-07-24,1,1122.58,22,0,Social
244,354,311,2024-09-04,3,489.85,33,0,Ads
245,356,189,2024-09-20,1,805.69,27,1,Direct
246,714,166,2024-02-17,1,681.02,24,1,Social
247,123,192,2024-05-24,5,260.67,29,0,Social
248,241,377,2024-10-19,5,1070.86,59,1,Direct
249,511,306,2024-11-16,5,949.24,3,0,Email
250,394,102,2024-05-03,5,1066.03,46,0,Social
251,2,281,2024-03-18,4,761.97,55,0,Social
252,18,94,2024-10-11,2,1156.3,20,1,Direct
253,485,251,2024-12-28,4,22.0,60,0,Social
254,965,219,2024-08-05,2,433.77,28,1,Social
255,567,362,2024-05-11,1,276.25,22,1,Social
256,972,121,2024-05-04,3,485.08,22,1,Ads
257,446,12,2024-11-01,3,741.8,20,1,Email
258,87,120,2024-06-14,4,406.61,7,1,Social
259,955,15,2024-05-27,2,852.95,52,1,Email
260,510,116,2024-04-24,2,167.07,11,0,Ads
261,417,374,2024-03-14,5,1163.55,9,1,Direct
262,26,225,2024-07-31,4,910.23,54,1,Ads
263,88,298,2024-02-20,2,376.94,24,0,Email
264,336,123,2024-12-24,2,96.63,48,1,Email
265,748,321,2024-11-15,3,1189.5,16,1,Social
266,888,376,2024-12-30,2,1073.96,49,1,Ads
267,110,292,2024-10-25,3,465.93,45,0,Ads
268,781,52,2024-08-26,4,620.16,47,0,Social
269,339,397,2024-09-30,1,15.02,22,0,Direct
270,358,4,2024-12-07,3,611.63,31,1,Ads
271,688,60,2024-06-16,1,973.57,30,1,Direct
272,118,321,2024-10-16,1,463.94,25,0,Direct
273,772,332,2024-09-16,2,589.34,40,0,Social
274,734,285,2024-11-06,1,232.54,9,0,Email
275,82,85,2024-04-27,2,259.27,51,0,Social
276,361,342,2024-01-04,3,209.66,57,1,Email
277,975,198,2024-03-21,5,1114.76,16,0,Social
278,935,5,2024-03-06,5,360.81,13,1,Email
279,655,295,2024-07-06,3,1102.66,6,0,Email
280,633,156,2024-02-16,3,329.99,51,1,Email
281,454,359,2024-03-06,2,45.65,52,0,Social
282,600,189,2024-01-25,1,680.51,21,0,Direct
283,952,290,2024-02-02,3,933.64,24,0,Direct
284,829,353,2024-03-12,1,252.15,37,1,Social
285,141,321,2024-07-08,4,31.99,10,1,Email
286,158,360,2024-07-01,5,530.42,25,0,Direct
287,934,170,2024-11-10,2,932.59,31,1,Email
288,28,267,2024-05-09,3,177.75,43,1,Social
289,75,166,2024-08-25,3,1056.3,41,0,Social
290,861,144,2024-06-26,5,720.39,52,0,Direct
291,430,45,2024-11-19,2,474.68,26,0,Email
292,308,217,2024-01-21,4,928.31,58,1,Ads
293,781,386,2024-01-31,1,392.57,30,0,Direct
294,405,19,2024-03-14,2,674.93,9,0,Email
295,49,319,2024-07-07,2,821.34,59,1,Email
296,964,261,2024-03-18,4,399.47,28,0,Email
297,680,289,2024-10-16,3,320.08,23,1,Email
298,508,28,2024-08-22,1,458.09,14,1,Email
299,489,69,2024-02-14,4,213.94,43,1,Email
300,31,165,2024-03-17,3,474.46,29,1,Direct
301,820,131,2024-12-30,1,694.3,59,1,Ads
302,838,287,2024-11-08,5,638.65,31,0,Ads
303,211,259,2024-04-14,1,300.31,46,0,Ads
304,174,278,2024-10-22,3,303.66,45,0,Ads
305,631,349,2024-03-19,5,1049.0,60,1,Ads
306,532,324,2024-05-16,4,627.63,53,0,Email
307,559,176,2024-11-18,4,733.66,18,0,Ads
308,584,246,2024-02-15,2,553.42,44,1,Email
309,848,308,2024-08-16,4,223.1,46,1,Direct
310,197,160,2024-02-08,2,253.06,57,1,Email
311,299,241,2024-09-28,4,343.46,39,0,Ads
312,79,184,2024-07-24,5,771.93,56,0,Ads
313,59,391,2024-01-16,3,70.64,2,0,Email
314,521,335,2024-11-01,4,1119.69,9,1,Ads
315,828,182,2024-05-16,3,658.87,57,0,Email
316,298,308,2024-12-09,2,103.24,28,0,Direct
317,516,40,2024-07-17,4,746.85,19,0,Social
318,910,187,2024-08-02,3,489.1,8,1,Email
319,153,89,2024-02-01,5,91.14,7,0,Social
320,777,380,2024-02-19,4,431.38,11,0,Direct
321,566,221,2024-12-10,1,152.69,49,0,Ads
322,226,307,2024-05-11,1,821.6,38,1,Email
323,42,276,2024-01-17,3,771.23,37,1,Direct
324,119,244,2024-02-26,5,847.79,51,1,Ads
325,663,300,2024-02-17,1,661.84,3,1,Email
326,621,53,2024-06-29,2,615.21,31,0,Direct
327,450,194,2024-11-11,2,726.36,16,1,Ads
328,529,96,2024-12-18,4,1123.56,57,0,Ads
329,470,54,2024-07-17,1,804.68,18,0,Ads
330,283,160,2024-05-19,4,303.26,36,1,Ads
331,893,234,2024-05-03,3,988.37,37,1,Ads
332,789,210,2024-10-17,3,801.74,42,0,Direct
333,766,324,2024-10-06,4,256.55,17,0,Ads
334,589,252,2024-12-26,5,758.07,17,1,Email
335,405,37,2024-08-21,5,454.66,55,1,Direct
336,399,58,2024-01-27,4,678.81,35,0,Email
337,158,128,2024-05-10,2,206.35,44,1,Ads
338,156,289,2024-07-14,1,976.54,16,0,Direct
339,444,153,2024-04-04,3,461.45,39,1,Email
340,297,104,2024-10-03,2,161.97,20,1,Direct
341,292,59,2024-10-29,5,835.03,59,0,Ads
342,246,94,2024-10-18,1,710.47,32,0,Email
343,320,53,2024-11-04,3,73.39,33,0,Ads
344,975,124,2024-01-12,3,438.59,30,1,Direct
345,839,222,2024-01-02,1,1091.42,14,0,Ads
346,286,250,2024-08-31,2,569.72,3,1,Direct
347,944,143,2024-04-16,1,344.77,28,1,Ads
348,647,90,2024-05-21,1,1170.83,60,0,Email
349,139,189,2024-08-31,5,939.22,60,1,Social
350,208,134,2024-04-06,4,784.85,35,1,Email
351,385,293,2024-01-20,3,840.32,31,1,Email
352,397,136,2024-10-14,1,726.44,24,0,Ads
353,503,97,2024-03-22,5,525.94,20,0,Direct
354,311,391,2024-11-02,2,731.99,30,0,Email
355,256,398,2024-01-12,2,719.53,12,0,Ads
356,230,176,2024-08-27,2,727.2,18,0,Email
357,512,188,2024-09-28,1,1179.43,28,1,Email
358,915,173,2024-08-28,1,1070.11,53,0,Direct
359,103,71,2024-09-25,4,1193.38,53,1,Ads
360,358,341,2024-12-13,1,488.46,60,0,Ads
361,464,67,2024-02-12,5,1003.17,37,1,Social
362,140,341,2024-03-12,5,750.7,52,0,Direct
363,571,369,2024-01-30,1,1155.13,30,0,Ads
364,949,349,2024-05-11,2,689.51,34,1,Direct
365,835,297,2024-08-04,2,220.22,28,1,Ads
366,814,225,2024-07-19,4,598.07,27,0,Social
367,463,201,2024-09-10,4,1170.94,60,1,Email
368,544,216,2024-11-19,4,725.78,10,1,Ads
369,100,271,2024-06-18,2,901.45,9,1,Email
370,835,201,2024-04-10,1,394.67,10,0,Social
371,231,229,2024-04-26,2,341.37,20,0,Email
372,769,399,2024-05-05,2,604.98,59,1,Ads
373,831,122,2024-11-21,5,824.19,3,0,Email
374,346,371,2024-09-15,2,331.81,45,0,Direct
375,477,162,2024-09-23,3,977.99,33,1,Direct
376,820,92,2024-07-01,3,448.0,26,0,Email
377,973,313,2024-04-16,1,1007.37,3,0,Ads
378,530,109,2024-09-27,4,342.44,51,1,Ads
379,915,97,2024-07-13,4,366.99,37,0,Direct
380,155,123,2024-11-24,4,184.13,48,0,Ads
381,303,328,2024-01-06,3,250.74,31,0,Ads
382,555,266,2024-09-15,5,549.77,9,1,Social
383,316,274,2024-06-06,1,253.61,13,0,Email
384,639,324,2024-02-12,1,439.75,47,1,Ads
385,685,157,2024-02-03,4,879.4,47,0,Social
386,68,369,2024-12-06,5,273.19,8,0,Direct
387,160,194,2024-08-25,3,836.94,26,1,Ads
388,156,356,2024-09-22,1,1137.33,21,0,Email
389,810,65,2024-11-25,3,1130.18,4,0,Direct
390,61,22,2024-09-07,5,726.06,28,0,Email
391,608,21,2024-09-07,3,65.77,39,1,Email
392,166,70,2024-01-06,4,356.36,41,0,Email
393,927,329,2024-11-24,1,1180.29,59,0,Email
394,361,193,2024-07-06,4,453.29,6,1,Social
395,131,77,2024-10-21,3,823.61,4,0,Direct
396,859,330,2024-07-07,4,397.09,60,1,Ads
397,430,381,2024-07-12,3,719.78,15,0,Email
398,229,285,2024-03-06,1,937.48,12,0,Email
399,557,170,2024-05-09,2,119.6,7,1,Email
400,993,98,2024-06-28,3,269.83,21,0,Direct
401,538,362,2024-11-21,3,1008.53,59,0,Direct
402,900,312,2024-01-05,5,639.16,8,0,Social
403,992,258,2024-01-24,2,878.32,8,0,Social
404,520,363,2024-01-23,3,137.52,37,1,Social
405,574,150,2024-10-02,1,890.19,1,1,Social
406,988,95,2024-06-18,4,1106.06,25,0,Social
407,614,341,2024-03-03,1,855.8,2,0,Direct
408,357,155,2024-03-14,4,1029.15,25,0,Social
409,938,129,2024-06-04,4,451.84,37,0,Direct
410,530,334,2024-11-20,3,154.91,50,1,Direct
411,315,376,2024-09-10,2,1172.66,18,1,Direct
412,330,306,2024-03-18,3,516.25,12,0,Social
413,937,34,2024-12-25,2,1071.11,21,0,Social
414,856,146,2024-03-02,4,1196.67,54,1,Direct
415,44,39,2024-05-09,3,483.11,60,0,Email
416,469,280,2024-03-28,5,970.48,56,0,Social
417,329,366,2024-05-04,1,663.84,32,0,Email
418,88,246,2024-10-01,5,740.05,35,1,Social
419,600,5,2024-06-24,5,418.99,55,1,Social
420,346,113,2024-02-01,1,88.87,8,1,Email
421,217,168,2024-04-16,1,472.24,5,1,Direct
422,120,55,2024-06-22,2,984.72,43,1,Direct
423,850,78,2024-08-16,4,414.08,31,1,Ads
424,333,219,2024-12-04,4,855.88,34,1,Direct
425,303,251,2024-07-09,2,399.32,27,0,Email
426,265,167,2024-02-21,3,651.91,26,1,Email
427,649,49,2024-02-19,2,502.25,41,0,Email
428,536,317,2024-01-15,4,826.55,44,0,Email
429,146,280,2024-08-30,4,171.36,18,1,Ads
430,376,305,2024-05-06,4,415.05,5,1,Email
431,311,271,2024-03-06,2,738.21,38,1,Ads
432,276,65,2024-10-31,5,550.17,17,1,Email
433,823,27,2024-10-28,2,1033.56,41,0,Email
434,848,305,2024-06-29,5,963.63,21,1,Ads
435,701,215,2024-12-19,1,1031.46,37,0,Direct
436,290,8,2024-04-16,4,374.14,23,0,Ads
437,622,158,2024-02-09,2,537.79,36,1,Social
438,608,12,2024-10-26,3,833.18,22,1,Ads
439,830,211,2024-10-09,5,542.11,3,1,Ads
440,796,104,2024-08-07,1,1035.75,35,1,Direct
441,239,95,2024-07-03,5,688.3,33,0,Social
442,913,365,2024-03-06,5,553.07,12,1,Social
443,412,115,2024-12-24,2,928.14,48,1,Direct
444,997,132,2024-01-07,5,616.43,28,1,Social
445,342,234,2024-08-08,1,801.77,20,1,Email
446,980,330,2024-05-30,3,570.51,51,0,Ads
447,36,168,2024-11-05,4,1088.28,59,1,Direct
448,504,239,2024-01-04,5,655.45,1,1,Ads
449,642,60,2024-01-16,4,537.28,24,1,Direct
450,217,93,2024-02-29,3,782.36,31,0,Ads
451,596,29,2024-09-07,5,1055.5,41,0,Email
452,333,28,2024-11-19,5,866.5,45,0,Direct
453,521,260,2024-02-01,3,624.97,34,0,Social
454,993,220,2024-02-07,3,1198.63,35,0,Ads
455,556,145,2024-03-14,4,58.06,22,1,Ads
456,175,399,2024-11-13,1,1093.43,16,0,Social
457,415,127,2024-01-22,5,907.63,44,0,Direct
458,995,328,2024-05-27,3,418.95,57,0,Email
459,409,140,2024-05-13,4,530.43,8,1,Direct
460,563,83,2024-11-02,4,1077.3,33,1,Social
461,337,62,2024-04-16,4,1013.23,16,1,Social
462,819,261,2024-02-01,3,81.7,56,0,Social
463,960,308,2024-08-06,3,163.71,46,0,Ads
464,313,90,2024-06-26,1,388.9,42,1,Ads
465,656,127,2024-07-22,1,84.77,18,0,Ads
466,901,363,2024-11-18,4,518.62,1,0,Ads
467,158,139,2024-10-15,2,439.59,39,1,Email
468,922,382,2024-11-17,4,1092.78,12,1,Email
469,702,127,2024-07-03,4,427.58,19,1,Email
470,427,343,2024-08-15,4,576.36,7,1,Direct
471,781,56,2024-08-22,3,530.63,12,1,Social
472,146,208,2024-11-05,5,1088.89,31,0,Social
473,325,46,2024-10-01,5,820.75,41,0,Ads
474,629,57,2024-04-20,5,1143.99,35,0,Ads
475,494,192,2024-08-09,3,611.05,8,0,Ads
476,671,263,2024-05-16,3,683.26,48,1,Social
477,451,179,2024-08-01,2,362.79,1,0,Social
478,471,336,2024-09-30,3,1039.78,12,1,Ads
479,108,240,2024-03-22,4,183.91,48,0,Ads
480,886,347,2024-12-03,2,571.41,36,1,Social
481,188,333,2024-08-07,5,634.5,1,1,Email
482,325,400,2024-01-09,5,646.34,48,0,Ads
483,203,256,2024-08-07,3,1151.47,3,0,Ads
484,744,248,2024-04-17,5,172.71,54,1,Direct
485,148,22,2024-10-13,3,1054.54,5,1,Direct
486,481,223,2024-03-07,3,1041.64,56,0,Ads
487,993,132,2024-02-20,5,231.57,23,1,Email
488,294,298,2024-08-30,3,754.31,39,1,Email
489,320,9,2024-03-15,1,1098.46,35,0,Direct
490,976,55,2024-12-19,3,885.42,10,1,Social
491,654,60,2024-11-21,1,158.38,8,1,Ads
492,350,41,2024-07-20,3,237.71,8,0,Social
493,704,359,2024-12-29,5,84.91,14,0,Direct
494,469,251,2024-10-09,1,74.83,44,1,Direct
495,55,219,2024-02-12,2,1149.91,35,1,Email
496,761,309,2024-09-15,2,1039.81,54,0,Social
497,608,328,2024-03-28,2,131.45,45,0,Social
498,872,297,2024-06-02,5,187.9,20,0,Social
499,379,350,2024-07-08,5,1170.43,1,1,Direct
500,274,379,2024-05-08,2,455.48,9,0,Direct
501,987,223,2024-12-11,1,1025.59,60,0,Direct
502,899,33,2024-01-27,5,1175.12,27,1,Social
503,19,209,2024-02-21,4,905.03,39,1,Direct
504,684,356,2024-06-07,2,905.58,31,1,Social
505,429,383,2024-09-20,2,305.44,51,1,Email
506,550,162,2024-11-26,2,724.6,25,1,Ads
507,872,379,2024-02-01,1,1010.02,42,0,Direct
508,96,241,2024-08-30,2,117.59,10,0,Ads
509,519,101,2024-08-10,2,984.13,18,0,Social
510,989,197,2024-01-09,3,677.09,57,0,Email
511,289,264,2024-05-27,3,517.3,4,0,Email
512,92,209,2024-03-09,1,675.86,14,1,Email
513,394,306,2024-01-10,1,766.4,46,1,Email
514,180,222,2024-07-05,4,1044.98,13,0,Ads
515,674,120,2024-01-21,4,174.48,12,0,Ads
516,594,256,2024-09-01,2,90.03,26,1,Ads
517,238,279,2024-01-04,4,737.68,50,0,Ads
518,456,158,2024-04-04,3,483.6,43,1,Email
519,393,326,2024-12-17,2,442.27,24,1,Direct
520,383,239,2024-02-26,2,771.56,43,1,Direct
521,828,12,2024-04-08,1,369.16,30,1,Email
522,952,229,2024-07-10,4,878.03,13,0,Direct
523,359,290,2024-03-29,3,178.05,5,0,Email
524,901,275,2024-01-22,4,1079.83,40,0,Direct
525,595,279,2024-09-23,1,1120.36,59,1,Direct
526,172,394,2024-04-24,1,227.4,39,1,Ads
527,109,48,2024-01-27,2,437.27,42,0,Direct
528,422,24,2024-12-17,3,495.41,30,0,Ads
529,315,282,2024-12-28,2,319.05,4,0,Email
530,249,143,2024-02-15,4,909.28,8,1,Social
531,949,328,2024-06-27,3,922.05,25,0,Social
532,779,62,2024-05-09,4,246.69,2,1,Social
533,823,277,2024-10-13,5,159.62,2,1,Email
534,981,316,2024-02-11,3,124.74,52,0,Direct
535,400,313,2024-01-09,5,561.14,44,0,Ads
536,122,314,2024-06-13,1,1110.89,60,0,Email
537,262,236,2024-12-11,2,576.88,6,1,Email
538,756,336,2024-04-23,1,442.28,15,0,Direct
539,912,367,2024-03-01,1,157.26,40,0,Direct
540,836,282,2024-03-09,5,104.36,4,0,Ads
541,202,69,2024-12-16,2,605.55,60,1,Social
542,252,16,2024-04-01,4,999.05,60,1,Ads
543,347,104,2024-07-28,1,864.3,28,1,Ads
544,258,103,2024-08-09,2,80.07,9,0,Direct
545,874,150,2024-07-17,4,232.86,44,0,Social
546,106,131,2024-01-25,2,865.75,20,1,Direct
547,993,40,2024-05-24,5,913.28,60,1,Email
548,48,205,2024-08-08,3,834.5,49,0,Direct
549,459,28,2024-10-25,1,560.62,50,1,Direct
550,655,19,2024-12-04,5,639.98,28,1,Ads
551,209,127,2024-05-16,4,581.64,33,1,Email
552,245,118,2024-09-10,5,884.44,34,1,Email
553,260,252,2024-07-06,4,75.14,10,0,Direct
554,221,192,2024-08-27,3,519.53,5,1,Social
555,85,385,2024-08-08,1,1022.61,40,0,Ads
556,352,299,2024-09-23,5,861.6,46,0,Email
557,822,114,2024-01-08,3,416.26,12,1,Ads
558,419,382,2024-03-30,2,826.12,44,1,Social
559,505,351,2024-03-10,3,805.54,9,1,Ads
560,815,17,2024-09-23,4,55.47,50,0,Direct
561,245,326,2024-12-13,2,73.65,26,1,Direct
562,361,321,2024-03-21,2,1018.93,48,0,Email
563,295,78,2024-01-16,3,141.94,49,1,Direct
564,9,6,2024-10-02,1,1027.03,12,1,Social
565,943,76,2024-02-13,5,417.09,18,1,Direct
566,984,237,2024-09-22,5,524.78,2,0,Direct
567,618,161,2024-09-07,3,976.29,60,1,Social
568,702,284,2024-08-28,2,609.06,18,0,Social
569,923,195,2024-04-17,4,540.45,52,1,Ads
570,19,98,2024-01-30,1,154.95,23,1,Ads
571,306,5,2024-11-08,5,767.01,23,1,Email
572,850,59,2024-01-27,4,867.09,18,1,Ads
573,45,281,2024-01-11,3,511.21,59,1,Ads
574,54,74,2024-02-16,1,595.27,50,1,Direct
575,352,197,2024-05-15,1,39.52,32,1,Email
576,121,182,2024-05-10,4,859.3,31,0,Direct
577,851,247,2024-06-30,3,328.06,59,1,Ads
578,331,143,2024-04-17,2,291.1,54,1,Social
579,727,243,2024-08-08,4,55.45,11,0,Ads
580,88,25,2024-05-09,1,887.37,23,0,Email
581,340,354,2024-06-18,3,1099.59,20,0,Social
582,931,50,2024-10-29,4,1191.83,10,1,Ads
583,985,258,2024-03-13,3,812.42,44,1,Social
584,784,11,2024-10-10,5,733.75,8,0,Ads
585,935,38,2024-01-03,4,88.25,21,1,Social
586,62,274,2024-08-09,4,24.83,30,0,Social
587,753,269,2024-06-01,3,275.94,5,0,Ads
588,406,399,2024-11-06,4,602.62,18,1,Social
589,505,52,2024-10-24,3,877.22,31,1,Email
590,336,399,2024-01-19,2,425.95,38,0,Social
591,948,155,2024-10-07,5,915.18,14,0,Email
592,210,133,2024-10-21,1,268.58,44,0,Email
593,870,357,2024-12-24,1,313.34,4,0,Email
594,621,238,2024-09-24,5,197.73,36,0,Email
595,706,68,2024-03-01,5,361.1,15,1,Ads
596,189,313,2024-07-03,1,366.46,33,1,Email
597,107,71,2024-04-14,4,947.91,40,0,Email
598,625,218,2024-02-16,1,664.07,39,1,Ads
599,438,77,2024-05-16,2,875.52,11,0,Direct
600,351,296,2024-08-18,5,487.18,25,1,Direct
601,467,264,2024-05-14,5,1150.57,5,0,Direct
602,60,189,2024-09-29,2,549.14,2,1,Social
603,454,178,2024-01-03,1,843.66,23,0,Email
604,321,164,2024-12-27,3,651.02,4,1,Direct
605,278,76,2024-10-09,2,906.93,24,0,Ads
606,438,298,2024-07-19,4,888.74,60,1,Email
607,804,325,2024-11-25,4,714.71,52,1,Email
608,525,7,2024-08-06,1,852.47,22,1,Social
609,554,30,2024-12-22,2,109.41,32,1,Social
610,28,361,2024-03-29,4,484.63,5,0,Email
611,302,145,2024-12-15,3,220.82,29,0,Social
612,196,392,2024-03-26,5,788.21,14,1,Direct
613,571,307,2024-08-27,5,1132.38,48,0,Email
614,198,87,2024-10-02,2,154.38,54,0,Direct
615,106,191,2024-09-01,2,241.51,49,1,Email
616,441,348,2024-09-18,3,261.49,52,0,Email
617,252,109,2024-03-29,5,818.58,4,0,Ads
618,907,4,2024-07-25,2,120.25,53,1,Email
619,651,90,2024-01-14,3,324.41,18,0,Direct
620,296,211,2024-08-21,1,84.63,37,1,Social
621,454,216,2024-04-05,4,146.01,17,1,Email
622,737,159,2024-04-06,4,1021.94,43,0,Email
623,411,226,2024-06-16,3,328.96,13,0,Email
624,977,399,2024-04-12,5,1090.29,50,0,Social
625,879,167,2024-03-12,2,238.26,6,0,Direct
626,118,23,2024-05-29,3,885.51,8,1,Direct
627,103,109,2024-03-01,5,742.26,53,0,Email
628,121,7,2024-11-04,3,49.63,60,1,Social
629,974,305,2024-04-26,4,679.73,12,0,Email
630,329,208,2024-08-01,3,729.92,38,0,Ads
631,60,367,2024-07-03,5,330.59,16,1,Email
632,937,88,2024-05-06,2,597.12,48,0,Social
633,477,112,2024-05-29,5,377.3,13,1,Direct
634,696,10,2024-02-05,1,459.25,6,0,Social
635,671,355,2024-11-06,2,710.36,39,1,Email
636,619,141,2024-07-11,3,991.32,29,0,Social
637,360,378,2024-02-14,5,675.25,7,0,Email
638,875,151,2024-05-06,3,172.4,49,0,Email
639,455,296,2024-03-11,2,351.83,32,1,Social
640,832,309,2024-10-18,2,293.98,58,1,Direct
641,335,11,2024-09-27,1,888.01,15,0,Email
642,463,338,2024-07-15,1,772.92,47,1,Ads
643,649,237,2024-02-13,1,1063.47,6,0,Email
644,326,243,2024-11-19,3,282.74,5,1,Social
645,881,307,2024-12-16,5,976.08,33,0,Direct
646,127,245,2024-03-20,2,619.67,29,0,Email
647,933,20,2024-01-06,3,654.62,9,1,Ads
648,50,150,2024-01-06,2,861.69,44,0,Email
649,305,325,2024-06-06,3,668.38,3,0,Email
650,727,165,2024-05-26,2,579.86,17,1,Direct
651,73,20,2024-09-16,4,162.22,5,1,Ads
652,986,75,2024-07-29,4,1029.65,25,1,Social
653,529,230,2024-03-10,2,391.5,34,1,Email
654,77,283,2024-08-18,4,273.93,9,1,Social
655,773,217,2024-05-05,4,87.76,58,1,Direct
656,316,317,2024-01-01,5,766.87,25,1,Direct
657,359,262,2024-04-24,1,300.6,25,0,Direct
658,630,17,2024-11-30,4,900.0,21,1,Ads
659,596,298,2024-12-06,1,366.1,35,0,Email
660,154,161,2024-03-13,5,338.11,15,1,Direct
661,789,172,2024-06-18,1,373.21,28,0,Ads
662,388,49,2024-07-30,5,1006.01,57,1,Social
663,631,25,2024-02-03,3,696.03,18,0,Email
664,722,85,2024-11-06,3,656.3,6,1,Social
665,179,279,2024-08-07,5,485.29,14,1,Email
666,260,92,2024-11-16,5,55.33,49,0,Ads
667,630,379,2024-01-29,3,949.32,41,0,Ads
668,366,122,2024-04-28,5,1125.61,2,1,Email
669,571,16,2024-12-24,3,1025.38,1,0,Ads
670,990,168,2024-09-16,1,116.93,37,0,Direct
671,704,324,2024-10-15,2,1180.32,56,0,Direct
672,341,129,2024-06-19,3,975.8,19,0,Direct
673,779,338,2024-09-19,4,606.26,10,1,Direct
674,341,25,2024-02-23,4,915.51,14,1,Email
675,477,15,2024-05-28,5,755.47,56,0,Ads
676,641,25,2024-09-24,3,186.92,14,0,Ads
677,212,386,2024-09-29,2,342.46,3,1,Ads
678,374,120,2024-08-28,4,1129.7,17,0,Ads
679,981,293,2024-04-06,3,823.79,5,1,Direct
680,704,175,2024-08-01,1,809.58,10,0,Email
681,304,188,2024-11-21,1,607.96,19,0,Email
682,183,168,2024-07-24,4,676.75,45,0,Direct
683,515,296,2024-07-31,3,889.91,49,0,Direct
684,414,357,2024-03-18,5,564.3,22,0,Email
685,940,394,2024-04-01,4,786.94,19,0,Email
686,887,237,2024-02-22,5,868.3,27,0,Direct
687,533,132,2024-06-21,4,769.71,41,0,Ads
688,978,364,2024-07-25,1,681.64,14,1,Social
689,697,355,2024-05-18,2,900.67,50,0,Direct
690,331,347,2024-01-10,1,836.77,5,0,Social
691,899,201,2024-01-15,3,639.06,46,1,Direct
692,339,72,2024-09-07,5,1185.21,48,0,Ads
693,856,267,2024-01-14,3,23.93,60,1,Social
694,229,347,2024-12-28,1,396.58,43,1,Email
695,882,246,2024-08-27,1,835.76,2,1,Email
696,920,115,2024-10-06,4,412.39,46,0,Ads
697,12,268,2024-07-19,3,1002.33,37,0,Direct
698,850,8,2024-06-01,1,604.69,58,0,Direct
699,301,220,2024-09-20,3,692.18,12,1,Social
700,398,74,2024-10-20,5,783.0,19,0,Ads
701,499,384,2024-02-13,1,936.76,11,1,Social
702,411,69,2024-09-15,2,470.78,59,0,Direct
703,152,342,2024-11-14,2,435.35,16,1,Ads
704,331,113,2024-09-14,4,651.92,2,1,Social
705,339,296,2024-11-22,2,992.53,46,1,Direct
706,503,60,2024-02-09,4,1077.81,15,1,Social
707,165,274,2024-01-08,4,1134.39,1,1,Email
708,376,286,2024-06-17,4,257.45,55,1,Email
709,396,386,2024-06-15,4,1127.05,18,0,Social
710,72,28,2024-03-08,4,944.52,59,0,Social
711,792,129,2024-06-16,3,232.79,17,0,Ads
712,569,118,2024-07-22,5,92.22,3,0,Social
713,766,275,2024-11-18,1,344.68,23,1,Email
714,784,281,2024-12-08,3,558.83,39,1,Ads
715,257,204,2024-04-16,2,61.52,49,0,Ads
716,625,126,2024-06-10,3,964.2,34,1,Ads
717,566,386,2024-07-25,3,297.12,38,1,Social
718,125,367,2024-04-30,5,373.49,31,0,Social
719,838,384,2024-07-06,5,1068.0,38,1,Social
720,140,251,2024-08-31,1,1025.53,26,1,Email
721,617,67,2024-02-09,4,335.76,41,0,Email
722,422,168,2024-02-04,2,252.41,59,0,Social
723,756,5,2024-11-09,2,127.06,15,1,Direct
724,143,113,2024-06-12,5,1145.44,40,0,Direct
725,597,323,2024-01-31,1,305.16,36,1,Direct
726,631,196,2024-11-23,3,716.85,29,1,Ads
727,836,93,2024-07-18,3,604.02,50,0,Social
728,913,398,2024-04-25,3,967.95,51,1,Social
729,214,6,2024-09-09,5,278.76,7,0,Direct
730,986,112,2024-10-27,4,347.18,37,0,Direct
731,291,367,2024-02-22,1,471.56,58,0,Social
732,400,259,2024-12-26,3,213.47,34,1,Social
733,167,49,2024-11-26,4,801.82,6,0,Social
734,503,377,2024-07-30,2,380.95,22,1,Email
735,832,233,2024-02-09,1,65.43,16,0,Ads
736,374,125,2024-07-30,1,528.83,53,0,Ads
737,332,194,2024-02-13,3,485.86,46,1,Ads
738,548,128,2024-12-06,4,1138.26,49,1,Direct
739,163,7,2024-05-30,5,169.91,13,0,Ads
740,918,326,2024-03-16,5,518.38,40,0,Social
741,934,132,2024-10-27,3,563.66,7,1,Email
742,329,4,2024-11-17,5,395.39,44,1,Direct
743,38,205,2024-03-30,2,172.16,45,1,Email
744,983,16,2024-07-15,5,155.9,53,0,Email
745,651,220,2024-02-14,1,1153.95,20,0,Direct
746,270,395,2024-10-30,2,31.79,57,0,Email
747,764,298,2024-04-26,3,424.82,37,0,Email
748,68,388,2024-02-24,3,576.26,42,0,Email
749,166,249,2024-10-11,2,53.14,15,1,Social
750,385,36,2024-07-18,1,339.98,16,0,Social
751,881,272,2024-08-29,4,294.76,15,0,Ads
752,503,378,2024-06-28,5,533.25,12,1,Direct
753,934,73,2024-11-26,3,62.62,30,1,Ads
754,195,265,2024-04-17,1,353.53,30,0,Social
755,417,11,2024-09-13,1,278.9,30,1,Email
756,696,67,2024-12-12,5,368.27,16,1,Direct
757,828,244,2024-09-16,2,489.47,34,0,Social
758,613,136,2024-10-23,1,320.72,28,1,Direct
759,114,278,2024-03-14,4,1196.25,19,1,Email
760,315,205,2024-03-06,4,719.87,58,0,Email
761,566,313,2024-01-26,2,510.22,12,1,Ads
762,537,224,2024-06-28,1,596.12,26,0,Email
763,644,222,2024-12-13,5,224.6,2,1,Direct
764,518,293,2024-12-11,2,141.11,40,1,Ads
765,111,71,2024-02-12,4,926.09,48,1,Email
766,740,356,2024-08-15,5,1141.19,14,0,Direct
767,671,317,2024-04-21,2,298.6,45,1,Ads
768,429,131,2024-10-22,3,485.5,19,1,Direct
769,678,191,2024-10-19,4,800.1,22,0,Email
770,410,172,2024-07-15,2,155.3,10,0,Social
771,733,303,2024-01-07,1,1056.79,14,1,Direct
772,796,125,2024-06-14,1,1186.84,33,0,Ads
773,360,184,2024-10-16,4,104.09,34,0,Social
774,610,384,2024-07-24,1,1136.23,34,0,Ads
775,177,222,2024-09-09,2,998.88,44,1,Ads
776,169,266,2024-12-01,5,1030.47,41,0,Email
777,874,127,2024-08-11,4,882.12,13,0,Direct
778,141,60,2024-05-08,1,957.18,44,1,Social
779,688,252,2024-10-13,5,997.76,39,1,Ads
780,740,178,2024-08-26,1,206.27,9,0,Email
781,365,342,2024-07-21,3,1050.51,17,1,Ads
782,756,184,2024-01-17,1,421.31,26,0,Ads
783,114,146,2024-07-27,5,768.74,59,1,Social
784,370,39,2024-10-10,5,462.24,30,1,Direct
785,483,143,2024-06-22,2,706.78,19,0,Ads
786,821,396,2024-09-18,4,1149.01,32,0,Ads
787,797,208,2024-01-14,5,1146.93,26,1,Social
788,942,300,2024-01-31,4,808.52,7,1,Direct
789,949,300,2024-07-01,5,392.35,10,0,Email
790,776,339,2024-08-16,5,1110.22,37,1,Direct
791,931,9,2024-08-25,4,713.88,33,1,Email
792,641,102,2024-04-06,5,910.2,44,1,Ads
793,871,281,2024-02-22,5,622.91,9,1,Email
794,913,198,2024-04-08,1,804.77,36,0,Ads
795,307,303,2024-04-01,1,997.2,40,0,Social
796,553,336,2024-03-18,5,1075.25,18,1,Ads
797,237,234,2024-10-24,1,71.6,29,0,Email
798,64,52,2024-12-20,1,1114.62,41,0,Direct
799,54,355,2024-04-08,1,1025.04,18,0,Social
800,796,360,2024-08-07,3,711.32,46,1,Social
801,14,231,2024-10-16,3,361.03,13,1,Direct
802,93,24,2024-11-29,5,518.12,18,0,Ads
803,656,178,2024-03-12,4,726.82,36,1,Email
804,765,279,2024-02-09,5,156.43,21,1,Social
805,907,275,2024-04-07,2,332.6,32,0,Direct
806,38,9,2024-01-31,5,235.92,11,0,Email
807,435,74,2024-10-08,4,554.46,11,1,Ads
808,705,200,2024-10-12,3,703.44,18,0,Ads
809,118,243,2024-07-25,1,690.14,17,1,Social
810,899,167,2024-12-23,5,682.66,19,0,Ads
811,578,125,2024-09-12,3,538.72,29,0,Social
812,694,210,2024-03-20,2,345.23,54,0,Email
813,656,335,2024-07-12,4,1116.36,19,1,Ads
814,159,73,2024-07-07,2,760.47,41,0,Email
815,618,315,2024-09-10,1,902.19,9,0,Email
816,692,42,2024-02-02,2,450.26,43,0,Email
817,676,81,2024-01-09,2,687.75,9,0,Email
818,725,369,2024-10-18,5,73.01,18,0,Direct
819,278,190,2024-04-15,2,29.63,30,0,Email
820,495,136,2024-06-13,5,120.53,21,0,Email
821,272,279,2024-11-17,4,600.84,18,0,Email
822,714,14,2024-01-31,5,417.12,9,0,Direct
823,898,199,2024-11-03,1,158.31,59,1,Ads
824,142,249,2024-04-04,5,884.03,36,0,Ads
825,909,30,2024-08-23,3,351.94,47,0,Ads
826,644,60,2024-03-14,2,640.1,57,1,Ads
827,38,296,2024-04-28,4,307.97,3,0,Social
828,660,44,2024-11-18,4,224.9,33,0,Ads
829,943,209,2024-04-22,2,457.8,26,0,Email
830,253,269,2024-11-26,3,828.34,35,1,Social
831,385,380,2024-08-14,3,116.76,39,0,Direct
832,97,381,2024-09-21,4,531.63,20,0,Email
833,101,167,2024-06-15,5,273.05,38,0,Ads
834,551,95,2024-01-18,1,1114.27,53,0,Ads
835,888,251,2024-05-20,1,680.32,32,1,Email
836,554,392,2024-02-03,4,792.24,33,1,Ads
837,528,46,2024-04-04,5,983.34,40,0,Social
838,163,339,2024-11-10,1,275.35,36,0,Email
839,440,5,2024-01-31,3,203.07,18,0,Direct
840,627,51,2024-12-05,5,313.1,60,1,Social
841,713,287,2024-01-13,3,354.83,52,0,Email
842,617,62,2024-12-10,2,1066.91,44,0,Social
843,572,279,2024-02-24,4,437.57,22,0,Direct
844,523,151,2024-01-04,5,292.02,47,1,Ads
845,212,194,2024-09-07,3,444.7,51,1,Email
846,203,16,2024-07-17,4,1176.52,1,0,Ads
847,342,43,2024-02-12,1,769.25,21,1,Social
848,774,42,2024-12-25,1,508.74,9,0,Ads
849,899,167,2024-04-12,2,1014.32,6,0,Social
850,80,382,2024-07-17,3,174.1,23,0,Ads
851,850,249,2024-08-07,5,99.26,30,1,Ads
852,398,36,2024-05-21,2,769.9,31,1,Email
853,104,98,2024-08-01,4,727.04,33,1,Ads
854,707,272,2024-06-29,5,924.69,27,0,Direct
855,58,63,2024-03-14,2,645.57,50,1,Email
856,116,134,2024-03-24,2,871.73,31,0,Social
857,310,260,2024-11-26,1,81.16,18,1,Direct
858,439,261,2024-08-01,5,965.94,10,1,Email
859,774,276,2024-12-26,2,1047.99,54,0,Direct
860,373,277,2024-11-03,4,697.04,43,1,Social
861,1000,26,2024-02-11,5,217.22,35,0,Ads
862,299,30,2024-05-21,2,260.73,14,0,Ads
863,377,193,2024-07-08,4,116.2,35,1,Direct
864,768,236,2024-08-18,2,38.65,48,0,Email
865,370,220,2024-12-30,4,358.35,14,1,Ads
866,108,226,2024-06-10,4,680.07,1,1,Social
867,318,235,2024-01-15,3,569.33,56,1,Social
868,742,308,2024-06-03,3,859.2,51,0,Social
869,535,288,2024-08-31,4,960.95,25,1,Direct
870,527,113,2024-01-22,4,1129.7,53,0,Ads
871,442,26,2024-10-06,4,1080.32,39,0,Email
872,535,5,2024-12-01,3,268.26,50,1,Email
873,180,245,2024-11-15,5,35.58,18,1,Email
874,97,279,2024-04-02,5,550.07,42,0,Direct
875,752,191,2024-04-24,3,383.44,56,0,Direct
876,564,119,2024-08-16,1,453.09,32,0,Social
877,267,109,2024-07-31,5,364.04,28,1,Social
878,680,292,2024-11-23,4,1176.75,56,1,Ads
879,741,153,2024-01-14,2,643.4,56,1,Ads
880,242,310,2024-09-09,1,559.36,36,1,Social
881,289,48,2024-06-06,4,603.86,53,1,Direct
882,702,87,2024-05-27,2,553.51,8,1,Direct
883,674,214,2024-09-29,3,801.27,37,1,Ads
884,192,154,2024-06-13,1,382.08,43,0,Direct
885,97,187,2024-07-12,4,738.32,58,0,Direct
886,718,291,2024-03-22,4,196.98,30,1,Social
887,948,168,2024-09-06,1,1003.48,30,1,Social
888,570,225,2024-06-26,2,165.6,36,1,Email
889,225,18,2024-10-24,2,200.21,33,1,Ads
890,242,265,2024-11-17,3,178.65,25,1,Direct
891,97,189,2024-11-24,2,817.37,46,1,Direct
892,7,177,2024-10-06,2,758.31,41,0,Social
893,413,370,2024-10-06,2,1136.68,42,0,Direct
894,955,283,2024-01-06,4,535.72,6,1,Direct
895,410,242,2024-12-27,5,770.0,54,0,Social
896,414,32,2024-05-06,5,808.35,6,0,Email
897,266,256,2024-06-22,1,453.85,2,1,Direct
898,10,341,2024-03-13,4,234.74,23,1,Direct
899,632,202,2024-10-29,1,1115.83,38,1,Social
900,458,100,2024-08-20,3,602.01,25,0,Email
901,88,351,2024-04-18,1,611.77,52,1,Email
902,606,111,2024-08-12,1,1032.69,1,0,Email
903,756,130,2024-06-22,1,539.24,18,1,Social
904,825,357,2024-04-06,2,43.45,34,1,Direct
905,445,241,2024-06-04,2,228.7,1,0,Ads
906,119,358,2024-04-25,2,686.88,25,1,Direct
907,20,131,2024-10-28,5,261.84,33,1,Social
908,262,251,2024-05-05,5,236.84,56,0,Social
909,980,210,2024-04-29,5,775.09,59,0,Direct
910,264,189,2024-03-31,4,826.87,13,1,Social
911,437,170,2024-02-09,4,557.61,34,1,Social
912,179,323,2024-06-20,3,655.53,46,0,Direct
913,200,399,2024-09-08,5,185.2,44,0,Email
914,844,195,2024-11-21,2,933.51,51,0,Ads
915,805,205,2024-11-24,1,998.31,10,0,Social
916,585,228,2024-08-03,5,814.82,25,0,Email
917,517,42,2024-10-08,2,473.87,30,1,Direct
918,508,151,2024-06-20,5,635.01,12,0,Direct
919,797,110,2024-06-10,4,29.71,60,0,Ads
920,333,194,2024-10-12,3,770.66,58,0,Direct
921,117,108,2024-06-02,3,223.0,22,1,Email
922,236,236,2024-08-07,5,672.52,25,1,Ads
923,49,91,2024-08-27,3,1123.59,7,0,Ads
924,258,313,2024-08-28,2,263.45,59,1,Ads
925,302,34,2024-08-05,3,237.0,31,0,Ads
926,284,37,2024-01-20,3,704.36,41,1,Social
927,724,282,2024-03-10,3,774.23,2,1,Direct
928,428,143,2024-04-28,1,928.95,36,0,Social
929,855,34,2024-03-26,2,256.91,16,1,Direct
930,939,365,2024-01-04,5,406.02,47,1,Email
931,248,337,2024-12-31,5,246.86,5,1,Direct
932,192,121,2024-07-15,2,257.89,28,0,Ads
933,833,295,2024-08-04,5,830.57,13,1,Email
934,265,220,2024-08-21,2,575.2,30,0,Direct
935,456,146,2024-01-02,3,1163.42,8,1,Direct
936,62,2,2024-02-18,2,1133.15,60,0,Direct
937,295,261,2024-09-30,1,359.27,35,1,Ads
938,299,237,2024-06-25,1,968.43,50,1,Ads
939,451,4,2024-02-08,5,637.22,21,1,Ads
940,492,40,2024-04-10,5,495.35,20,0,Email
941,203,357,2024-12-06,2,104.59,12,0,Direct
942,911,394,2024-02-13,4,463.74,54,0,Social
943,574,124,2024-07-08,3,697.67,52,0,Social
944,297,39,2024-01-25,5,140.83,48,0,Ads
945,269,252,2024-06-24,1,142.05,3,0,Email
946,913,234,2024-06-12,1,399.6,57,1,Social
947,700,344,2024-01-26,2,207.18,41,1,Social
948,74,377,2024-05-24,3,828.38,4,1,Social
949,641,22,2024-04-21,2,17.07,58,0,Ads
950,867,308,2024-12-26,2,1115.97,52,0,Ads
951,484,82,2024-10-29,1,809.93,13,0,Ads
952,617,391,2024-08-22,5,282.26,10,0,Direct
953,697,298,2024-09-27,2,815.84,11,1,Email
954,323,336,2024-05-31,4,83.32,13,0,Social
955,834,2,2024-03-04,3,109.1,28,1,Social
956,169,18,2024-03-23,2,678.55,36,0,Direct
957,190,163,2024-12-26,1,767.55,3,1,Ads
958,74,182,2024-06-22,1,35.72,54,1,Ads
959,362,39,2024-03-29,4,32.98,7,1,Email
960,648,264,2024-11-01,5,152.64,10,1,Direct
961,239,304,2024-05-25,5,1121.96,57,1,Email
962,454,277,2024-03-27,4,16.56,27,0,Ads
963,73,303,2024-10-29,5,909.04,21,1,Direct
964,53,372,2024-10-10,3,738.12,4,0,Email
965,894,267,2024-07-24,4,914.01,53,1,Email
966,800,248,2024-03-29,1,435.73,32,0,Direct
967,688,68,2024-09-26,1,215.8,2,1,Direct
968,831,115,2024-06-26,3,315.75,55,0,Ads
969,733,131,2024-05-25,2,437.25,2,0,Direct
970,767,157,2024-01-13,4,676.43,26,1,Social
971,946,172,2024-02-14,3,45.13,57,1,Direct
972,42,287,2024-11-28,1,149.18,1,0,Ads
973,745,277,2024-02-10,1,1091.83,33,1,Email
974,319,127,2024-11-16,2,1085.15,48,1,Ads
975,222,380,2024-05-30,2,305.9,7,0,Social
976,52,76,2024-03-01,3,42.05,47,0,Ads
977,936,123,2024-10-04,5,29.8,55,1,Direct
978,281,209,2024-06-23,4,344.02,37,0,Direct
979,180,48,2024-03-21,1,179.24,54,1,Email
980,388,24,2024-09-03,4,1164.45,48,0,Direct
981,628,116,2024-01-10,1,37.43,13,0,Social
982,162,8,2024-02-02,3,52.49,19,1,Social
983,117,244,2024-12-05,1,365.37,59,0,Email
984,305,71,2024-03-06,3,1149.31,23,1,Email
985,571,34,2024-10-16,5,573.75,52,0,Email
986,305,165,2024-10-09,5,232.24,7,0,Direct
987,324,155,2024-12-20,2,252.09,20,1,Email
988,388,388,2024-10-14,2,33.77,47,0,Email
989,283,153,2024-09-11,4,500.78,15,1,Direct
990,29,315,2024-02-09,4,601.12,12,1,Ads
991,276,41,2024-03-20,1,1014.1,22,0,Direct
992,912,204,2024-03-20,1,771.68,59,1,Direct
993,985,23,2024-01-19,3,1063.65,52,1,Direct
994,497,314,2024-07-05,2,573.75,28,1,Email
995,259,302,2024-10-11,2,553.99,50,0,Ads
996,319,84,2024-01-12,2,1008.63,2,1,Ads
997,450,72,2024-12-01,1,724.59,54,0,Direct
998,237,70,2024-08-27,2,150.76,43,0,Ads
999,544,221,2024-12-08,4,629.53,50,1,Email
1000,474,74,2024-08-27,4,900.18,26,1,Direct
1001,442,334,2024-10-09,2,259.97,56,1,Social
1002,808,102,2024-02-08,5,426.18,57,1,Ads
1003,567,262,2024-10-24,5,496.08,16,1,Social
1004,150,78,2024-09-11,5,1095.14,54,0,Social
1005,271,284,2024-07-07,3,478.19,26,1,Email
1006,810,126,2024-02-21,5,797.59,59,1,Direct
1007,341,198,2024-05-20,5,631.12,17,0,Social
1008,48,154,2024-03-04,4,1162.89,37,0,Ads
1009,291,182,2024-03-18,3,703.49,25,0,Social
1010,622,20,2024-04-24,3,993.73,19,0,Social
1011,286,83,2024-11-13,1,504.05,30,0,Social
1012,766,60,2024-02-14,1,1074.13,36,0,Direct
1013,630,64,2024-03-15,5,1199.71,52,1,Email
1014,9,393,2024-07-06,5,652.19,25,0,Social
1015,174,187,2024-07-31,5,523.85,31,1,Email
1016,207,215,2024-10-03,4,650.51,3,0,Ads
1017,838,252,2024-10-24,3,704.47,1,1,Social
1018,855,377,2024-08-02,1,89.08,53,0,Email
1019,663,326,2024-12-14,1,1067.42,4,1,Ads
1020,992,256,2024-03-31,4,366.78,4,0,Direct
1021,428,37,2024-07-27,4,893.24,21,0,Ads
1022,409,359,2024-10-24,4,61.29,36,1,Direct
1023,791,36,2024-11-04,4,994.11,33,0,Direct
1024,589,43,2024-03-06,1,472.22,55,1,Direct
1025,453,193,2024-07-01,4,614.05,27,0,Direct
1026,538,196,2024-03-02,3,111.81,55,1,Ads
1027,263,226,2024-02-29,2,717.3,60,0,Email
1028,228,112,2024-11-17,4,56.48,7,0,Email
1029,953,4,2024-01-21,5,255.66,43,0,Direct
1030,43,277,2024-07-01,4,190.06,34,0,Email
1031,878,198,2024-01-30,3,901.01,17,0,Email
1032,51,154,2024-04-15,4,54.76,37,1,Social
1033,62,199,2024-04-16,3,322.51,11,0,Ads
1034,496,309,2024-10-21,3,30.61,43,0,Direct
1035,214,274,2024-08-09,5,268.73,45,1,Direct
1036,137,127,2024-04-07,1,559.06,58,0,Ads
1037,294,328,2024-07-06,5,810.11,32,0,Email
1038,731,109,2024-10-26,1,160.14,23,0,Direct
1039,40,273,2024-12-04,1,703.8,1,1,Ads
1040,686,159,2024-04-20,4,653.61,13,1,Ads
1041,547,18,2024-04-07,5,250.81,22,0,Social
1042,213,95,2024-01-03,4,1186.48,42,1,Social
1043,713,134,2024-05-14,2,352.32,32,1,Email
1044,693,104,2024-09-17,1,844.01,10,0,Ads
1045,704,78,2024-09-24,4,731.97,3,1,Ads
1046,338,111,2024-03-25,5,792.04,40,0,Social
1047,412,366,2024-08-27,3,1150.8,1,1,Social
1048,556,221,2024-01-06,2,1046.93,14,1,Direct
1049,853,13,2024-08-13,5,1122.72,5,1,Direct
1050,260,370,2024-05-15,4,159.73,41,0,Email
1051,246,216,2024-07-25,5,552.24,29,1,Ads
1052,205,223,2024-09-21,3,1186.03,17,0,Ads
1053,549,113,2024-09-15,2,1090.53,50,1,Direct
1054,890,147,2024-04-27,1,786.3,37,1,Email
1055,638,152,2024-07-14,1,239.84,14,0,Direct
1056,643,176,2024-10-20,1,363.63,52,0,Ads
1057,798,339,2024-06-30,2,252.82,55,1,Ads
1058,734,368,2024-02-26,3,565.91,17,1,Direct
1059,932,17,2024-03-10,1,460.86,17,0,Direct
1060,861,146,2024-01-25,5,54.32,22,0,Email
1061,497,295,2024-08-16,1,1147.69,31,1,Social
1062,439,195,2024-04-10,2,362.58,47,1,Direct
1063,526,31,2024-03-24,1,581.39,7,1,Social
1064,357,242,2024-12-27,2,962.56,21,1,Ads
1065,745,335,2024-05-14,3,152.75,57,0,Social
1066,219,106,2024-08-27,5,332.82,31,0,Ads
1067,211,221,2024-09-28,2,798.0,43,0,Ads
1068,470,246,2024-10-09,3,329.31,32,0,Direct
1069,584,43,2024-09-10,1,619.56,45,1,Ads
1070,674,193,2024-03-06,3,486.88,33,0,Direct
1071,582,103,2024-05-22,5,994.77,18,1,Social
1072,655,240,2024-06-10,5,1197.86,31,1,Social
1073,3,131,2024-12-28,2,985.39,6,1,Social
1074,898,193,2024-01-21,2,23.87,24,1,Direct
1075,71,324,2024-09-29,1,97.0,48,1,Direct
1076,105,217,2024-08-24,5,851.67,55,0,Email
1077,770,116,2024-01-25,2,714.04,45,1,Email
1078,254,221,2024-12-04,5,205.84,55,1,Email
1079,155,194,2024-01-19,5,757.11,48,0,Direct
1080,276,331,2024-06-29,4,963.71,27,1,Ads
1081,111,357,2024-10-08,4,737.95,39,0,Ads
1082,687,23,2024-04-28,4,228.42,6,1,Direct
1083,111,315,2024-02-09,4,66.93,7,0,Social
1084,101,300,2024-12-16,4,597.66,11,0,Social
1085,297,322,2024-03-14,3,923.14,13,1,Email
1086,146,126,2024-11-08,2,376.85,24,0,Direct
1087,473,24,2024-05-14,3,330.53,29,1,Email
1088,764,398,2024-01-27,4,296.84,60,0,Email
1089,160,103,2024-03-09,4,194.71,2,0,Email
1090,350,360,2024-09-25,4,501.44,25,1,Email
1091,173,120,2024-05-14,1,270.39,12,1,Direct
1092,304,136,2024-01-20,4,643.04,58,1,Social
1093,836,190,2024-09-11,2,457.14,4,1,Social
1094,408,323,2024-05-07,5,664.2,18,0,Ads
1095,94,177,2024-10-10,2,280.21,28,0,Direct
1096,427,132,2024-08-29,1,774.83,34,0,Direct
1097,699,370,2024-11-06,1,51.03,50,1,Social
1098,728,171,2024-06-04,3,43.79,10,0,Email
1099,284,275,2024-04-16,4,519.61,6,0,Email
1100,114,355,2024-07-09,5,537.13,41,1,Direct
1101,473,390,2024-11-10,1,316.11,14,1,Ads
1102,81,228,2024-07-07,4,49.78,13,1,Email
1103,419,131,2024-05-27,1,238.68,52,1,Email
1104,988,229,2024-05-12,4,544.28,26,1,Direct
1105,975,27,2024-02-28,4,389.72,27,1,Email
1106,974,154,2024-04-14,4,73.86,34,0,Direct
1107,417,325,2024-03-24,2,398.69,35,1,Social
1108,787,139,2024-05-01,3,90.4,17,0,Direct
1109,620,31,2024-03-26,5,497.33,55,0,Social
1110,945,105,2024-01-08,2,675.67,11,1,Email
1111,417,215,2024-11-25,3,280.16,7,0,Social
1112,637,83,2024-01-16,3,1024.89,39,1,Direct
1113,10,400,2024-06-29,3,942.93,58,1,Social
1114,420,233,2024-02-04,5,350.6,41,1,Ads
1115,612,2,2024-07-31,5,154.67,13,1,Direct
1116,231,58,2024-07-24,4,56.62,48,1,Direct
1117,647,315,2024-12-24,2,1095.49,43,1,Social
1118,680,354,2024-10-24,2,314.95,16,1,Social
1119,967,388,2024-05-15,3,664.36,27,1,Ads
1120,668,235,2024-08-14,5,957.66,17,0,Ads
1121,303,265,2024-08-22,5,1194.42,1,1,Ads
1122,745,49,2024-02-01,3,1176.55,40,1,Ads
1123,539,154,2024-02-17,2,378.5,12,1,Ads
1124,990,61,2024-02-21,4,561.69,26,1,Direct
1125,277,313,2024-07-26,5,27.3,45,1,Email
1126,655,296,2024-02-21,1,690.88,28,1,Social
1127,260,96,2024-08-17,2,384.18,43,1,Email
1128,513,352,2024-11-16,1,485.42,25,1,Direct
1129,488,206,2024-06-30,5,909.9,53,1,Social
1130,452,352,2024-05-21,5,738.24,3,1,Social
1131,175,340,2024-04-11,2,711.04,14,1,Email
1132,381,169,2024-07-11,2,947.72,12,1,Social
1133,674,265,2024-04-12,5,877.86,21,0,Ads
1134,830,326,2024-02-06,1,560.74,55,1,Social
1135,100,73,2024-10-03,5,385.84,5,1,Email
1136,351,320,2024-01-11,5,264.58,8,1,Social
1137,990,176,2024-08-15,2,263.14,6,0,Social
1138,265,171,2024-03-21,3,798.03,58,0,Ads
1139,920,332,2024-05-31,5,964.3,46,0,Direct
1140,542,94,2024-05-09,3,477.51,13,0,Social
1141,670,92,2024-09-23,2,564.68,9,1,Direct
1142,190,277,2024-08-27,5,46.8,58,0,Direct
1143,660,223,2024-06-18,2,536.83,29,0,Social
1144,292,22,2024-02-03,2,148.79,1,1,Social
1145,999,157,2024-02-10,4,1000.14,25,1,Direct
1146,272,222,2024-08-28,5,596.41,9,0,Ads
1147,326,342,2024-12-06,2,937.02,15,1,Direct
1148,645,228,2024-05-04,1,819.58,30,0,Ads
1149,837,228,2024-08-20,1,706.24,40,1,Social
1150,48,279,2024-09-01,5,358.63,58,1,Ads
1151,658,281,2024-09-11,4,122.81,54,1,Direct
1152,202,357,2024-05-03,5,1165.64,14,1,Ads
1153,135,124,2024-05-04,3,60.26,48,0,Ads
1154,58,167,2024-02-29,2,1121.63,56,0,Social
1155,817,286,2024-01-27,1,259.39,27,1,Direct
1156,34,396,2024-01-13,4,554.08,41,1,Ads
1157,59,188,2024-01-08,1,897.5,32,1,Direct
1158,863,44,2024-12-05,2,312.87,39,1,Social
1159,730,384,2024-05-10,3,970.99,25,1,Social
1160,646,308,2024-07-25,2,786.95,59,1,Direct
1161,129,114,2024-06-02,4,398.11,29,0,Direct
1162,622,275,2024-09-01,2,1107.29,39,0,Social
1163,24,150,2024-12-07,3,597.45,1,1,Social
1164,597,237,2024-07-08,5,966.53,54,1,Social
1165,361,148,2024-03-15,1,749.11,49,1,Email
1166,125,312,2024-04-07,3,1091.62,15,0,Ads
1167,63,294,2024-03-22,2,542.97,39,1,Direct
1168,664,265,2024-11-24,4,568.08,11,1,Email
1169,780,323,2024-10-27,1,1168.43,8,0,Social
1170,731,131,2024-07-30,4,45.4,2,1,Email
1171,208,346,2024-09-05,3,734.1,58,1,Direct
1172,976,96,2024-02-10,5,676.17,46,1,Email
1173,380,33,2024-11-15,4,988.01,18,1,Social
1174,972,306,2024-03-28,2,554.16,51,1,Social
1175,182,267,2024-09-20,3,777.07,40,0,Ads
1176,978,229,2024-01-13,4,36.41,35,1,Email
1177,941,90,2024-11-10,5,210.04,47,1,Direct
1178,181,57,2024-01-13,3,920.82,25,0,Social
1179,238,276,2024-02-16,3,45.13,43,1,Social
1180,646,362,2024-04-26,4,617.65,20,1,Direct
1181,928,398,2024-04-04,5,333.72,7,1,Email
1182,908,64,2024-02-14,3,656.88,22,1,Email
1183,721,383,2024-10-18,2,488.07,26,1,Direct
1184,33,176,2024-10-15,4,864.07,49,0,Direct
1185,672,320,2024-10-05,3,701.36,18,1,Direct
1186,609,265,2024-08-03,2,240.92,1,0,Direct
1187,603,213,2024-11-18,3,617.44,26,0,Ads
1188,384,380,2024-09-17,5,905.31,9,0,Direct
1189,85,163,2024-12-28,4,381.37,37,1,Social
1190,518,130,2024-12-16,2,950.75,11,0,Ads
1191,980,307,2024-12-18,5,883.16,32,1,Direct
1192,65,94,2024-09-12,2,763.66,32,1,Social
1193,161,79,2024-03-25,4,978.07,55,0,Ads
1194,118,300,2024-03-17,2,1021.97,10,0,Email
1195,131,326,2024-12-18,2,771.56,15,1,Direct
1196,124,8,2024-04-10,4,1017.59,15,1,Email
1197,805,145,2024-01-21,3,386.04,46,1,Direct
1198,714,328,2024-10-03,1,306.68,37,1,Direct
1199,568,255,2024-03-19,5,748.48,12,1,Social
1200,805,175,2024-01-10,3,330.35,8,0,Direct
1201,321,78,2024-09-22,1,841.03,13,0,Direct
1202,491,46,2024-10-01,1,262.18,54,0,Social
1203,722,356,2024-06-12,5,309.26,56,0,Social
1204,239,264,2024-03-21,3,771.16,18,1,Ads
1205,787,399,2024-01-30,2,214.3,37,0,Direct
1206,815,290,2024-06-24,5,330.36,20,0,Email
1207,515,324,2024-11-24,5,941.11,12,1,Ads
1208,247,158,2024-08-02,2,423.95,19,1,Direct
1209,508,178,2024-06-11,1,626.87,32,0,Ads
1210,446,278,2024-10-29,2,1076.23,52,1,Social
1211,130,232,2024-04-05,5,1176.31,60,1,Email
1212,617,194,2024-12-24,4,530.15,55,0,Social
1213,919,94,2024-02-07,4,64.72,43,0,Social
1214,527,188,2024-03-12,2,288.92,55,1,Social
1215,387,178,2024-08-11,5,1029.39,52,0,Ads
1216,206,12,2024-10-26,4,1172.44,24,1,Direct
1217,841,287,2024-01-14,2,768.78,8,1,Social
1218,915,381,2024-03-16,2,774.21,3,1,Social
1219,120,332,2024-09-27,2,121.87,36,0,Social
1220,899,220,2024-08-13,2,315.87,54,1,Direct
1221,999,321,2024-06-22,5,1123.46,33,1,Direct
1222,29,118,2024-07-25,5,1077.82,54,0,Email
1223,733,314,2024-03-14,3,1153.77,18,1,Direct
1224,537,304,2024-05-28,2,257.83,60,1,Direct
1225,394,183,2024-07-14,5,1079.17,58,1,Ads
1226,626,350,2024-05-23,3,363.03,31,1,Social
1227,127,258,2024-03-14,3,386.89,4,0,Ads
1228,858,10,2024-05-03,1,664.43,43,0,Email
1229,962,43,2024-11-07,2,675.42,44,0,Ads
1230,652,268,2024-05-04,1,643.1,35,1,Ads
1231,294,22,2024-10-14,3,436.79,39,1,Email
1232,46,172,2024-07-10,3,378.32,58,1,Ads
1233,328,160,2024-05-25,3,196.59,42,1,Direct
1234,775,84,2024-03-19,5,1054.39,60,1,Email
1235,507,203,2024-05-19,1,751.29,13,0,Social
1236,816,342,2024-02-03,2,871.72,15,0,Social
1237,22,372,2024-10-16,1,307.52,43,0,Direct
1238,640,44,2024-12-28,2,1045.34,34,1,Social
1239,954,93,2024-07-12,1,483.03,23,0,Email
1240,631,30,2024-04-24,2,645.48,54,0,Ads
1241,65,120,2024-10-17,1,377.36,8,0,Ads
1242,183,217,2024-03-08,5,565.26,38,0,Social
1243,251,325,2024-02-02,4,453.09,24,1,Direct
1244,45,134,2024-07-18,5,981.16,34,1,Direct
1245,698,250,2024-03-02,2,662.4,16,0,Email
1246,851,210,2024-07-12,1,531.4,1,0,Email
1247,493,169,2024-06-20,3,123.17,51,0,Social
1248,980,258,2024-03-17,1,1063.74,39,0,Social
1249,276,221,2024-01-11,5,391.19,2,0,Email
1250,589,361,2024-05-27,5,219.56,9,0,Social
1251,680,267,2024-09-23,4,243.97,41,1,Direct
1252,761,392,2024-12-03,3,563.37,10,1,Email
1253,766,45,2024-10-12,1,1004.45,41,1,Direct
1254,943,8,2024-12-07,2,56.15,5,0,Direct
1255,724,195,2024-02-14,1,1093.92,53,0,Direct
1256,610,165,2024-11-06,1,817.09,19,0,Social
1257,255,180,2024-08-12,1,458.14,56,0,Direct
1258,699,161,2024-06-26,1,78.95,1,1,Direct
1259,730,223,2024-05-13,5,1036.13,14,0,Email
1260,810,302,2024-03-12,4,90.77,22,0,Direct
1261,362,372,2024-08-22,2,114.14,16,1,Email
1262,141,146,2024-07-05,3,921.98,8,1,Email
1263,912,181,2024-04-27,1,566.68,22,0,Email
1264,669,40,2024-02-23,4,272.08,8,0,Ads
1265,318,1,2024-03-05,4,218.68,37,0,Direct
1266,521,305,2024-08-02,4,1182.89,38,0,Direct
1267,798,261,2024-12-25,4,1126.69,6,0,Ads
1268,741,306,2024-05-18,3,908.14,32,0,Direct
1269,581,343,2024-07-26,3,69.83,22,0,Ads
1270,721,197,2024-02-15,3,258.15,9,0,Email
1271,216,306,2024-03-28,2,202.62,22,0,Social
1272,574,295,2024-03-12,2,881.08,34,0,Direct
1273,996,253,2024-11-11,4,621.04,15,1,Ads
1274,534,95,2024-01-27,5,143.35,37,0,Ads
1275,589,283,2024-09-21,4,173.7,26,1,Email
1276,663,123,2024-04-26,3,251.37,20,0,Social
1277,784,119,2024-02-08,5,1105.48,54,1,Direct
1278,517,204,2024-01-17,4,601.71,34,0,Ads
1279,243,181,2024-07-27,5,555.48,7,0,Email
1280,675,26,2024-01-09,5,107.24,46,1,Email
1281,679,1,2024-10-31,5,1025.42,37,0,Ads
1282,61,26,2024-02-13,1,393.46,15,0,Social
1283,616,129,2024-05-27,1,445.45,39,1,Ads
1284,966,347,2024-03-22,2,195.82,38,1,Ads
1285,617,301,2024-01-24,4,615.31,52,1,Direct
1286,340,298,2024-04-22,1,558.94,55,0,Ads
1287,223,239,2024-03-05,2,229.75,46,1,Ads
1288,190,165,2024-09-10,3,989.66,49,0,Ads
1289,713,296,2024-05-16,5,726.81,46,0,Direct
1290,877,109,2024-04-26,2,80.21,56,1,Email
1291,970,54,2024-04-14,3,79.87,45,0,Email
1292,733,121,2024-05-27,5,804.0,51,1,Ads
1293,200,157,2024-08-06,2,1131.98,47,1,Social
1294,615,178,2024-01-12,5,615.14,23,0,Direct
1295,772,231,2024-11-18,5,770.16,24,0,Ads
1296,724,269,2024-07-18,5,282.21,14,0,Email
1297,9,140,2024-05-26,1,662.13,22,0,Ads
1298,640,375,2024-12-17,1,1013.44,30,1,Direct
1299,626,262,2024-11-04,4,782.64,57,1,Ads
1300,321,255,2024-10-06,3,163.25,6,1,Social
1301,270,195,2024-10-16,5,236.83,28,0,Direct
1302,339,271,2024-01-20,1,310.81,22,1,Social
1303,227,236,2024-10-16,2,682.47,7,1,Ads
1304,155,346,2024-04-14,1,179.25,21,0,Email
1305,648,222,2024-11-14,3,711.18,25,0,Direct
1306,983,305,2024-09-11,3,1198.0,16,0,Email
1307,688,122,2024-12-19,5,871.48,1,0,Direct
1308,531,78,2024-05-23,5,324.07,52,0,Ads
1309,395,31,2024-12-15,4,699.45,46,1,Ads
1310,121,317,2024-11-18,1,714.61,36,1,Social
1311,566,185,2024-03-04,2,1060.64,39,1,Email
1312,959,385,2024-01-10,3,769.46,33,1,Social
1313,23,364,2024-07-10,1,864.72,34,0,Direct
1314,705,177,2024-08-03,2,657.17,49,0,Ads
1315,702,5,2024-04-21,3,530.81,27,1,Email
1316,888,90,2024-09-22,5,425.99,60,0,Direct
1317,567,1,2024-09-05,4,1013.04,23,1,Social
1318,793,374,2024-09-07,4,444.46,45,1,Direct
1319,801,159,2024-05-03,3,470.74,59,0,Ads
1320,661,400,2024-11-04,2,237.1,47,0,Social
1321,412,72,2024-09-12,2,845.87,44,0,Email
1322,987,239,2024-05-28,1,802.53,47,1,Email
1323,718,39,2024-05-31,3,292.89,34,1,Email
1324,157,101,2024-08-03,2,328.53,44,1,Direct
1325,588,288,2024-01-26,4,338.9,47,0,Ads
1326,929,255,2024-08-12,5,705.71,35,1,Social
1327,189,247,2024-04-19,3,271.16,34,1,Direct
1328,120,56,2024-09-09,2,631.8,1,1,Email
1329,164,303,2024-08-13,3,454.64,11,0,Social
1330,732,121,2024-12-29,1,1165.35,51,1,Ads
1331,486,373,2024-07-03,2,258.99,5,1,Social
1332,694,367,2024-06-28,2,623.48,54,1,Social
1333,399,13,2024-06-17,4,916.85,33,1,Email
1334,742,199,2024-08-03,4,833.47,49,0,Social
1335,444,241,2024-01-15,4,131.79,57,0,Direct
1336,686,252,2024-09-13,3,691.08,39,1,Ads
1337,1000,107,2024-02-02,1,301.08,20,1,Ads
1338,698,187,2024-04-07,2,996.18,24,0,Direct
1339,226,120,2024-07-10,3,501.73,33,0,Email
1340,739,211,2024-10-24,3,579.78,2,1,Direct
1341,675,233,2024-12-18,4,114.12,3,0,Social
1342,82,244,2024-09-17,4,1123.18,39,1,Social
1343,618,198,2024-04-16,1,1175.14,28,0,Ads
1344,331,54,2024-11-13,5,582.96,2,0,Direct
1345,270,81,2024-05-28,5,107.27,13,0,Social
1346,857,104,2024-10-02,1,537.16,4,1,Social
1347,843,161,2024-01-19,3,1095.33,31,0,Email
1348,856,316,2024-04-04,3,1078.41,31,0,Social
1349,874,15,2024-04-10,1,512.08,15,1,Direct
1350,31,127,2024-04-28,3,431.94,50,1,Social
1351,287,90,2024-11-30,3,869.97,52,1,Email
1352,288,299,2024-11-18,4,653.07,24,0,Email
1353,769,120,2024-09-16,3,225.65,37,1,Social
1354,190,337,2024-03-11,5,560.91,11,1,Ads
1355,9,210,2024-09-04,5,961.74,49,0,Email
1356,631,391,2024-02-28,3,557.08,11,0,Direct
1357,932,367,2024-04-19,3,188.61,4,1,Direct
1358,281,327,2024-09-27,5,615.34,2,1,Direct
1359,868,289,2024-07-08,3,200.04,33,1,Direct
1360,414,388,2024-10-07,4,699.27,58,0,Email
1361,163,240,2024-08-25,1,555.39,37,0,Social
1362,953,65,2024-07-15,5,1002.11,11,0,Email
1363,490,276,2024-11-10,3,996.4,49,1,Direct
1364,437,53,2024-12-21,4,931.5,11,1,Social
1365,85,44,2024-04-16,4,684.65,5,1,Ads
1366,76,80,2024-01-16,1,215.41,6,1,Social
1367,721,61,2024-08-18,1,715.03,36,0,Direct
1368,378,394,2024-10-21,4,176.85,23,0,Email
1369,450,138,2024-09-18,3,735.08,55,0,Ads
1370,689,114,2024-01-23,3,587.67,15,0,Ads
1371,800,235,2024-07-12,3,382.97,57,1,Ads
1372,456,240,2024-09-25,4,347.06,41,0,Direct
1373,370,364,2024-11-30,2,139.1,57,1,Ads
1374,564,359,2024-08-31,4,718.89,40,0,Social
1375,891,276,2024-11-11,3,683.32,55,0,Social
1376,667,245,2024-06-27,4,1180.58,37,0,Ads
1377,995,51,2024-09-06,5,71.68,55,0,Ads
1378,703,88,2024-12-10,4,228.41,26,0,Social
1379,76,43,2024-07-25,4,819.26,12,1,Email
1380,122,121,2024-07-04,2,467.94,31,0,Ads
1381,224,389,2024-02-08,2,31.75,47,0,Direct
1382,246,86,2024-07-20,3,993.65,32,0,Ads
1383,484,297,2024-08-13,1,1122.68,56,0,Email
1384,223,152,2024-05-19,2,904.98,57,1,Direct
1385,823,276,2024-08-10,3,846.02,52,0,Ads
1386,611,324,2024-06-17,1,848.06,42,1,Direct
1387,814,341,2024-12-21,2,905.01,55,1,Social
1388,550,121,2024-01-14,5,937.88,35,1,Social
1389,939,219,2024-06-18,1,402.4,21,1,Email
1390,821,332,2024-06-01,1,571.49,21,0,Direct
1391,549,65,2024-04-05,5,406.67,47,1,Email
1392,999,8,2024-11-04,2,665.34,29,0,Ads
1393,806,147,2024-08-04,3,89.18,45,1,Email
1394,930,58,2024-10-06,4,48.55,19,1,Email
1395,449,223,2024-01-31,1,455.86,29,1,Ads
1396,677,12,2024-06-01,2,932.12,17,1,Direct
1397,575,129,2024-02-11,4,495.55,14,0,Ads
1398,866,46,2024-09-20,5,191.42,8,1,Email
1399,143,252,2024-03-25,1,1158.49,40,1,Direct
1400,27,197,2024-12-28,2,1052.07,38,1,Social
1401,335,29,2024-04-08,3,610.47,10,0,Direct
1402,883,240,2024-10-22,4,668.13,47,1,Email
1403,307,159,2024-11-26,4,504.17,40,0,Email
1404,407,147,2024-08-07,4,219.27,44,1,Ads
1405,672,380,2024-07-09,5,639.6,53,1,Direct
1406,352,271,2024-02-14,4,805.5,27,1,Social
1407,672,323,2024-09-06,5,504.55,3,1,Email
1408,590,228,2024-12-08,3,590.24,25,0,Email
1409,380,113,2024-01-07,1,985.28,55,1,Social
1410,444,225,2024-07-24,4,195.08,39,0,Ads
1411,799,131,2024-06-11,1,274.65,58,1,Social
1412,547,288,2024-06-02,3,549.84,32,0,Ads
1413,927,78,2024-04-01,5,884.22,60,1,Ads
1414,910,87,2024-01-22,1,274.0,9,1,Ads
1415,652,210,2024-10-08,3,550.98,16,1,Direct
1416,634,249,2024-10-25,3,119.78,33,0,Social
1417,78,382,2024-01-24,4,92.86,39,1,Social
1418,597,351,2024-07-07,5,149.36,20,1,Ads
1419,307,133,2024-09-24,3,763.89,59,0,Social
1420,59,244,2024-10-11,2,1140.18,40,1,Ads
1421,231,85,2024-01-31,2,566.47,40,0,Email
1422,904,211,2024-05-07,1,230.84,38,0,Email
1423,148,345,2024-02-13,4,901.48,28,0,Email
1424,122,268,2024-03-13,5,137.61,19,1,Email
1425,161,303,2024-05-18,5,1189.63,20,1,Social
1426,84,4,2024-01-04,5,213.68,33,1,Ads
1427,551,84,2024-04-07,2,435.26,35,1,Ads
1428,723,226,2024-11-30,4,654.72,45,1,Ads
1429,607,260,2024-09-16,1,923.17,17,0,Ads
1430,472,11,2024-11-07,4,109.46,58,1,Direct
1431,908,45,2024-09-24,1,1046.01,3,0,Direct
1432,24,101,2024-04-07,1,97.21,42,1,Social
1433,226,373,2024-06-02,3,199.48,59,1,Email
1434,719,158,2024-06-03,3,142.53,19,1,Direct
1435,862,323,2024-12-29,3,903.71,54,1,Social
1436,708,194,2024-02-05,1,1157.56,51,1,Email
1437,509,132,2024-10-13,4,1175.11,53,0,Ads
1438,517,164,2024-10-06,1,1078.52,49,1,Email
1439,158,231,2024-11-27,1,1179.95,16,1,Ads
1440,276,293,2024-04-28,1,696.52,20,0,Direct
1441,429,330,2024-01-31,5,692.8,60,0,Direct
1442,329,372,2024-07-10,3,884.71,33,0,Email
1443,664,65,2024-12-11,1,573.17,11,1,Email
1444,971,323,2024-05-07,1,97.17,38,1,Direct
1445,314,242,2024-07-10,1,521.44,1,1,Email
1446,764,166,2024-10-17,3,1185.74,28,0,Direct
1447,606,331,2024-10-21,1,399.54,57,0,Ads
1448,907,32,2024-11-02,5,1089.78,30,1,Email
1449,391,134,2024-08-09,1,58.63,2,0,Email
1450,562,286,2024-09-09,5,721.63,24,0,Ads
1451,762,81,2024-01-01,1,113.3,4,1,Email
1452,118,400,2024-08-05,2,1190.73,33,0,Ads
1453,622,75,2024-08-13,4,226.74,34,0,Social
1454,730,273,2024-02-20,5,143.84,30,0,Email
1455,633,111,2024-06-04,1,395.38,34,1,Direct
1456,889,100,2024-07-19,4,260.17,19,0,Ads
1457,118,202,2024-11-19,2,861.58,29,0,Social
1458,239,349,2024-11-22,4,657.69,56,0,Social
1459,145,244,2024-06-08,3,480.23,51,1,Direct
1460,699,213,2024-04-24,2,358.35,59,1,Email
1461,271,331,2024-03-08,5,690.58,60,0,Email
1462,453,371,2024-10-08,3,80.38,50,0,Email
1463,740,321,2024-05-21,1,390.47,22,0,Direct
1464,336,154,2024-05-17,1,244.47,48,1,Ads
1465,785,270,2024-09-26,4,514.46,23,0,Social
1466,851,125,2024-12-23,1,624.31,18,0,Email
1467,453,278,2024-04-08,3,421.76,13,1,Direct
1468,643,336,2024-12-20,2,501.87,25,1,Email
1469,448,128,2024-06-01,3,307.24,34,0,Direct
1470,832,104,2024-09-21,2,229.98,7,1,Email
1471,990,227,2024-07-03,5,1191.96,52,0,Direct
1472,420,392,2024-08-27,1,311.05,20,1,Email
1473,516,314,2024-06-30,5,152.68,4,1,Direct
1474,880,315,2024-10-10,2,535.29,17,0,Ads
1475,251,277,2024-08-14,2,572.42,14,0,Direct
1476,234,363,2024-08-14,5,700.71,12,1,Social
1477,535,282,2024-01-15,1,634.28,15,1,Ads
1478,956,383,2024-05-01,1,1059.37,60,0,Ads
1479,589,48,2024-09-08,3,784.98,20,0,Social
1480,162,27,2024-09-02,1,439.64,54,1,Direct
1481,6,33,2024-10-29,5,1017.32,6,1,Direct
1482,411,76,2024-11-29,2,541.63,54,0,Direct
1483,559,25,2024-09-20,1,781.5,3,0,Direct
1484,395,205,2024-05-08,4,640.58,46,1,Ads
1485,308,46,2024-09-26,1,308.78,39,1,Email
1486,104,299,2024-07-13,1,927.56,27,0,Ads
1487,440,26,2024-01-09,3,1129.69,12,0,Ads
1488,778,178,2024-09-11,4,102.8,6,1,Social
1489,797,234,2024-05-17,4,974.44,2,0,Email
1490,599,396,2024-04-26,1,89.15,14,0,Ads
1491,849,378,2024-01-24,4,342.51,57,0,Ads
1492,230,182,2024-05-08,5,925.44,31,1,Direct
1493,862,294,2024-12-23,3,1052.27,30,1,Direct
1494,962,181,2024-12-12,2,828.86,33,1,Direct
1495,663,2,2024-03-09,1,1151.7,7,0,Email
1496,789,39,2024-08-08,3,306.0,20,0,Ads
1497,806,42,2024-05-04,1,369.77,31,0,Ads
1498,213,70,2024-12-18,4,848.11,25,0,Ads
1499,562,251,2024-10-13,3,648.09,57,1,Email
1500,476,283,2024-09-24,3,624.93,4,1,Social
1501,756,242,2024-11-19,5,949.8,28,0,Social
1502,800,150,2024-10-10,5,1075.1,21,0,Ads
1503,569,84,2024-03-10,3,383.49,6,0,Social
1504,914,322,2024-01-16,4,1110.07,31,1,Email
1505,705,352,2024-05-16,5,1076.65,16,1,Email
1506,350,117,2024-03-16,5,235.23,28,0,Ads
1507,323,374,2024-11-09,5,904.82,41,0,Direct
1508,449,177,2024-08-23,2,817.93,15,1,Direct
1509,290,121,2024-05-10,5,1047.83,4,1,Social
1510,38,352,2024-03-14,2,975.52,31,0,Email
1511,49,198,2024-04-27,1,1102.14,58,1,Email
1512,455,144,2024-11-09,3,737.76,37,0,Direct
1513,473,33,2024-03-07,1,865.22,49,0,Email
1514,412,106,2024-08-13,1,363.11,42,1,Direct
1515,888,155,2024-03-05,4,367.47,59,0,Email
1516,804,352,2024-09-20,4,533.21,26,1,Ads
1517,764,381,2024-05-10,1,997.89,19,0,Email
1518,360,76,2024-11-05,1,1073.0,21,0,Ads
1519,99,375,2024-10-22,4,966.38,54,0,Direct
1520,442,348,2024-06-08,4,808.37,44,1,Direct
1521,241,362,2024-01-10,4,1164.44,46,0,Email
1522,805,27,2024-08-15,1,905.91,15,1,Social
1523,123,94,2024-12-07,4,48.48,4,0,Email
1524,280,67,2024-08-01,1,564.44,35,0,Direct
1525,154,355,2024-01-07,4,1164.11,15,0,Direct
1526,64,94,2024-09-04,1,799.25,18,1,Ads
1527,59,59,2024-10-03,5,755.05,49,1,Social
1528,65,218,2024-05-03,5,679.87,49,1,Ads
1529,468,281,2024-12-18,3,652.83,5,1,Email
1530,675,52,2024-08-15,2,179.88,5,0,Social
1531,562,9,2024-02-13,4,1145.98,25,1,Direct
1532,677,51,2024-07-10,1,561.46,54,0,Social
1533,259,287,2024-05-15,4,204.38,6,0,Direct
1534,165,348,2024-05-09,1,69.14,31,1,Social
1535,783,340,2024-11-19,4,1035.92,40,0,Direct
1536,965,309,2024-12-31,4,896.67,34,0,Social
1537,526,215,2024-09-22,2,604.45,14,1,Email
1538,538,396,2024-08-03,2,862.97,37,1,Direct
1539,25,253,2024-05-04,5,1093.76,27,0,Email
1540,913,70,2024-06-18,1,845.15,59,0,Ads
1541,76,390,2024-02-17,4,206.7,37,1,Direct
1542,564,227,2024-11-03,2,1132.43,33,1,Direct
1543,668,11,2024-01-11,1,1060.58,16,0,Email
1544,287,354,2024-06-23,1,257.99,4,0,Ads
1545,709,364,2024-12-04,1,229.96,49,1,Social
1546,284,312,2024-09-24,3,238.11,19,1,Ads
1547,640,18,2024-05-09,5,21.39,6,0,Email
1548,914,59,2024-09-20,4,739.39,4,1,Social
1549,549,27,2024-03-08,5,1045.41,57,0,Direct
1550,789,348,2024-02-22,5,99.55,23,0,Ads
1551,840,143,2024-08-31,4,207.7,48,1,Email
1552,457,248,2024-12-12,5,1063.16,14,0,Direct
1553,961,280,2024-07-21,2,888.29,35,0,Ads
1554,776,345,2024-01-15,5,1013.48,4,0,Social
1555,855,259,2024-12-23,3,17.44,44,1,Direct
1556,981,336,2024-07-04,4,627.3,43,0,Direct
1557,580,137,2024-09-05,1,157.84,34,0,Ads
1558,624,382,2024-03-18,1,1048.64,35,1,Direct
1559,16,119,2024-11-13,2,787.81,60,0,Email
1560,94,34,2024-08-09,1,252.26,41,0,Social
1561,975,352,2024-09-27,2,1199.42,47,1,Social
1562,573,335,2024-09-17,5,552.99,16,1,Email
1563,103,131,2024-08-19,3,145.79,24,0,Social
1564,236,281,2024-06-11,2,287.39,47,1,Ads
1565,124,142,2024-06-19,1,97.79,27,0,Ads
1566,344,250,2024-10-05,2,458.41,16,1,Direct
1567,908,366,2024-10-15,4,58.55,47,0,Social
1568,575,336,2024-08-15,1,207.96,59,1,Direct
1569,528,11,2024-09-05,5,471.28,27,1,Ads
1570,958,74,2024-05-02,5,318.24,27,0,Social
1571,965,97,2024-12-14,3,888.72,26,1,Ads
1572,405,326,2024-04-21,3,976.36,35,0,Direct
1573,483,130,2024-04-15,4,1162.34,48,0,Ads
1574,484,374,2024-11-23,3,931.62,26,1,Ads
1575,425,241,2024-04-27,1,142.13,37,0,Email
1576,4,290,2024-08-19,4,413.4,51,0,Email
1577,874,232,2024-07-31,2,293.03,59,1,Direct
1578,541,316,2024-08-04,1,167.46,15,1,Email
1579,499,149,2024-11-07,4,42.16,38,1,Ads
1580,871,238,2024-09-22,1,598.16,53,1,Ads
1581,250,23,2024-05-06,2,455.23,11,0,Email
1582,673,23,2024-11-08,5,46.29,2,1,Email
1583,771,379,2024-10-12,3,552.03,29,0,Email
1584,727,290,2024-11-18,1,774.56,11,0,Ads
1585,266,52,2024-07-17,5,993.82,37,1,Email
1586,481,230,2024-07-10,5,575.19,45,1,Email
1587,915,369,2024-05-21,5,291.85,48,0,Social
1588,681,143,2024-02-12,5,1088.4,11,1,Ads
1589,766,400,2024-01-04,4,192.71,22,0,Email
1590,26,211,2024-01-27,4,1013.56,7,1,Ads
1591,872,325,2024-03-24,4,243.19,3,1,Social
1592,681,358,2024-08-18,5,1102.94,13,0,Email
1593,259,232,2024-06-12,5,1086.37,2,0,Ads
1594,69,91,2024-01-22,4,58.7,37,0,Social
1595,20,88,2024-05-31,3,129.66,42,0,Ads
1596,856,23,2024-06-03,4,761.52,23,0,Ads
1597,232,361,2024-03-14,4,917.45,10,0,Ads
1598,100,63,2024-12-08,1,107.1,32,0,Social
1599,215,14,2024-10-23,3,896.18,50,1,Email
1600,794,208,2024-10-17,2,856.73,24,0,Email
1601,581,341,2024-04-14,5,1034.02,19,1,Social
1602,4,351,2024-09-10,4,721.69,13,1,Ads
1603,463,233,2024-03-22,4,834.76,1,0,Direct
1604,954,264,2024-12-14,2,752.03,19,0,Social
1605,116,293,2024-02-15,1,995.98,8,1,Email
1606,260,356,2024-08-10,3,138.8,5,1,Ads
1607,207,218,2024-05-19,3,442.3,36,1,Direct
1608,281,5,2024-08-03,2,462.9,9,1,Ads
1609,149,244,2024-11-26,2,110.48,21,0,Social
1610,839,319,2024-06-12,5,943.46,31,0,Ads
1611,252,87,2024-04-29,5,493.29,46,1,Direct
1612,457,170,2024-03-12,3,762.46,1,0,Direct
1613,865,326,2024-02-21,3,177.96,44,0,Direct
1614,234,139,2024-05-27,2,900.45,8,1,Social
1615,597,321,2024-01-16,5,143.89,28,0,Direct
1616,193,108,2024-07-12,1,976.36,41,0,Email
1617,380,210,2024-03-19,2,317.75,34,0,Email
1618,691,315,2024-07-06,3,160.4,53,1,Direct
1619,821,18,2024-09-20,2,645.72,28,1,Social
1620,911,287,2024-03-22,2,20.89,8,1,Social
1621,108,122,2024-11-12,2,43.57,60,1,Direct
1622,81,348,2024-05-27,5,588.64,8,0,Social
1623,733,131,2024-02-22,2,1143.86,7,0,Direct
1624,769,82,2024-03-12,3,953.95,15,1,Ads
1625,873,292,2024-11-04,1,629.72,28,0,Social
1626,805,226,2024-11-03,2,23.15,25,1,Email
1627,50,265,2024-12-11,1,515.58,9,0,Email
1628,636,65,2024-02-21,2,697.22,23,1,Direct
1629,26,191,2024-08-12,5,694.14,12,0,Direct
1630,466,378,2024-09-30,3,504.49,57,1,Email
1631,47,321,2024-05-27,4,441.49,15,1,Email
1632,999,5,2024-09-16,5,94.22,2,0,Direct
1633,757,196,2024-10-28,3,1177.92,43,0,Direct
1634,329,348,2024-09-10,3,161.06,31,1,Ads
1635,761,385,2024-02-16,1,928.39,29,1,Email
1636,356,351,2024-12-29,3,863.49,5,1,Email
1637,395,180,2024-06-17,1,1042.76,21,0,Email
1638,636,192,2024-12-30,5,588.57,30,0,Ads
1639,788,291,2024-02-01,4,103.6,29,1,Direct
1640,139,217,2024-12-31,2,318.13,3,1,Email
1641,647,327,2024-05-21,3,476.44,50,1,Ads
1642,909,217,2024-02-29,2,22.71,42,0,Email
1643,539,312,2024-01-02,2,669.95,46,0,Direct
1644,169,219,2024-08-03,1,889.72,11,1,Social
1645,228,378,2024-09-22,2,167.09,23,1,Email
1646,654,290,2024-01-22,3,1114.77,10,0,Direct
1647,959,42,2024-09-26,2,703.54,17,1,Email
1648,798,285,2024-04-03,1,661.23,43,0,Direct
1649,148,106,2024-06-28,5,607.68,17,1,Email
1650,214,235,2024-12-12,5,218.02,16,1,Email
1651,83,284,2024-11-12,4,772.96,26,1,Ads
1652,516,146,2024-05-10,1,429.06,44,1,Ads
1653,910,178,2024-01-01,4,755.56,25,1,Ads
1654,409,65,2024-04-28,3,750.96,19,1,Direct
1655,799,239,2024-11-29,4,19.85,60,0,Direct
1656,889,14,2024-01-25,1,1039.43,3,1,Email
1657,658,86,2024-06-06,4,1082.23,45,1,Direct
1658,757,22,2024-10-25,5,132.89,7,0,Ads
1659,444,322,2024-10-20,3,17.17,19,1,Direct
1660,814,40,2024-04-16,4,915.3,21,0,Ads
1661,719,268,2024-07-13,5,817.06,2,0,Direct
1662,755,254,2024-08-23,5,751.49,15,0,Direct
1663,75,51,2024-11-09,2,1013.93,7,1,Ads
1664,84,85,2024-12-18,1,482.57,21,0,Social
1665,642,369,2024-11-29,1,584.48,17,1,Social
1666,534,296,2024-12-15,5,1067.42,44,0,Ads
1667,767,316,2024-02-19,2,949.23,1,0,Ads
1668,585,385,2024-01-24,1,499.02,48,1,Ads
1669,542,198,2024-05-13,2,697.33,52,0,Ads
1670,986,326,2024-10-01,3,826.38,24,0,Email
1671,254,3,2024-06-02,1,880.56,35,0,Direct
1672,214,304,2024-10-13,1,451.96,12,1,Email
1673,543,189,2024-09-22,3,1050.87,44,0,Direct
1674,683,365,2024-06-14,4,322.56,13,1,Ads
1675,778,287,2024-04-25,5,617.62,6,0,Direct
1676,841,25,2024-07-25,5,225.16,35,1,Ads
1677,556,290,2024-10-01,2,277.1,45,1,Social
1678,951,251,2024-04-02,5,108.6,13,0,Social
1679,877,276,2024-12-05,1,981.19,22,1,Ads
1680,230,350,2024-04-20,3,703.33,54,0,Email
1681,868,253,2024-04-18,4,255.28,43,0,Direct
1682,878,214,2024-05-02,5,222.25,48,1,Social
1683,246,60,2024-01-01,4,504.52,52,1,Direct
1684,575,99,2024-10-04,3,134.42,38,1,Ads
1685,618,25,2024-06-24,4,50.52,53,1,Email
1686,323,243,2024-02-11,2,528.08,57,1,Direct
1687,823,229,2024-11-23,3,895.78,17,1,Social
1688,207,318,2024-06-09,2,713.18,4,1,Direct
1689,96,238,2024-08-03,4,902.34,56,0,Social
1690,805,367,2024-08-04,4,306.59,52,0,Email
1691,570,389,2024-01-28,1,59.72,26,1,Ads
1692,861,156,2024-01-21,3,422.3,49,0,Ads
1693,154,215,2024-01-21,2,229.27,45,1,Email
1694,845,339,2024-08-14,4,1134.55,47,0,Ads
1695,850,302,2024-12-04,5,524.84,14,1,Direct
1696,348,59,2024-08-26,3,464.78,12,1,Ads
1697,250,153,2024-06-09,3,282.71,16,0,Ads
1698,29,368,2024-06-20,2,580.58,4,0,Direct
1699,67,352,2024-12-31,3,246.6,33,1,Direct
1700,11,316,2024-07-24,2,366.8,19,1,Ads
1701,493,31,2024-06-20,5,950.95,46,0,Ads
1702,247,3,2024-11-15,1,260.82,31,0,Email
1703,826,185,2024-01-30,1,110.7,28,0,Direct
1704,30,77,2024-01-20,1,1197.59,39,0,Social
1705,77,82,2024-06-02,3,537.32,11,1,Ads
1706,605,31,2024-05-01,3,569.37,47,0,Direct
1707,968,62,2024-03-12,3,384.97,28,0,Direct
1708,988,254,2024-02-23,1,481.03,53,0,Email
1709,475,232,2024-01-15,4,303.27,38,0,Direct
1710,328,174,2024-12-07,3,1161.05,35,1,Social
1711,765,291,2024-05-21,5,905.01,1,1,Social
1712,740,125,2024-10-28,1,363.77,11,0,Ads
1713,484,82,2024-05-13,2,395.45,7,0,Email
1714,399,379,2024-06-14,2,665.42,32,0,Social
1715,36,191,2024-01-23,2,377.49,11,1,Ads
1716,190,115,2024-02-27,5,766.53,52,1,Direct
1717,390,194,2024-11-15,3,631.05,41,0,Email
1718,270,374,2024-07-29,1,929.61,40,1,Email
1719,881,362,2024-06-29,2,1109.01,54,1,Ads
1720,566,128,2024-08-01,3,105.83,20,1,Direct
1721,272,40,2024-07-14,5,198.66,16,0,Direct
1722,446,140,2024-07-11,4,1077.42,23,1,Social
1723,495,217,2024-03-07,1,275.81,2,0,Direct
1724,647,111,2024-03-08,2,310.23,31,0,Ads
1725,67,285,2024-08-24,5,703.02,12,1,Email
1726,133,355,2024-05-26,4,1193.02,60,0,Email
1727,4,7,2024-06-23,2,651.27,28,1,Direct
1728,187,364,2024-08-25,2,558.38,37,0,Direct
1729,358,300,2024-09-17,4,1143.4,24,0,Email
1730,658,248,2024-09-25,5,543.41,11,1,Direct
1731,517,240,2024-09-21,2,209.83,10,1,Ads
1732,340,351,2024-07-11,4,509.64,49,1,Ads
1733,768,192,2024-02-23,4,1168.88,34,1,Ads
1734,839,281,2024-01-26,1,1008.75,41,1,Social
1735,389,210,2024-11-10,2,532.77,44,0,Direct
1736,193,27,2024-09-15,1,119.57,42,1,Ads
1737,517,64,2024-01-15,4,598.11,52,1,Ads
1738,364,125,2024-01-27,4,150.0,44,0,Social
1739,592,11,2024-08-07,2,665.65,60,1,Email
1740,958,399,2024-09-02,2,287.08,6,1,Social
1741,925,261,2024-09-10,5,116.67,38,0,Social
1742,386,320,2024-05-24,4,747.0,4,1,Social
1743,767,364,2024-12-28,5,750.35,35,1,Email
1744,164,387,2024-04-08,3,571.49,40,1,Direct
1745,756,135,2024-12-06,2,388.42,24,0,Social
1746,320,106,2024-09-30,2,66.15,25,1,Direct
1747,224,368,2024-04-27,1,471.37,27,0,Ads
1748,154,312,2024-03-31,5,646.6,12,0,Social
1749,761,133,2024-12-03,5,238.13,38,1,Email
1750,227,274,2024-07-14,5,103.12,37,0,Ads
1751,239,321,2024-06-19,4,394.25,8,1,Ads
1752,880,236,2024-12-11,5,66.4,34,1,Ads
1753,626,119,2024-04-15,4,217.96,34,1,Social
1754,956,394,2024-12-07,2,848.36,49,0,Ads
1755,210,255,2024-09-11,3,990.75,32,1,Social
1756,213,399,2024-04-19,2,1029.83,48,1,Ads
1757,828,153,2024-06-30,4,715.39,52,0,Direct
1758,735,393,2024-01-11,1,1101.79,14,1,Ads
1759,905,263,2024-07-01,5,39.72,1,0,Social
1760,728,383,2024-06-12,1,705.37,44,0,Email
1761,317,298,2024-03-28,4,613.49,39,0,Social
1762,798,276,2024-08-03,5,544.42,11,1,Ads
1763,123,113,2024-07-03,2,236.19,17,1,Social
1764,910,275,2024-04-30,3,283.87,24,1,Email
1765,790,388,2024-09-28,1,99.93,29,0,Email
1766,626,125,2024-07-22,4,180.15,37,1,Social
1767,196,9,2024-08-16,1,384.75,28,0,Email
1768,242,64,2024-03-20,4,404.89,20,0,Direct
1769,233,307,2024-02-15,2,791.15,2,1,Email
1770,730,249,2024-04-18,5,1103.86,51,1,Direct
1771,905,199,2024-04-22,2,36.64,19,1,Email
1772,811,79,2024-07-31,5,598.3,23,1,Direct
1773,546,259,2024-01-20,5,462.0,52,1,Email
1774,71,138,2024-02-11,3,621.41,60,0,Social
1775,779,77,2024-03-11,5,621.62,52,1,Ads
1776,674,392,2024-05-27,2,353.63,31,0,Social
1777,817,43,2024-07-02,3,385.0,55,1,Direct
1778,76,91,2024-02-04,1,67.53,7,1,Ads
1779,763,50,2024-01-18,4,870.87,38,0,Direct
1780,728,318,2024-01-22,2,409.69,12,1,Email
1781,483,37,2024-06-28,2,826.69,25,1,Direct
1782,597,179,2024-03-12,4,1017.61,38,1,Ads
1783,588,293,2024-03-31,5,1179.04,26,1,Direct
1784,847,37,2024-09-12,1,236.97,54,0,Email
1785,979,16,2024-09-07,1,612.27,51,1,Ads
1786,311,207,2024-04-19,1,999.28,9,1,Social
1787,257,161,2024-11-13,1,973.24,52,0,Email
1788,904,36,2024-09-12,4,1039.45,6,1,Direct
1789,912,357,2024-07-14,2,1185.83,7,1,Email
1790,157,232,2024-06-14,4,618.6,7,0,Email
1791,638,19,2024-12-15,1,63.62,44,0,Direct
1792,907,127,2024-01-03,4,633.26,10,1,Direct
1793,790,257,2024-04-12,2,358.8,7,0,Social
1794,290,97,2024-05-29,5,53.32,23,1,Email
1795,941,277,2024-11-05,4,442.81,45,1,Direct
1796,953,79,2024-08-03,3,413.45,34,0,Direct
1797,195,374,2024-04-02,3,268.96,58,1,Direct
1798,992,351,2024-09-23,1,131.75,39,1,Direct
1799,372,207,2024-09-19,5,1107.64,33,0,Email
1800,699,51,2024-04-19,5,577.39,59,1,Email
1801,519,208,2024-09-14,5,861.45,45,0,Direct
1802,137,331,2024-11-15,5,254.85,24,1,Social
1803,977,362,2024-03-27,5,466.58,4,0,Direct
1804,836,140,2024-02-08,2,824.93,55,0,Email
1805,185,335,2024-07-06,1,1185.33,32,0,Email
1806,463,99,2024-03-31,3,20.22,30,0,Direct
1807,513,298,2024-04-06,4,349.58,57,0,Email
1808,744,388,2024-07-17,3,1040.18,42,1,Social
1809,43,76,2024-07-26,4,507.69,39,0,Email
1810,926,206,2024-12-24,2,81.07,22,0,Ads
1811,925,252,2024-10-06,4,260.2,9,1,Email
1812,582,312,2024-09-17,5,435.45,30,1,Email
1813,887,89,2024-11-13,3,1074.94,17,1,Email
1814,351,375,2024-10-22,3,1006.14,37,1,Ads
1815,321,159,2024-09-27,3,939.9,52,1,Direct
1816,722,304,2024-03-29,4,174.47,10,0,Social
1817,364,314,2024-06-01,2,1190.3,53,1,Direct
1818,660,391,2024-08-28,2,94.05,9,1,Direct
1819,890,263,2024-04-21,4,131.14,13,1,Direct
1820,710,353,2024-08-20,5,293.75,47,1,Social
1821,923,116,2024-03-03,2,231.5,58,0,Direct
1822,646,288,2024-02-06,2,1155.64,37,0,Email
1823,36,307,2024-10-16,4,891.0,45,0,Social
1824,670,347,2024-02-02,3,695.21,30,0,Social
1825,222,168,2024-01-25,5,403.83,35,0,Social
1826,495,356,2024-10-14,3,665.39,24,0,Social
1827,291,259,2024-09-18,4,661.18,5,1,Social
1828,247,218,2024-06-26,3,598.11,13,1,Direct
1829,133,393,2024-05-28,5,255.73,20,0,Social
1830,776,167,2024-06-22,3,145.18,52,1,Social
1831,556,375,2024-08-10,5,528.94,21,1,Social
1832,342,220,2024-10-22,2,1148.96,53,1,Direct
1833,870,393,2024-08-17,5,322.55,36,1,Ads
1834,125,240,2024-10-23,1,860.38,30,1,Direct
1835,644,382,2024-01-05,2,204.25,29,0,Social
1836,240,192,2024-08-18,5,1182.49,53,1,Social
1837,812,315,2024-04-21,3,1042.53,1,1,Ads
1838,385,293,2024-11-22,1,826.56,20,0,Email
1839,405,178,2024-01-29,2,492.25,40,1,Social
1840,993,228,2024-08-11,5,529.16,29,1,Ads
1841,808,76,2024-09-24,4,916.29,21,1,Social
1842,511,165,2024-05-18,2,60.28,24,0,Ads
1843,413,12,2024-05-28,1,291.14,55,1,Ads
1844,852,308,2024-06-02,5,777.92,37,0,Ads
1845,480,226,2024-07-17,3,896.88,8,1,Ads
1846,782,250,2024-02-15,4,1139.91,16,1,Direct
1847,973,345,2024-02-15,3,574.03,19,0,Direct
1848,430,70,2024-08-28,5,313.82,2,0,Email
1849,647,35,2024-09-15,1,447.31,51,0,Email
1850,208,301,2024-04-01,4,888.03,58,0,Ads
1851,125,217,2024-07-14,5,557.49,1,1,Ads
1852,854,45,2024-06-03,5,662.76,22,1,Social
1853,435,95,2024-01-03,1,218.3,16,1,Direct
1854,545,106,2024-05-09,2,409.35,22,1,Direct
1855,246,168,2024-01-03,4,1067.94,13,1,Social
1856,832,70,2024-04-12,1,515.76,30,1,Social
1857,711,148,2024-11-06,3,795.55,13,1,Social
1858,188,2,2024-06-16,2,37.3,23,0,Direct
1859,646,91,2024-07-10,2,138.07,39,1,Email
1860,809,105,2024-01-10,4,982.68,11,1,Direct
1861,340,152,2024-10-02,5,494.2,47,0,Social
1862,751,20,2024-12-06,1,266.78,59,1,Ads
1863,653,22,2024-06-01,4,407.87,36,0,Email
1864,422,67,2024-12-31,5,1056.06,4,0,Direct
1865,608,220,2024-07-17,5,933.51,18,0,Direct
1866,28,332,2024-08-11,5,1115.21,39,1,Ads
1867,546,245,2024-11-06,2,83.02,52,0,Social
1868,337,22,2024-01-07,1,1026.08,46,1,Direct
1869,292,115,2024-02-05,2,752.19,49,0,Email
1870,987,206,2024-08-04,1,909.55,21,0,Direct
1871,160,231,2024-05-14,1,157.51,54,0,Direct
1872,202,188,2024-08-01,1,203.96,36,1,Social
1873,329,149,2024-10-20,4,304.41,40,1,Ads
1874,312,93,2024-02-25,1,1197.43,52,1,Email
1875,614,353,2024-03-15,5,164.96,33,1,Email
1876,584,394,2024-05-22,5,351.82,4,0,Email
1877,164,173,2024-10-22,1,380.27,52,0,Direct
1878,10,159,2024-01-17,4,524.99,12,1,Social
1879,685,143,2024-03-14,1,600.18,36,1,Direct
1880,161,175,2024-03-26,3,895.02,14,1,Direct
1881,590,168,2024-04-25,1,1086.43,53,1,Ads
1882,580,375,2024-02-28,4,514.15,59,1,Social
1883,709,166,2024-01-10,2,783.46,14,0,Social
1884,221,102,2024-12-22,4,1100.33,29,0,Social
1885,140,99,2024-06-05,5,432.92,48,0,Ads
1886,896,73,2024-07-11,4,292.66,1,0,Direct
1887,137,347,2024-09-30,2,562.08,10,0,Ads
1888,896,25,2024-05-08,5,421.69,47,0,Direct
1889,404,213,2024-07-31,2,656.14,18,1,Ads
1890,937,363,2024-10-28,1,1022.53,29,0,Direct
1891,538,61,2024-05-10,4,854.84,16,0,Email
1892,291,50,2024-04-06,3,622.79,13,0,Direct
1893,896,128,2024-08-08,2,710.48,54,0,Direct
1894,477,396,2024-09-05,2,461.62,12,1,Email
1895,664,70,2024-09-23,5,385.74,41,0,Direct
1896,428,374,2024-07-12,4,938.87,59,1,Ads
1897,492,259,2024-07-31,5,750.69,24,1,Email
1898,426,87,2024-12-23,5,539.3,45,0,Email
1899,849,92,2024-07-02,4,280.23,46,0,Email
1900,722,90,2024-09-01,1,770.93,3,1,Ads
1901,877,4,2024-03-26,1,1082.62,8,1,Social
1902,959,383,2024-10-31,4,133.3,19,0,Direct
1903,277,231,2024-02-03,5,24.35,15,0,Ads
1904,796,394,2024-11-06,5,306.2,15,1,Social
1905,318,119,2024-01-31,2,692.76,33,0,Social
1906,916,319,2024-03-29,1,1015.49,17,1,Ads
1907,519,321,2024-08-14,1,158.82,35,1,Email
1908,324,340,2024-10-03,2,832.93,5,1,Direct
1909,290,347,2024-09-01,2,1083.35,40,0,Ads
1910,948,299,2024-09-11,1,78.8,7,1,Ads
1911,426,135,2024-01-28,1,1123.48,50,1,Social
1912,616,215,2024-01-04,1,251.76,45,0,Social
1913,13,210,2024-11-23,3,679.9,16,0,Social
1914,641,254,2024-09-21,1,615.53,22,0,Social
1915,139,260,2024-11-14,5,195.77,21,0,Direct
1916,844,65,2024-11-28,2,164.95,39,1,Social
1917,296,48,2024-09-16,1,625.23,60,0,Social
1918,278,24,2024-08-31,5,1044.58,20,1,Direct
1919,292,364,2024-05-22,4,1050.1,49,1,Social
1920,993,253,2024-11-04,3,721.01,52,1,Ads
1921,658,376,2024-12-03,5,30.9,28,0,Email
1922,294,362,2024-04-15,1,539.69,6,0,Email
1923,919,310,2024-11-22,4,362.77,10,1,Direct
1924,966,20,2024-05-21,3,663.68,52,0,Social
1925,288,249,2024-07-29,4,748.52,17,1,Direct
1926,654,361,2024-02-25,2,1081.11,60,0,Social
1927,337,24,2024-12-15,5,680.98,2,0,Ads
1928,704,167,2024-07-16,2,949.78,13,0,Email
1929,364,110,2024-08-24,3,996.66,23,0,Direct
1930,863,286,2024-05-05,5,576.53,17,0,Ads
1931,343,251,2024-10-25,3,736.65,57,1,Direct
1932,23,364,2024-03-16,5,400.76,7,1,Ads
1933,164,151,2024-01-05,5,112.49,30,0,Direct
1934,208,44,2024-02-28,3,887.54,16,1,Ads
1935,826,230,2024-07-20,1,144.34,41,1,Ads
1936,117,108,2024-02-09,3,192.92,19,1,Direct
1937,533,265,2024-04-16,2,610.89,14,0,Social
1938,790,61,2024-03-04,5,543.0,28,1,Ads
1939,723,128,2024-06-11,5,370.18,32,1,Social
1940,709,223,2024-05-06,5,310.76,26,1,Direct
1941,706,21,2024-03-30,3,1100.22,34,1,Social
1942,276,97,2024-08-23,4,1093.94,9,1,Social
1943,779,267,2024-10-06,1,755.41,35,1,Social
1944,561,90,2024-02-01,5,833.44,47,1,Email
1945,405,373,2024-04-18,5,214.46,52,0,Social
1946,123,99,2024-04-05,2,37.83,7,1,Direct
1947,203,314,2024-11-25,3,169.67,40,1,Direct
1948,217,28,2024-06-24,5,849.02,54,1,Direct
1949,755,107,2024-11-20,4,923.7,57,0,Social
1950,33,333,2024-07-01,2,655.44,42,0,Ads
1951,676,223,2024-10-08,5,1017.47,1,1,Email
1952,685,20,2024-09-29,5,1083.62,51,1,Ads
1953,884,132,2024-12-02,3,146.57,58,1,Ads
1954,586,312,2024-03-12,5,1076.55,4,1,Ads
1955,510,342,2024-10-02,2,150.02,56,0,Social
1956,998,374,2024-09-18,3,457.85,49,1,Email
1957,300,164,2024-05-27,4,173.3,51,0,Email
1958,342,341,2024-05-23,1,435.21,1,0,Social
1959,912,184,2024-03-08,3,130.47,27,1,Email
1960,732,121,2024-07-11,1,159.82,3,1,Direct
1961,447,397,2024-08-02,1,291.09,20,0,Social
1962,620,347,2024-06-20,2,871.63,42,1,Social
1963,209,36,2024-01-11,2,879.99,57,1,Social
1964,235,159,2024-07-09,4,334.82,52,1,Direct
1965,970,108,2024-12-24,4,344.72,9,1,Ads
1966,486,66,2024-05-04,3,369.34,25,0,Social
1967,989,170,2024-10-09,1,785.99,14,1,Social
1968,186,51,2024-01-26,4,1094.83,14,0,Direct
1969,59,132,2024-02-14,5,169.11,37,0,Ads
1970,776,52,2024-04-01,1,477.48,41,0,Direct
1971,847,342,2024-12-21,5,827.2,34,0,Social
1972,359,311,2024-12-18,2,159.56,53,0,Email
1973,270,348,2024-07-14,2,1133.73,19,0,Social
1974,707,10,2024-12-09,4,342.34,42,0,Direct
1975,70,154,2024-06-14,1,163.36,51,1,Direct
1976,643,367,2024-04-25,3,1176.38,15,1,Social
1977,617,327,2024-03-17,3,1185.57,59,1,Social
1978,844,337,2024-07-29,4,1155.39,55,1,Email
1979,283,50,2024-04-29,4,382.33,14,0,Direct
1980,376,52,2024-05-07,3,970.22,52,0,Social
1981,3,31,2024-02-24,2,110.6,33,1,Social
1982,35,46,2024-06-01,1,944.2,56,1,Direct
1983,447,63,2024-11-12,3,158.01,22,1,Email
1984,539,242,2024-06-06,1,735.53,30,0,Direct
1985,372,178,2024-04-29,4,960.54,48,0,Direct
1986,849,170,2024-11-05,1,1038.05,40,0,Ads
1987,205,209,2024-10-24,5,525.66,49,1,Social
1988,398,259,2024-10-18,1,441.5,45,0,Ads
1989,65,193,2024-06-14,3,136.64,39,1,Direct
1990,561,21,2024-02-16,2,691.26,32,1,Email
1991,264,144,2024-09-09,1,440.33,23,1,Social
1992,596,90,2024-05-10,4,1046.42,53,1,Direct
1993,47,325,2024-02-07,1,143.18,14,1,Ads
1994,217,136,2024-03-03,1,582.52,10,0,Ads
1995,607,149,2024-10-25,4,938.44,37,0,Email
1996,459,53,2024-03-14,2,961.47,55,0,Email
1997,424,287,2024-01-10,5,767.91,10,0,Social
1998,601,147,2024-01-11,2,782.12,55,0,Email
1999,850,398,2024-05-16,1,1054.21,33,0,Email
2000,42,188,2024-03-13,1,221.37,30,0,Ads
2001,795,384,2024-02-13,1,43.12,59,1,Social
2002,160,227,2024-04-07,5,118.83,21,1,Social
2003,748,124,2024-09-07,1,1067.2,31,1,Direct
2004,503,146,2024-03-20,2,525.32,31,0,Social
2005,428,27,2024-12-25,3,202.7,33,0,Social
2006,398,135,2024-08-28,2,144.39,41,0,Ads
2007,751,97,2024-06-25,1,734.38,48,0,Direct
2008,134,364,2024-12-24,5,116.69,14,0,Direct
2009,549,93,2024-06-23,2,163.26,7,0,Social
2010,879,381,2024-11-26,4,1162.17,44,1,Social
2011,975,285,2024-05-07,4,136.47,15,0,Social
2012,64,389,2024-07-22,5,81.01,2,0,Ads
2013,884,212,2024-05-23,1,27.08,42,0,Ads
2014,656,7,2024-04-07,3,1061.38,47,1,Direct
2015,156,99,2024-04-17,3,1194.26,53,0,Email
2016,721,233,2024-11-03,4,880.45,19,1,Social
2017,329,243,2024-03-01,1,561.1,2,0,Direct
2018,927,322,2024-01-19,1,550.9,60,1,Social
2019,466,364,2024-06-22,3,1087.3,53,1,Direct
2020,118,124,2024-12-20,5,1084.63,53,0,Ads
2021,716,234,2024-10-29,2,80.87,42,0,Email
2022,344,132,2024-11-22,2,74.92,5,1,Ads
2023,670,203,2024-12-04,4,458.85,32,1,Direct
2024,791,314,2024-12-11,4,593.85,38,1,Ads
2025,163,203,2024-02-17,4,293.07,3,0,Email
2026,700,56,2024-04-03,4,1160.3,46,0,Email
2027,848,380,2024-07-30,3,56.26,24,1,Email
2028,617,206,2024-12-21,4,1120.65,52,0,Social
2029,48,190,2024-05-23,4,823.74,43,0,Social
2030,514,159,2024-01-04,5,356.89,25,1,Ads
2031,107,314,2024-04-23,2,455.64,57,0,Social
2032,713,122,2024-11-03,2,520.25,24,1,Email
2033,240,92,2024-06-16,1,256.36,39,1,Ads
2034,224,64,2024-09-03,2,447.04,60,0,Email
2035,113,317,2024-10-01,3,473.01,37,0,Direct
2036,826,289,2024-11-17,2,770.95,55,0,Email
2037,575,159,2024-11-08,2,556.45,13,0,Email
2038,591,54,2024-12-03,2,982.95,32,0,Social
2039,531,359,2024-05-11,2,17.21,25,1,Direct
2040,372,310,2024-04-22,4,1014.6,11,1,Ads
2041,142,22,2024-08-03,2,317.69,7,1,Email
2042,250,15,2024-04-21,1,1002.96,41,0,Email
2043,84,59,2024-06-29,4,523.35,29,1,Ads
2044,620,305,2024-08-01,1,1018.13,54,1,Email
2045,452,63,2024-03-14,4,185.09,46,0,Direct
2046,624,204,2024-08-28,3,183.56,50,1,Ads
2047,340,262,2024-08-25,3,1017.02,53,0,Ads
2048,17,204,2024-07-28,3,1183.46,22,0,Social
2049,558,61,2024-07-20,3,603.93,56,1,Email
2050,948,204,2024-05-29,5,309.67,55,1,Social
2051,849,52,2024-05-03,3,890.45,46,1,Social
2052,837,56,2024-03-07,5,689.92,13,0,Direct
2053,109,221,2024-10-23,2,800.7,28,1,Ads
2054,807,137,2024-01-11,4,826.96,34,0,Ads
2055,624,399,2024-09-21,5,580.6,25,1,Ads
2056,695,341,2024-06-09,5,575.26,35,1,Email
2057,698,158,2024-02-24,3,410.72,29,0,Direct
2058,745,237,2024-06-06,5,1084.19,28,1,Direct
2059,588,335,2024-08-21,1,799.74,24,1,Direct
2060,185,214,2024-10-31,5,787.34,58,1,Direct
2061,427,127,2024-12-21,3,256.28,6,0,Email
2062,280,184,2024-04-09,5,120.25,57,0,Direct
2063,938,223,2024-07-02,4,463.42,9,0,Direct
2064,56,245,2024-12-15,1,1191.82,31,1,Social
2065,563,385,2024-02-23,1,22.51,47,0,Direct
2066,635,216,2024-10-16,2,322.99,34,1,Ads
2067,602,172,2024-02-23,4,810.37,9,1,Social
2068,433,173,2024-08-19,1,587.21,52,0,Ads
2069,353,251,2024-06-11,3,943.34,24,1,Ads
2070,493,44,2024-03-02,2,957.53,35,1,Direct
2071,764,46,2024-09-13,1,1180.04,47,0,Ads
2072,146,120,2024-03-25,2,251.8,30,1,Direct
2073,882,391,2024-05-10,3,573.42,13,0,Social
2074,759,27,2024-06-06,1,18.65,60,1,Direct
2075,392,216,2024-10-07,1,273.35,17,0,Email
2076,135,220,2024-08-10,2,1170.87,39,0,Ads
2077,241,161,2024-12-19,3,841.78,20,0,Social
2078,628,60,2024-08-28,5,979.62,55,0,Social
2079,56,356,2024-02-22,5,393.78,29,1,Email
2080,10,358,2024-07-07,2,1143.55,6,1,Direct
2081,90,251,2024-11-05,5,266.52,56,1,Ads
2082,973,133,2024-06-21,4,1101.3,17,1,Email
2083,159,334,2024-08-16,3,1049.53,16,1,Ads
2084,680,97,2024-12-25,2,420.82,15,1,Social
2085,476,20,2024-07-27,3,386.93,42,1,Email
2086,176,202,2024-06-13,4,777.0,44,0,Ads
2087,311,336,2024-12-07,1,664.64,11,1,Direct
2088,239,146,2024-03-12,3,698.67,51,1,Ads
2089,588,298,2024-08-29,3,226.18,52,1,Direct
2090,475,232,2024-09-29,2,537.58,5,0,Ads
2091,915,303,2024-06-02,2,453.79,46,1,Ads
2092,304,287,2024-12-21,2,931.58,33,0,Social
2093,210,329,2024-04-03,3,681.01,40,1,Email
2094,305,249,2024-01-31,1,346.39,39,0,Email
2095,589,315,2024-03-25,5,262.13,49,1,Email
2096,977,358,2024-02-27,4,983.3,25,0,Ads
2097,80,305,2024-03-24,3,559.7,54,1,Direct
2098,820,341,2024-08-05,1,19.87,45,0,Ads
2099,904,87,2024-09-12,1,67.56,19,0,Ads
2100,399,245,2024-10-14,2,143.7,27,1,Social
2101,983,136,2024-08-27,3,948.54,32,1,Social
2102,318,260,2024-08-29,2,421.3,12,1,Direct
2103,735,225,2024-04-07,3,534.61,45,0,Social
2104,905,322,2024-09-29,2,807.98,18,1,Email
2105,614,353,2024-01-05,1,677.65,13,0,Social
2106,950,160,2024-09-10,3,598.83,23,1,Direct
2107,47,335,2024-06-18,4,130.1,46,0,Ads
2108,330,224,2024-10-11,5,1045.79,50,0,Ads
2109,883,42,2024-12-08,3,768.61,12,1,Social
2110,917,87,2024-03-13,2,45.81,29,0,Ads
2111,342,325,2024-10-22,5,631.63,35,1,Direct
2112,225,296,2024-05-23,3,267.32,26,0,Direct
2113,635,123,2024-06-23,1,84.21,34,0,Ads
2114,34,162,2024-06-10,2,932.61,29,0,Direct
2115,702,175,2024-06-08,1,1107.41,5,0,Social
2116,596,121,2024-11-25,1,474.59,8,1,Social
2117,86,245,2024-06-20,2,1155.64,13,0,Social
2118,868,389,2024-03-11,1,134.1,28,1,Ads
2119,365,130,2024-01-03,4,861.06,34,0,Social
2120,652,214,2024-08-15,5,654.39,22,0,Ads
2121,417,114,2024-12-10,3,312.35,27,1,Email
2122,98,35,2024-04-11,5,1144.5,22,1,Direct
2123,173,310,2024-07-10,2,996.84,44,1,Direct
2124,892,112,2024-10-01,2,1164.69,41,1,Social
2125,772,344,2024-07-11,2,930.94,22,0,Direct
2126,202,99,2024-09-12,5,351.59,13,1,Email
2127,159,109,2024-08-08,4,337.15,46,1,Direct
2128,331,325,2024-11-23,1,190.75,58,0,Email
2129,127,228,2024-03-02,3,1155.18,17,1,Ads
2130,194,196,2024-08-08,1,896.72,14,1,Ads
2131,937,55,2024-12-13,4,139.97,14,1,Direct
2132,360,253,2024-08-06,2,1124.4,51,0,Email
2133,629,239,2024-10-16,3,431.83,40,0,Direct
2134,717,331,2024-08-27,4,864.84,24,1,Direct
2135,903,257,2024-09-19,3,439.08,27,1,Social
2136,143,383,2024-02-08,1,1161.02,53,0,Social
2137,477,145,2024-09-04,5,777.7,39,1,Direct
2138,798,251,2024-07-10,1,704.63,2,1,Direct
2139,850,246,2024-12-11,2,745.67,42,1,Email
2140,179,347,2024-07-02,4,835.23,25,0,Direct
2141,533,61,2024-12-14,4,214.75,17,0,Email
2142,544,156,2024-01-18,4,59.87,39,0,Social
2143,976,336,2024-04-29,3,853.53,9,0,Ads
2144,312,189,2024-09-30,1,544.47,23,1,Email
2145,172,43,2024-11-05,5,639.58,55,0,Ads
2146,862,156,2024-07-20,2,1161.48,20,0,Direct
2147,385,385,2024-07-13,1,1044.54,56,0,Direct
2148,408,256,2024-03-16,1,877.95,15,1,Direct
2149,102,120,2024-11-20,4,81.44,12,0,Social
2150,429,240,2024-07-03,2,287.53,10,1,Social
2151,918,193,2024-11-18,1,535.07,42,1,Email
2152,807,37,2024-08-01,3,361.27,25,1,Direct
2153,599,11,2024-12-19,2,1168.27,42,0,Social
2154,469,60,2024-04-03,2,1144.48,44,1,Direct
2155,353,300,2024-02-28,2,885.57,59,0,Ads
2156,111,375,2024-06-09,3,199.03,26,0,Social
2157,573,219,2024-10-21,4,294.49,24,1,Ads
2158,749,127,2024-01-24,5,331.43,10,1,Direct
2159,770,234,2024-12-15,5,984.38,44,0,Social
2160,284,174,2024-04-14,1,990.25,36,0,Social
2161,225,4,2024-05-12,1,565.59,12,1,Direct
2162,217,312,2024-11-10,2,240.0,59,1,Social
2163,459,39,2024-07-23,2,56.47,18,0,Direct
2164,555,216,2024-02-08,5,810.41,43,0,Social
2165,17,397,2024-02-07,5,773.94,45,0,Ads
2166,744,333,2024-01-08,2,767.08,26,0,Direct
2167,83,107,2024-11-28,4,983.76,57,0,Social
2168,103,47,2024-10-24,4,952.83,58,1,Email
2169,378,360,2024-03-04,2,78.75,28,1,Direct
2170,596,259,2024-07-02,4,714.21,15,0,Direct
2171,589,329,2024-08-16,3,96.68,13,1,Email
2172,144,174,2024-08-05,4,134.56,12,1,Direct
2173,682,163,2024-12-14,3,34.36,15,1,Direct
2174,659,195,2024-05-14,3,657.04,29,1,Social
2175,342,366,2024-05-13,4,158.93,35,0,Direct
2176,669,62,2024-12-27,1,199.74,26,1,Ads
2177,734,129,2024-01-01,1,313.54,2,0,Direct
2178,505,281,2024-10-15,2,433.79,52,1,Social
2179,108,225,2024-01-11,3,442.43,27,1,Ads
2180,985,76,2024-12-10,5,878.99,7,1,Direct
2181,516,22,2024-02-20,1,1004.33,52,1,Ads
2182,36,194,2024-07-18,4,697.8,39,1,Ads
2183,907,264,2024-12-22,2,98.01,2,0,Ads
2184,266,130,2024-10-17,2,611.98,51,1,Email
2185,771,150,2024-09-01,5,644.0,28,0,Social
2186,664,192,2024-12-12,1,842.5,11,1,Direct
2187,607,354,2024-06-11,1,320.37,5,0,Direct
2188,120,284,2024-09-24,2,716.2,53,1,Email
2189,324,111,2024-03-03,5,163.74,44,0,Social
2190,797,162,2024-01-02,4,444.15,1,0,Ads
2191,452,99,2024-08-14,1,959.27,21,1,Direct
2192,762,273,2024-03-30,2,986.3,24,1,Direct
2193,880,236,2024-03-26,1,944.95,16,1,Social
2194,189,325,2024-02-25,3,1030.37,59,0,Social
2195,774,392,2024-09-05,5,695.19,60,1,Direct
2196,257,396,2024-06-24,4,56.71,28,0,Direct
2197,623,186,2024-10-21,5,127.95,46,0,Social
2198,743,321,2024-04-21,2,794.77,30,1,Social
2199,338,184,2024-07-30,1,742.62,7,1,Email
2200,513,282,2024-06-12,2,949.37,52,0,Direct
2201,69,149,2024-06-19,1,538.12,50,1,Social
2202,216,350,2024-03-12,3,664.71,51,0,Email
2203,553,369,2024-09-07,5,631.25,19,0,Email
2204,40,302,2024-05-03,3,424.94,42,1,Email
2205,965,283,2024-07-16,1,682.58,50,1,Ads
2206,709,370,2024-05-20,2,1031.42,26,0,Ads
2207,187,95,2024-05-24,4,199.78,26,1,Email
2208,945,135,2024-11-23,3,341.65,36,1,Direct
2209,971,152,2024-11-04,4,1117.11,10,1,Social
2210,698,128,2024-05-29,4,530.77,7,0,Ads
2211,811,106,2024-11-13,3,615.18,45,1,Ads
2212,926,85,2024-02-14,4,16.77,26,1,Ads
2213,777,57,2024-09-24,2,658.35,39,0,Email
2214,749,159,2024-12-17,2,633.78,59,0,Email
2215,419,334,2024-12-16,5,583.39,20,0,Ads
2216,7,396,2024-06-30,4,833.58,26,1,Direct
2217,821,23,2024-07-18,2,62.61,13,1,Ads
2218,112,166,2024-02-03,5,1049.1,2,1,Social
2219,254,370,2024-01-23,1,270.36,16,0,Social
2220,129,37,2024-07-05,2,552.76,4,1,Ads
2221,428,243,2024-10-26,1,164.97,56,0,Social
2222,761,237,2024-12-31,1,699.06,54,1,Social
2223,926,314,2024-07-06,2,819.49,43,0,Email
2224,51,233,2024-06-30,4,977.83,18,0,Ads
2225,392,365,2024-01-15,3,1129.72,55,1,Ads
2226,459,35,2024-02-06,3,1186.1,24,1,Direct
2227,113,146,2024-12-12,1,949.99,1,1,Email
2228,624,279,2024-06-18,3,60.12,42,0,Email
2229,5,145,2024-09-29,4,1146.17,49,0,Direct
2230,925,26,2024-12-27,5,783.97,31,1,Social
2231,222,228,2024-12-16,5,636.42,12,1,Email
2232,238,195,2024-04-23,2,1017.2,57,1,Email
2233,978,309,2024-01-24,1,1142.57,34,1,Direct
2234,711,18,2024-08-29,2,84.21,26,1,Ads
2235,355,98,2024-03-21,4,1188.82,16,1,Direct
2236,600,266,2024-11-20,4,617.87,55,1,Direct
2237,273,286,2024-01-03,1,997.34,31,1,Email
2238,863,203,2024-11-02,1,260.77,35,1,Social
2239,369,328,2024-09-05,5,231.71,13,0,Email
2240,504,165,2024-09-12,2,958.85,29,1,Ads
2241,937,208,2024-03-12,5,984.67,60,0,Social
2242,83,222,2024-04-21,1,337.27,30,1,Direct
2243,737,382,2024-03-16,4,1065.88,46,1,Email
2244,913,399,2024-10-13,2,1094.58,45,1,Email
2245,179,369,2024-12-27,1,957.77,2,0,Ads
2246,476,183,2024-12-08,2,667.94,40,1,Direct
2247,529,325,2024-09-20,2,184.25,52,0,Email
2248,267,391,2024-01-19,2,1088.08,49,1,Direct
2249,525,246,2024-10-22,1,737.1,8,1,Direct
2250,143,362,2024-08-20,5,790.6,59,1,Ads
2251,632,31,2024-10-08,5,526.05,60,0,Social
2252,796,274,2024-05-24,2,824.97,41,1,Social
2253,485,341,2024-01-23,4,333.27,2,0,Social
2254,857,130,2024-11-18,4,189.48,20,1,Direct
2255,642,228,2024-10-05,5,290.97,22,1,Direct
2256,696,97,2024-03-20,3,24.52,41,1,Ads
2257,856,246,2024-04-11,5,313.18,22,1,Ads
2258,449,391,2024-11-14,3,386.83,59,1,Social
2259,834,347,2024-05-21,1,170.85,28,0,Social
2260,542,206,2024-10-09,3,779.68,3,1,Social
2261,2,2,2024-12-17,4,15.06,7,1,Social
2262,714,87,2024-07-16,3,487.8,15,0,Email
2263,600,172,2024-06-11,5,872.24,39,1,Ads
2264,264,369,2024-08-06,2,425.21,15,1,Direct
2265,61,137,2024-01-11,4,1136.64,34,1,Direct
2266,743,28,2024-03-30,5,492.96,6,0,Social
2267,920,325,2024-04-21,2,381.21,48,1,Ads
2268,812,38,2024-05-25,4,202.37,25,1,Ads
2269,884,105,2024-11-24,4,1153.55,19,1,Social
2270,143,30,2024-07-22,5,855.48,39,0,Ads
2271,833,332,2024-08-06,1,493.83,2,1,Email
2272,383,239,2024-03-05,5,489.79,60,0,Email
2273,336,391,2024-08-10,1,645.32,8,0,Direct
2274,555,8,2024-08-26,1,1011.1,55,0,Ads
2275,798,223,2024-12-29,3,63.11,27,1,Email
2276,79,236,2024-04-03,1,133.25,6,1,Email
2277,921,39,2024-07-01,2,597.93,26,1,Ads
2278,287,265,2024-10-02,2,744.17,10,0,Email
2279,144,37,2024-05-07,1,532.04,20,1,Email
2280,794,29,2024-05-19,5,1082.03,7,0,Ads
2281,242,109,2024-03-04,1,133.8,47,0,Ads
2282,725,280,2024-02-19,3,1086.08,19,1,Direct
2283,575,285,2024-01-31,1,921.82,33,0,Social
2284,925,280,2024-04-09,1,1081.38,17,1,Social
2285,953,15,2024-04-16,5,82.21,50,1,Ads
2286,634,281,2024-04-05,1,268.48,44,0,Direct
2287,794,90,2024-08-04,5,920.8,7,0,Ads
2288,660,28,2024-08-06,3,1192.12,25,0,Social
2289,835,399,2024-06-11,4,947.92,13,1,Social
2290,808,336,2024-02-10,3,730.74,39,1,Direct
2291,24,52,2024-01-06,2,257.18,1,0,Ads
2292,62,80,2024-11-02,4,1177.8,35,0,Direct
2293,455,350,2024-07-31,2,420.96,31,1,Social
2294,924,218,2024-01-02,3,293.56,11,1,Ads
2295,45,260,2024-10-08,1,40.48,8,0,Direct
2296,415,339,2024-07-16,2,673.56,23,0,Email
2297,709,343,2024-01-01,4,19.45,51,0,Social
2298,963,18,2024-05-14,3,62.27,3,0,Direct
2299,825,339,2024-10-16,2,936.5,34,1,Direct
2300,979,332,2024-03-23,2,1153.21,18,1,Ads
2301,85,42,2024-08-02,2,619.53,43,1,Social
2302,57,390,2024-10-09,2,71.29,3,1,Direct
2303,164,318,2024-08-08,5,30.74,3,1,Direct
2304,623,223,2024-04-13,2,772.04,29,1,Social
2305,313,236,2024-11-13,3,782.5,8,0,Ads
2306,903,358,2024-05-29,4,108.3,51,1,Direct
2307,767,73,2024-03-23,3,1092.26,8,1,Direct
2308,991,127,2024-01-19,1,803.79,34,0,Social
2309,886,295,2024-06-19,5,1107.14,10,1,Social
2310,504,195,2024-06-28,4,615.43,29,0,Social
2311,464,229,2024-04-20,4,436.9,6,0,Email
2312,56,326,2024-04-02,4,686.13,14,0,Email
2313,851,261,2024-02-17,3,785.17,56,1,Direct
2314,15,186,2024-06-01,3,366.99,3,0,Direct
2315,851,283,2024-08-15,2,793.88,59,0,Email
2316,650,349,2024-05-13,1,791.71,41,0,Direct
2317,20,390,2024-04-13,4,480.71,14,0,Ads
2318,970,278,2024-06-16,4,441.54,51,0,Social
2319,940,172,2024-06-09,1,282.83,45,0,Social
2320,794,111,2024-06-10,2,417.53,33,1,Direct
2321,671,116,2024-05-06,1,403.43,52,0,Social
2322,150,138,2024-07-04,1,287.61,54,0,Social
2323,658,388,2024-10-24,5,675.01,18,1,Social
2324,286,328,2024-09-10,3,227.8,25,1,Email
2325,108,106,2024-01-25,3,561.15,43,0,Ads
2326,677,22,2024-11-07,2,566.07,25,0,Ads
2327,263,334,2024-05-13,5,235.69,3,0,Direct
2328,736,117,2024-02-26,1,1132.57,1,0,Direct
2329,236,60,2024-10-04,2,966.16,8,1,Direct
2330,366,131,2024-08-27,3,840.23,44,0,Ads
2331,330,58,2024-01-20,3,319.82,43,0,Direct
2332,393,203,2024-06-02,1,753.76,2,1,Email
2333,243,44,2024-10-06,3,654.7,7,1,Ads
2334,326,155,2024-05-19,3,905.48,50,1,Ads
2335,891,174,2024-05-02,1,887.06,39,0,Social
2336,190,70,2024-03-19,1,1154.97,60,1,Email
2337,761,323,2024-03-15,5,1118.64,44,1,Direct
2338,125,106,2024-08-27,1,665.54,26,1,Direct
2339,972,350,2024-11-09,1,251.31,19,0,Email
2340,893,222,2024-02-21,4,554.56,15,0,Direct
2341,57,293,2024-05-31,5,1103.81,3,1,Email
2342,170,349,2024-10-12,3,178.47,55,1,Ads
2343,760,352,2024-05-17,3,664.27,24,1,Email
2344,362,230,2024-09-24,3,207.08,17,1,Direct
2345,475,76,2024-10-31,1,157.32,52,1,Ads
2346,501,110,2024-05-09,2,91.13,35,0,Ads
2347,130,15,2024-06-12,4,358.47,21,1,Social
2348,603,61,2024-03-29,1,1148.03,44,1,Social
2349,175,70,2024-04-24,2,514.94,52,0,Email
2350,484,367,2024-05-31,2,196.74,17,0,Direct
2351,904,192,2024-02-10,4,965.64,42,0,Social
2352,993,299,2024-06-20,3,965.41,33,1,Direct
2353,426,126,2024-11-20,4,311.85,26,0,Social
2354,735,98,2024-07-17,2,1135.39,32,1,Direct
2355,846,61,2024-05-17,1,203.21,1,1,Ads
2356,352,338,2024-03-02,5,518.75,40,0,Email
2357,640,386,2024-08-01,2,557.56,60,1,Email
2358,148,359,2024-08-27,5,1026.49,6,1,Email
2359,442,381,2024-02-14,4,669.91,13,0,Ads
2360,513,379,2024-10-23,4,721.73,30,1,Email
2361,369,73,2024-01-06,4,1152.14,11,0,Ads
2362,268,229,2024-03-09,1,371.54,53,1,Email
2363,166,11,2024-01-03,5,26.68,8,0,Ads
2364,701,171,2024-08-09,5,101.03,58,1,Ads
2365,588,118,2024-08-17,5,1165.73,60,0,Social
2366,848,271,2024-06-03,1,749.95,53,0,Direct
2367,192,354,2024-12-15,5,1168.06,49,0,Direct
2368,776,380,2024-08-19,1,63.94,37,1,Email
2369,111,90,2024-12-06,1,1077.86,40,1,Social
2370,562,387,2024-08-12,2,1048.41,51,1,Ads
2371,646,205,2024-10-18,5,591.1,28,1,Direct
2372,162,50,2024-04-27,3,388.81,40,1,Ads
2373,975,239,2024-07-24,1,403.61,56,1,Email
2374,362,174,2024-02-10,3,366.5,46,0,Social
2375,652,356,2024-01-28,1,886.7,56,1,Direct
2376,16,159,2024-11-05,5,501.96,12,0,Ads
2377,780,50,2024-10-29,2,731.55,22,1,Ads
2378,589,268,2024-07-13,1,1070.4,30,1,Email
2379,753,263,2024-10-12,2,137.04,10,1,Email
2380,651,17,2024-06-19,4,833.55,38,0,Social
2381,985,381,2024-03-06,5,481.86,14,1,Ads
2382,659,173,2024-02-20,4,1153.8,55,0,Social
2383,615,124,2024-05-21,1,597.45,40,0,Ads
2384,69,317,2024-03-11,5,88.7,55,0,Ads
2385,603,189,2024-10-25,1,486.33,15,1,Social
2386,788,294,2024-06-08,4,1036.11,4,1,Social
2387,913,391,2024-12-29,1,448.9,24,1,Ads
2388,475,309,2024-10-20,4,956.83,58,0,Ads
2389,596,280,2024-12-16,1,82.73,60,1,Email
2390,604,277,2024-10-27,2,565.48,52,1,Direct
2391,973,12,2024-02-11,4,181.61,13,0,Ads
2392,554,137,2024-03-31,4,99.64,44,0,Email
2393,626,136,2024-07-20,2,229.54,11,1,Ads
2394,950,8,2024-08-31,3,919.96,36,0,Ads
2395,859,139,2024-02-09,2,1035.23,43,1,Social
2396,199,263,2024-07-06,4,837.01,48,1,Direct
2397,561,167,2024-05-03,4,936.07,4,1,Social
2398,900,384,2024-05-25,2,745.41,52,1,Social
2399,351,392,2024-11-26,1,501.81,36,1,Direct
2400,666,281,2024-11-23,5,1098.6,47,0,Social
2401,721,32,2024-04-15,3,1157.18,35,0,Email
2402,405,126,2024-09-18,4,972.31,40,0,Email
2403,879,161,2024-06-26,3,669.49,2,0,Social
2404,246,10,2024-06-19,5,1061.36,27,1,Social
2405,271,363,2024-12-15,2,716.87,14,1,Direct
2406,580,13,2024-03-07,1,260.46,50,1,Direct
2407,915,101,2024-09-11,5,631.64,19,0,Social
2408,615,17,2024-09-05,4,489.02,31,1,Direct
2409,496,378,2024-10-27,2,192.42,12,0,Email
2410,193,182,2024-03-07,2,667.16,1,0,Ads
2411,574,140,2024-09-07,4,107.35,18,0,Direct
2412,103,398,2024-08-05,5,169.78,23,1,Email
2413,658,101,2024-06-21,3,536.88,24,1,Social
2414,73,229,2024-12-29,4,76.24,32,1,Direct
2415,244,379,2024-03-12,5,193.87,56,1,Social
2416,61,24,2024-01-27,3,1074.05,20,0,Email
2417,468,124,2024-03-04,5,702.96,34,0,Email
2418,157,50,2024-09-03,3,1126.33,29,0,Ads
2419,924,122,2024-08-25,4,113.83,14,0,Ads
2420,205,380,2024-09-29,2,504.36,57,1,Direct
2421,234,50,2024-01-18,3,855.04,1,0,Email
2422,139,219,2024-11-22,3,281.76,48,0,Social
2423,331,165,2024-02-26,4,526.42,27,1,Email
2424,402,207,2024-10-12,4,16.2,37,0,Ads
2425,314,230,2024-06-26,5,965.38,51,1,Email
2426,979,56,2024-12-11,1,935.08,4,0,Direct
2427,103,382,2024-08-27,5,1066.27,24,1,Direct
2428,328,137,2024-05-20,1,713.01,55,0,Ads
2429,438,326,2024-10-09,4,1176.47,31,0,Social
2430,909,200,2024-02-08,2,385.11,46,0,Social
2431,933,391,2024-07-26,5,404.06,6,0,Direct
2432,930,169,2024-05-02,4,713.29,41,0,Email
2433,962,337,2024-02-02,3,656.88,4,1,Direct
2434,371,259,2024-01-28,2,97.85,49,0,Direct
2435,878,24,2024-02-05,1,875.61,31,0,Email
2436,908,359,2024-08-26,2,955.51,9,0,Ads
2437,481,185,2024-10-18,1,377.65,57,0,Ads
2438,327,40,2024-01-17,2,507.88,31,1,Direct
2439,956,77,2024-09-25,3,689.85,46,1,Email
2440,866,154,2024-06-02,5,284.03,12,0,Ads
2441,968,112,2024-02-24,2,224.02,7,1,Ads
2442,875,102,2024-05-17,5,21.08,5,1,Direct
2443,459,10,2024-06-08,3,930.16,20,1,Email
2444,143,177,2024-08-11,3,420.06,33,1,Direct
2445,924,5,2024-12-29,4,543.99,35,1,Ads
2446,243,398,2024-07-14,1,1075.19,5,1,Email
2447,417,179,2024-02-15,2,310.96,1,1,Email
2448,233,64,2024-02-12,3,424.69,49,1,Ads
2449,473,341,2024-07-12,4,1015.68,17,1,Social
2450,95,220,2024-01-25,3,1004.53,3,0,Email
2451,816,54,2024-04-08,5,533.32,23,1,Email
2452,771,387,2024-07-24,2,396.04,39,0,Social
2453,424,282,2024-06-19,3,765.66,30,0,Ads
2454,775,95,2024-12-22,1,848.24,26,1,Ads
2455,402,296,2024-03-11,4,514.36,51,1,Direct
2456,294,76,2024-09-11,5,982.7,28,0,Ads
2457,77,392,2024-02-01,1,516.67,19,0,Social
2458,466,275,2024-05-27,4,1044.72,16,0,Email
2459,822,164,2024-12-06,4,959.03,55,0,Social
2460,800,363,2024-07-11,3,129.81,46,0,Direct
2461,964,11,2024-06-20,1,312.7,6,1,Social
2462,375,146,2024-01-16,3,822.02,54,1,Social
2463,171,193,2024-11-23,1,1127.81,51,0,Ads
2464,305,64,2024-10-28,5,1199.43,47,1,Email
2465,851,188,2024-04-17,4,140.73,43,1,Email
2466,787,197,2024-08-03,3,471.43,56,1,Direct
2467,854,158,2024-12-25,3,1096.41,6,1,Direct
2468,931,306,2024-09-30,3,248.86,21,1,Social
2469,229,63,2024-07-08,5,1099.66,11,0,Ads
2470,822,34,2024-10-04,4,1053.27,8,0,Ads
2471,581,18,2024-11-09,4,436.03,31,1,Ads
2472,558,70,2024-07-06,5,690.98,15,0,Ads
2473,169,67,2024-02-19,2,278.18,22,1,Email
2474,781,5,2024-06-13,5,1068.68,19,1,Social
2475,879,304,2024-01-25,2,1025.27,11,0,Ads
2476,313,25,2024-06-21,1,817.16,34,0,Social
2477,921,125,2024-12-30,1,463.42,36,0,Direct
2478,162,260,2024-02-23,4,417.6,32,1,Social
2479,609,212,2024-11-01,4,1130.75,12,0,Direct
2480,255,25,2024-12-07,3,735.43,59,1,Ads
2481,469,331,2024-11-29,1,216.16,20,1,Direct
2482,416,104,2024-04-21,2,114.79,47,1,Email
2483,512,133,2024-10-24,4,371.07,51,1,Email
2484,452,284,2024-08-26,5,503.99,27,1,Ads
2485,712,352,2024-12-10,4,761.32,59,1,Direct
2486,996,48,2024-02-16,2,432.64,47,1,Social
2487,384,365,2024-06-28,1,1046.66,21,1,Social
2488,109,63,2024-06-18,4,719.23,3,1,Email
2489,299,364,2024-07-20,3,343.32,57,0,Social
2490,169,348,2024-10-31,1,1040.78,31,1,Direct
2491,320,329,2024-09-17,5,957.8,47,0,Social
2492,390,319,2024-05-27,4,986.19,53,1,Ads
2493,579,118,2024-11-19,2,619.87,12,1,Ads
2494,107,369,2024-04-28,4,619.87,14,1,Ads
2495,749,258,2024-12-07,5,1062.72,56,0,Direct
2496,716,8,2024-10-02,3,1136.58,11,0,Email
2497,457,383,2024-07-20,4,201.14,35,1,Social
2498,938,153,2024-10-02,1,461.89,41,1,Email
2499,978,321,2024-10-11,5,766.8,38,1,Direct
2500,656,395,2024-04-07,5,396.29,14,1,Direct
2501,587,15,2024-05-06,4,417.72,10,1,Direct
2502,829,235,2024-05-08,5,37.79,45,1,Email
2503,945,367,2024-02-03,2,703.05,57,1,Email
2504,930,342,2024-10-13,3,586.58,9,0,Social
2505,528,9,2024-11-03,5,420.27,54,1,Email
2506,284,372,2024-11-22,4,255.85,37,1,Social
2507,980,334,2024-09-12,2,578.07,39,0,Ads
2508,909,165,2024-08-16,2,591.09,39,0,Social
2509,210,233,2024-08-31,5,634.16,6,1,Direct
2510,295,175,2024-12-10,5,1085.52,32,0,Social
2511,349,399,2024-08-03,4,575.47,43,1,Social
2512,508,228,2024-10-01,3,749.34,23,1,Direct
2513,708,131,2024-10-18,3,535.97,41,0,Email
2514,42,230,2024-07-12,2,134.98,16,0,Email
2515,578,128,2024-12-30,2,699.74,21,0,Ads
2516,264,316,2024-08-30,1,271.32,30,1,Direct
2517,374,165,2024-08-17,4,684.54,53,0,Email
2518,23,389,2024-08-25,2,261.71,29,1,Direct
2519,89,171,2024-02-07,1,132.96,47,0,Social
2520,331,101,2024-11-13,2,753.81,36,0,Social
2521,737,75,2024-04-02,2,516.71,23,0,Ads
2522,868,109,2024-10-25,3,973.33,9,0,Direct
2523,143,209,2024-01-02,1,654.27,44,0,Ads
2524,773,219,2024-11-26,2,358.9,15,0,Social
2525,307,367,2024-05-10,2,1010.96,5,0,Direct
2526,261,15,2024-09-05,4,427.66,38,0,Email
2527,13,287,2024-10-15,1,131.15,40,1,Social
2528,527,141,2024-09-25,3,911.89,14,0,Social
2529,894,71,2024-11-23,3,1103.92,54,1,Direct
2530,169,26,2024-09-01,3,700.87,17,1,Direct
2531,132,273,2024-05-05,3,459.67,55,1,Social
2532,827,155,2024-09-24,2,1108.22,6,1,Social
2533,82,17,2024-11-23,4,235.46,34,1,Direct
2534,432,138,2024-02-25,1,116.03,43,0,Ads
2535,948,133,2024-01-21,4,293.85,54,0,Ads
2536,360,286,2024-11-27,4,159.54,60,0,Ads
2537,85,358,2024-08-13,4,278.03,23,0,Ads
2538,682,104,2024-02-18,5,518.96,30,1,Direct
2539,840,360,2024-02-12,1,698.33,15,1,Email
2540,498,208,2024-08-26,4,223.58,30,0,Social
2541,208,315,2024-05-01,2,472.48,57,1,Direct
2542,6,313,2024-08-14,1,753.88,52,1,Email
2543,693,255,2024-06-18,4,1144.13,6,0,Direct
2544,766,170,2024-04-02,4,727.64,40,0,Ads
2545,788,72,2024-02-04,5,921.02,5,1,Direct
2546,510,388,2024-06-20,3,100.35,4,0,Email
2547,681,373,2024-08-17,4,853.71,17,1,Email
2548,808,172,2024-10-25,4,974.48,10,1,Social
2549,613,95,2024-02-03,5,1180.22,32,0,Email
2550,938,9,2024-09-12,5,625.91,2,0,Ads
2551,575,387,2024-02-08,3,81.37,31,0,Ads
2552,788,6,2024-08-05,2,211.0,60,1,Ads
2553,116,96,2024-12-05,2,954.65,40,0,Ads
2554,94,278,2024-08-26,5,481.86,6,1,Ads
2555,298,60,2024-08-14,5,157.36,7,1,Social
2556,520,69,2024-07-10,3,451.39,41,0,Email
2557,811,3,2024-04-29,4,1185.36,48,0,Ads
2558,708,267,2024-10-30,3,802.95,11,1,Email
2559,361,41,2024-12-20,1,991.29,48,1,Direct
2560,361,31,2024-03-22,5,795.33,58,1,Email
2561,867,380,2024-08-13,1,308.94,26,1,Social
2562,901,154,2024-07-04,3,607.52,22,1,Email
2563,331,361,2024-10-25,4,349.57,27,1,Social
2564,685,347,2024-05-21,3,807.47,27,1,Social
2565,355,167,2024-03-01,3,1007.6,35,1,Ads
2566,965,58,2024-03-24,5,914.17,10,0,Ads
2567,141,6,2024-07-22,2,1124.51,8,0,Ads
2568,372,260,2024-09-20,3,593.16,53,1,Email
2569,729,370,2024-11-16,2,1176.76,23,1,Social
2570,97,187,2024-09-09,1,62.68,53,1,Ads
2571,179,70,2024-08-14,4,229.37,53,0,Ads
2572,428,206,2024-02-01,1,860.65,28,1,Ads
2573,372,197,2024-11-24,1,472.71,11,1,Social
2574,388,104,2024-01-22,4,666.2,12,1,Direct
2575,315,127,2024-05-14,1,779.87,6,1,Direct
2576,335,302,2024-04-28,2,854.92,27,1,Social
2577,830,392,2024-10-13,3,318.47,49,1,Social
2578,293,195,2024-04-25,3,968.57,31,0,Social
2579,986,318,2024-09-08,2,785.76,15,1,Ads
2580,497,113,2024-12-24,2,544.17,18,0,Social
2581,49,105,2024-05-10,5,685.09,54,0,Direct
2582,735,364,2024-09-19,5,533.29,21,1,Ads
2583,810,249,2024-09-25,1,792.46,47,1,Direct
2584,719,174,2024-07-28,4,917.66,28,1,Ads
2585,61,372,2024-02-09,1,1077.67,27,0,Ads
2586,569,319,2024-08-22,3,914.11,19,0,Email
2587,757,37,2024-10-18,5,552.46,59,1,Email
2588,822,396,2024-08-06,2,676.48,54,0,Direct
2589,756,56,2024-07-31,4,703.93,33,0,Ads
2590,159,323,2024-02-18,3,1130.35,58,1,Direct
2591,994,385,2024-08-27,2,816.09,35,0,Email
2592,355,128,2024-09-18,2,49.23,33,1,Ads
2593,713,50,2024-03-28,1,395.16,10,1,Direct
2594,677,360,2024-09-11,3,662.59,46,0,Direct
2595,918,230,2024-12-05,3,64.1,31,1,Email
2596,104,294,2024-01-10,1,345.9,49,0,Social
2597,699,290,2024-05-20,2,783.29,26,0,Direct
2598,976,3,2024-05-17,1,774.89,58,0,Direct
2599,864,316,2024-05-08,4,358.97,18,1,Direct
2600,708,17,2024-05-31,1,1071.36,53,0,Direct
2601,114,120,2024-11-24,1,339.3,28,0,Email
2602,835,302,2024-09-01,4,92.01,38,0,Email
2603,380,40,2024-11-26,3,644.73,56,1,Direct
2604,928,161,2024-01-09,2,609.32,4,0,Social
2605,200,329,2024-07-22,4,1038.59,54,0,Ads
2606,669,230,2024-04-13,5,1111.56,57,0,Email
2607,673,126,2024-06-19,1,264.71,40,0,Email
2608,422,119,2024-08-05,1,258.55,18,0,Direct
2609,473,134,2024-05-01,2,154.2,54,1,Direct
2610,256,69,2024-03-21,4,737.33,53,1,Social
2611,825,160,2024-05-27,2,156.98,5,0,Direct
2612,253,59,2024-09-25,5,463.39,47,1,Social
2613,432,155,2024-01-20,1,809.8,37,0,Email
2614,840,24,2024-05-11,1,102.25,34,0,Email
2615,405,35,2024-09-21,3,662.84,43,1,Direct
2616,980,368,2024-09-12,1,587.21,59,0,Direct
2617,37,332,2024-11-01,1,940.51,38,1,Ads
2618,618,340,2024-05-10,5,74.25,8,1,Email
2619,828,294,2024-06-23,1,686.5,17,1,Email
2620,671,332,2024-01-17,5,519.9,29,1,Ads
2621,186,106,2024-09-26,2,469.86,5,1,Ads
2622,366,99,2024-03-28,1,1128.49,27,1,Social
2623,791,20,2024-01-05,1,987.04,50,1,Email
2624,543,322,2024-04-26,5,635.57,10,0,Ads
2625,939,110,2024-01-02,5,1186.82,28,1,Direct
2626,244,261,2024-08-14,3,232.93,43,1,Social
2627,803,300,2024-02-09,1,181.93,50,1,Ads
2628,719,76,2024-12-22,3,662.76,41,0,Direct
2629,815,13,2024-09-14,5,1138.98,42,0,Ads
2630,378,389,2024-02-07,4,396.47,34,1,Social
2631,829,300,2024-05-31,1,476.67,54,1,Direct
2632,465,256,2024-04-14,4,1079.13,18,1,Ads
2633,897,299,2024-12-01,5,1189.52,37,0,Social
2634,924,301,2024-11-13,1,661.19,29,0,Direct
2635,999,30,2024-09-16,4,807.28,58,0,Ads
2636,173,112,2024-04-02,3,341.91,59,1,Ads
2637,922,97,2024-01-27,3,28.41,39,1,Direct
2638,412,351,2024-12-03,1,995.22,9,1,Social
2639,216,140,2024-02-09,4,36.36,30,0,Ads
2640,707,71,2024-05-26,3,974.08,12,1,Social
2641,195,65,2024-07-14,1,641.91,50,0,Ads
2642,699,220,2024-09-08,3,1144.96,55,1,Direct
2643,588,47,2024-12-02,1,301.5,37,1,Social
2644,902,32,2024-02-14,4,242.59,51,0,Ads
2645,950,175,2024-10-14,4,1163.29,39,1,Social
2646,771,343,2024-07-22,4,150.27,27,0,Email
2647,340,92,2024-03-18,3,728.03,27,1,Ads
2648,962,174,2024-09-22,3,485.55,18,0,Social
2649,934,146,2024-08-17,2,1147.06,18,1,Direct
2650,932,73,2024-06-06,2,1106.87,23,0,Ads
2651,732,37,2024-07-02,1,846.18,43,1,Email
2652,623,73,2024-05-01,3,612.68,3,0,Direct
2653,657,2,2024-06-21,1,1102.97,4,0,Social
2654,385,278,2024-04-26,4,404.5,22,0,Direct
2655,370,209,2024-08-13,2,901.5,27,1,Social
2656,418,270,2024-08-27,5,59.09,55,0,Direct
2657,611,349,2024-05-22,4,1134.79,12,0,Ads
2658,946,111,2024-08-26,1,1187.03,43,0,Email
2659,215,76,2024-06-24,1,664.64,36,1,Email
2660,425,62,2024-10-19,4,895.05,30,0,Ads
2661,27,56,2024-08-16,5,729.0,1,1,Ads
2662,855,133,2024-07-02,3,629.76,31,0,Ads
2663,48,4,2024-11-30,1,118.76,57,0,Direct
2664,376,239,2024-08-12,4,435.83,25,1,Ads
2665,469,89,2024-05-20,4,638.55,26,1,Social
2666,268,120,2024-02-23,4,1085.3,59,0,Ads
2667,141,18,2024-08-10,4,192.99,51,0,Ads
2668,462,340,2024-03-07,2,675.69,31,1,Social
2669,751,41,2024-01-23,4,58.01,60,0,Ads
2670,907,282,2024-12-02,3,984.17,52,1,Ads
2671,669,165,2024-11-25,4,1075.17,23,1,Direct
2672,51,387,2024-08-17,3,784.66,28,1,Ads
2673,757,369,2024-05-11,1,233.08,48,1,Direct
2674,780,4,2024-02-16,1,1102.05,55,0,Direct
2675,55,299,2024-10-17,3,173.69,27,1,Direct
2676,182,128,2024-01-17,5,955.74,59,0,Direct
2677,371,141,2024-04-18,5,651.86,21,0,Direct
2678,304,17,2024-09-06,3,1107.83,30,0,Social
2679,698,207,2024-01-19,3,823.77,34,0,Ads
2680,9,121,2024-01-31,3,502.78,60,1,Direct
2681,99,295,2024-09-20,5,798.86,2,0,Ads
2682,575,198,2024-01-15,5,468.99,1,1,Email
2683,372,33,2024-05-17,4,451.79,22,0,Direct
2684,959,29,2024-06-18,3,852.39,29,0,Ads
2685,786,254,2024-12-03,1,513.97,57,1,Social
2686,444,96,2024-06-03,5,199.25,45,1,Ads
2687,426,348,2024-08-30,4,1119.85,33,1,Ads
2688,258,10,2024-06-01,5,381.49,25,1,Social
2689,76,364,2024-07-18,1,787.55,55,0,Email
2690,509,27,2024-07-03,3,705.49,18,1,Email
2691,420,42,2024-06-08,1,165.11,60,1,Direct
2692,289,150,2024-11-25,3,969.44,14,0,Email
2693,584,237,2024-01-27,2,700.41,27,0,Social
2694,910,19,2024-01-11,5,519.09,60,1,Social
2695,352,118,2024-05-07,2,156.67,20,1,Direct
2696,868,204,2024-04-24,2,563.53,14,0,Ads
2697,308,302,2024-07-09,4,605.51,13,0,Ads
2698,444,308,2024-03-11,1,948.85,26,0,Ads
2699,902,1,2024-07-03,4,891.29,52,0,Ads
2700,731,176,2024-02-19,1,950.7,34,1,Social
2701,527,276,2024-11-10,5,104.97,56,0,Ads
2702,146,308,2024-07-22,2,931.56,17,1,Email
2703,799,357,2024-08-11,1,75.29,39,1,Direct
2704,38,153,2024-06-13,1,306.75,60,0,Social
2705,221,358,2024-06-29,4,531.78,51,0,Email
2706,512,44,2024-07-05,2,581.55,56,0,Ads
2707,2,265,2024-04-14,5,955.83,53,0,Direct
2708,500,281,2024-10-08,3,1105.23,7,0,Social
2709,559,103,2024-03-04,2,377.3,20,0,Email
2710,353,134,2024-10-05,5,204.54,30,1,Direct
2711,5,37,2024-06-29,2,501.56,29,0,Email
2712,962,161,2024-02-10,5,43.79,47,1,Social
2713,73,333,2024-03-30,3,209.51,28,1,Ads
2714,272,325,2024-07-09,5,694.26,7,1,Social
2715,999,124,2024-03-01,1,226.82,16,1,Direct
2716,72,368,2024-11-05,4,949.73,15,1,Social
2717,761,268,2024-08-02,1,683.23,47,0,Email
2718,205,9,2024-06-24,2,760.11,6,0,Direct
2719,216,164,2024-02-15,4,40.17,9,0,Ads
2720,907,216,2024-01-08,5,809.28,4,1,Social
2721,413,224,2024-06-28,2,239.2,29,0,Email
2722,742,287,2024-10-23,5,386.54,28,1,Social
2723,875,71,2024-03-25,3,749.06,48,1,Social
2724,517,48,2024-06-15,1,557.63,36,0,Direct
2725,453,82,2024-11-05,2,736.91,4,1,Social
2726,49,251,2024-11-06,3,73.69,52,0,Email
2727,118,344,2024-11-21,2,343.37,42,1,Email
2728,418,298,2024-11-29,2,311.83,57,1,Social
2729,104,156,2024-05-24,4,127.5,41,0,Ads
2730,704,309,2024-02-01,5,111.58,9,1,Direct
2731,335,100,2024-08-25,3,624.86,41,0,Social
2732,813,124,2024-07-08,2,22.95,32,1,Email
2733,183,312,2024-04-07,2,401.14,37,0,Ads
2734,561,271,2024-04-27,3,1080.12,30,0,Direct
2735,346,145,2024-08-14,2,232.42,24,0,Social
2736,546,220,2024-04-11,2,842.82,3,1,Email
2737,935,396,2024-03-03,4,35.86,17,0,Email
2738,317,9,2024-05-30,1,816.0,57,0,Ads
2739,367,290,2024-05-25,1,809.71,36,1,Direct
2740,769,336,2024-02-24,5,315.13,37,1,Email
2741,264,211,2024-12-23,5,911.02,6,1,Ads
2742,580,233,2024-02-27,1,107.86,27,0,Social
2743,186,248,2024-05-11,2,355.35,13,0,Email
2744,757,51,2024-07-13,1,386.88,27,0,Social
2745,675,318,2024-02-20,2,376.74,24,0,Ads
2746,798,371,2024-03-25,4,597.37,52,0,Email
2747,297,241,2024-02-03,2,1136.08,38,0,Email
2748,667,111,2024-07-30,3,1010.66,44,0,Social
2749,818,355,2024-03-10,4,1023.66,33,1,Ads
2750,495,100,2024-08-03,1,662.45,14,1,Direct
2751,145,341,2024-01-07,2,799.04,30,1,Social
2752,264,274,2024-04-27,4,760.85,42,1,Ads
2753,723,334,2024-12-07,1,643.17,6,0,Direct
2754,940,256,2024-01-21,1,98.89,47,0,Direct
2755,214,389,2024-08-21,3,49.54,27,1,Direct
2756,511,199,2024-03-26,5,636.11,27,0,Direct
2757,694,154,2024-02-29,1,446.03,12,1,Direct
2758,711,246,2024-01-17,5,1133.12,3,0,Social
2759,416,333,2024-10-24,3,705.45,31,1,Direct
2760,95,79,2024-11-24,2,648.23,13,0,Email
2761,668,318,2024-11-15,2,421.11,42,1,Email
2762,322,205,2024-06-15,5,138.35,57,1,Email
2763,358,199,2024-04-25,5,385.51,32,0,Ads
2764,774,114,2024-04-01,4,396.93,18,1,Direct
2765,211,262,2024-08-09,4,142.87,40,0,Social
2766,181,236,2024-11-03,1,25.06,51,1,Ads
2767,604,51,2024-03-09,5,844.07,44,1,Email
2768,326,201,2024-03-15,2,471.06,50,0,Email
2769,921,118,2024-08-06,4,345.42,52,0,Direct
2770,890,204,2024-01-30,3,619.64,46,1,Direct
2771,329,139,2024-06-30,2,40.78,58,0,Social
2772,538,160,2024-04-20,4,45.72,10,0,Social
2773,414,318,2024-10-25,4,161.51,10,1,Social
2774,22,88,2024-09-11,3,607.37,26,1,Social
2775,747,330,2024-07-07,5,112.69,43,0,Email
2776,505,384,2024-03-02,4,1042.75,40,1,Email
2777,926,378,2024-11-10,3,811.52,1,1,Direct
2778,174,357,2024-01-21,2,107.02,18,1,Email
2779,555,52,2024-05-17,4,518.98,26,1,Ads
2780,89,184,2024-09-27,4,1117.02,24,1,Social
2781,475,27,2024-10-29,1,400.19,32,1,Email
2782,48,9,2024-01-13,1,1004.6,52,0,Ads
2783,508,221,2024-09-11,4,1070.57,30,0,Direct
2784,321,72,2024-06-14,4,42.83,55,1,Email
2785,648,22,2024-02-16,5,339.59,14,0,Direct
2786,323,23,2024-09-09,4,1011.42,44,0,Email
2787,62,167,2024-05-29,5,507.89,56,1,Email
2788,62,261,2024-12-12,4,790.12,5,1,Email
2789,951,50,2024-05-16,5,606.06,12,0,Direct
2790,306,260,2024-05-12,3,1166.65,7,1,Ads
2791,766,95,2024-12-02,2,716.1,4,0,Ads
2792,618,175,2024-09-21,2,972.79,30,0,Direct
2793,887,389,2024-02-16,4,1008.7,41,0,Direct
2794,384,284,2024-05-02,5,888.52,14,0,Email
2795,296,307,2024-03-14,3,587.05,32,0,Direct
2796,633,361,2024-05-12,1,670.09,47,1,Ads
2797,379,333,2024-03-22,3,606.0,24,1,Direct
2798,455,115,2024-02-12,5,377.6,22,1,Direct
2799,500,350,2024-11-22,3,643.36,45,0,Social
2800,669,100,2024-03-11,2,391.86,31,0,Ads
2801,956,46,2024-05-11,1,1091.99,24,1,Ads
2802,168,180,2024-12-11,4,780.2,10,0,Social
2803,767,262,2024-12-25,1,1081.22,10,1,Ads
2804,287,364,2024-10-31,4,864.11,33,0,Social
2805,684,339,2024-07-20,1,968.21,21,0,Ads
2806,904,319,2024-02-08,2,1021.48,13,1,Ads
2807,650,86,2024-09-04,1,186.62,40,0,Email
2808,74,130,2024-11-01,2,121.88,57,1,Ads
2809,301,392,2024-01-28,4,1063.64,53,0,Email
2810,45,287,2024-11-30,5,76.72,39,0,Ads
2811,651,170,2024-02-19,1,284.17,52,0,Ads
2812,350,163,2024-02-02,1,1161.02,46,0,Email
2813,67,86,2024-11-27,3,798.08,43,1,Ads
2814,857,339,2024-05-27,1,428.28,6,0,Ads
2815,738,37,2024-12-31,3,561.11,13,1,Direct
2816,903,358,2024-07-09,1,1163.19,46,0,Direct
2817,367,176,2024-06-18,5,308.01,19,0,Direct
2818,460,117,2024-12-30,5,58.13,59,1,Email
2819,919,10,2024-12-11,5,1004.64,50,0,Email
2820,975,215,2024-12-16,1,127.84,23,0,Social
2821,43,315,2024-03-04,5,770.16,37,0,Email
2822,314,374,2024-04-10,3,848.85,3,1,Direct
2823,564,167,2024-05-10,1,511.63,22,0,Ads
2824,484,273,2024-04-01,5,429.69,24,0,Email
2825,769,124,2024-01-30,4,459.26,10,1,Ads
2826,152,248,2024-03-05,2,368.28,4,0,Direct
2827,660,400,2024-11-23,2,972.71,52,1,Email
2828,893,377,2024-09-08,2,654.4,4,1,Social
2829,659,397,2024-09-17,2,879.53,55,0,Ads
2830,852,154,2024-05-20,3,746.22,29,1,Direct
2831,486,399,2024-08-08,5,1034.38,51,1,Email
2832,578,155,2024-12-28,4,572.45,27,1,Direct
2833,687,87,2024-10-26,5,43.94,30,0,Social
2834,338,337,2024-08-01,2,203.91,23,1,Direct
2835,573,13,2024-03-14,4,774.11,51,0,Email
2836,569,391,2024-04-22,2,375.1,25,0,Direct
2837,208,157,2024-08-09,4,223.72,44,0,Email
2838,340,194,2024-11-17,3,443.99,53,0,Ads
2839,223,327,2024-03-25,4,260.61,14,0,Email
2840,46,258,2024-01-01,2,1163.99,28,1,Email
2841,124,175,2024-12-29,3,617.82,10,1,Email
2842,612,191,2024-08-14,1,1073.21,40,1,Email
2843,348,125,2024-01-17,3,316.41,18,0,Social
2844,582,210,2024-10-21,5,1035.9,9,0,Email
2845,895,110,2024-06-22,2,1078.09,42,0,Email
2846,55,261,2024-01-14,2,888.3,56,1,Direct
2847,424,239,2024-07-12,5,172.55,49,0,Email
2848,528,287,2024-01-06,3,561.44,36,0,Ads
2849,432,131,2024-06-15,3,109.09,19,0,Email
2850,794,24,2024-01-12,5,49.5,43,1,Email
2851,339,268,2024-08-06,5,974.82,50,0,Email
2852,125,215,2024-12-16,4,640.88,1,0,Direct
2853,560,3,2024-05-26,4,691.93,2,0,Social
2854,806,388,2024-06-03,5,544.15,23,1,Email
2855,18,392,2024-05-26,1,881.59,58,0,Ads
2856,79,200,2024-12-06,5,602.86,4,0,Social
2857,451,270,2024-10-13,3,1120.52,29,0,Email
2858,587,31,2024-12-28,2,556.43,34,1,Direct
2859,396,94,2024-05-15,4,1163.09,55,1,Ads
2860,506,338,2024-08-11,5,729.69,58,0,Direct
2861,736,122,2024-03-02,1,1080.71,44,0,Ads
2862,494,187,2024-03-13,4,61.67,38,0,Email
2863,892,111,2024-07-04,5,1114.21,3,0,Social
2864,674,269,2024-11-07,3,931.21,52,0,Ads
2865,311,327,2024-03-14,3,1136.13,44,0,Social
2866,867,282,2024-04-08,4,1157.22,30,0,Email
2867,960,343,2024-03-23,4,1065.38,15,1,Ads
2868,173,71,2024-06-19,5,360.1,6,1,Ads
2869,237,270,2024-01-26,4,448.03,33,1,Email
2870,619,234,2024-03-14,4,161.14,46,1,Direct
2871,862,291,2024-06-13,2,492.33,28,0,Ads
2872,89,360,2024-11-21,5,611.28,41,1,Social
2873,575,294,2024-03-17,2,321.05,56,1,Ads
2874,221,264,2024-07-21,2,540.59,18,0,Ads
2875,895,187,2024-04-14,2,892.78,50,1,Ads
2876,662,367,2024-04-11,1,579.79,12,0,Ads
2877,620,13,2024-10-26,5,560.5,14,0,Email
2878,14,67,2024-11-21,4,658.54,20,1,Ads
2879,45,163,2024-04-02,4,1198.83,30,1,Social
2880,718,221,2024-08-29,2,82.16,21,1,Ads
2881,366,281,2024-09-27,5,297.14,43,1,Email
2882,170,340,2024-02-27,2,196.08,2,1,Ads
2883,743,306,2024-04-28,3,781.03,36,1,Direct
2884,214,331,2024-06-07,5,424.46,27,1,Social
2885,748,89,2024-07-30,1,767.38,5,1,Social
2886,752,352,2024-03-05,1,991.71,7,0,Ads
2887,230,259,2024-07-03,2,1009.17,32,0,Email
2888,683,87,2024-09-11,3,529.04,15,0,Direct
2889,424,32,2024-09-23,4,933.31,35,0,Social
2890,119,134,2024-03-27,1,258.96,28,0,Social
2891,617,6,2024-03-18,4,201.75,41,1,Ads
2892,261,195,2024-01-12,4,609.03,17,1,Direct
2893,989,375,2024-06-08,2,630.36,18,0,Ads
2894,2,311,2024-11-26,3,632.88,51,1,Ads
2895,881,86,2024-12-06,1,909.36,38,0,Email
2896,40,164,2024-08-26,3,571.69,55,1,Ads
2897,264,249,2024-09-26,5,666.9,50,1,Ads
2898,324,250,2024-11-28,4,833.28,9,0,Email
2899,733,378,2024-05-03,5,774.49,1,1,Social
2900,423,192,2024-10-14,2,552.13,39,1,Direct
2901,245,116,2024-10-11,3,509.52,19,0,Social
2902,947,163,2024-01-31,1,1147.02,15,0,Ads
2903,581,379,2024-07-07,2,141.2,36,0,Email
2904,149,340,2024-04-19,2,825.64,3,0,Ads
2905,886,37,2024-04-22,5,1027.06,19,0,Direct
2906,700,363,2024-08-11,2,710.34,17,0,Social
2907,552,120,2024-10-09,4,690.29,21,1,Ads
2908,720,178,2024-03-24,5,18.6,40,1,Social
2909,662,125,2024-05-16,3,1002.58,40,0,Ads
2910,567,278,2024-06-27,2,408.04,2,1,Social
2911,379,323,2024-09-08,5,705.24,47,1,Social
2912,650,26,2024-08-14,2,264.28,23,1,Direct
2913,135,123,2024-06-11,5,896.46,17,0,Email
2914,675,141,2024-03-17,1,832.8,10,1,Direct
2915,721,156,2024-12-10,1,1037.65,24,0,Email
2916,834,345,2024-06-12,1,101.71,44,0,Direct
2917,523,285,2024-01-15,3,732.93,51,0,Email
2918,195,17,2024-09-05,5,740.6,7,1,Direct
2919,60,11,2024-07-20,4,310.22,43,0,Social
2920,54,225,2024-11-30,2,1139.29,10,0,Ads
2921,161,172,2024-01-26,2,1028.38,8,0,Email
2922,831,137,2024-06-11,1,1099.31,17,1,Email
2923,149,267,2024-09-08,2,80.24,18,0,Ads
2924,766,155,2024-04-14,4,842.57,46,1,Email
2925,894,49,2024-07-20,2,884.4,24,0,Direct
2926,919,164,2024-11-19,4,157.87,10,1,Ads
2927,948,332,2024-01-07,4,832.02,44,0,Direct
2928,316,261,2024-07-26,1,716.35,13,1,Direct
2929,969,133,2024-08-05,3,221.68,13,1,Social
2930,507,392,2024-11-14,4,26.0,56,1,Social
2931,977,250,2024-12-23,1,1080.1,5,0,Social
2932,671,197,2024-05-29,3,830.99,35,0,Social
2933,113,363,2024-10-18,2,1195.01,33,1,Direct
2934,46,346,2024-02-18,4,393.43,55,0,Direct
2935,429,129,2024-05-07,2,470.11,17,0,Ads
2936,463,127,2024-12-11,1,1092.12,49,0,Direct
2937,682,222,2024-03-16,1,749.93,38,0,Social
2938,214,305,2024-03-03,5,606.23,48,0,Email
2939,451,256,2024-04-07,2,540.8,55,1,Email
2940,475,286,2024-07-30,2,215.78,1,1,Ads
2941,39,330,2024-02-11,3,227.52,29,0,Ads
2942,913,383,2024-07-31,2,910.94,14,0,Email
2943,566,82,2024-07-12,4,234.8,41,1,Email
2944,472,231,2024-01-21,5,592.68,31,1,Email
2945,908,348,2024-03-16,4,827.85,26,1,Direct
2946,983,380,2024-05-15,4,343.01,33,0,Email
2947,525,354,2024-09-12,3,1145.56,32,1,Ads
2948,952,186,2024-02-22,3,540.98,42,0,Social
2949,183,95,2024-04-28,4,327.06,57,1,Social
2950,34,27,2024-12-02,4,229.89,60,0,Direct
2951,448,78,2024-01-04,3,802.09,7,0,Ads
2952,537,384,2024-09-27,3,479.0,29,1,Direct
2953,784,89,2024-10-15,3,817.8,39,0,Ads
2954,971,150,2024-09-11,1,1188.01,10,1,Direct
2955,854,321,2024-11-16,5,1013.16,46,1,Direct
2956,569,190,2024-07-13,5,575.76,3,0,Ads
2957,679,100,2024-03-19,4,493.68,2,1,Email
2958,722,358,2024-05-11,3,343.61,32,0,Direct
2959,313,399,2024-09-14,2,85.08,24,1,Ads
2960,795,330,2024-03-28,4,168.45,52,1,Social
2961,727,2,2024-10-23,4,642.38,17,0,Ads
2962,446,70,2024-04-29,1,341.51,12,0,Social
2963,822,305,2024-06-26,1,493.76,8,1,Social
2964,498,357,2024-01-21,1,827.85,39,0,Ads
2965,302,225,2024-07-18,1,233.52,55,1,Direct
2966,146,228,2024-03-14,2,410.46,47,0,Ads
2967,972,124,2024-02-01,2,848.46,46,1,Social
2968,421,343,2024-10-04,2,16.25,3,1,Email
2969,56,369,2024-04-13,3,332.72,23,0,Direct
2970,491,304,2024-05-12,4,542.47,15,0,Ads
2971,440,328,2024-06-10,5,338.58,33,0,Ads
2972,941,241,2024-04-01,2,970.55,51,0,Direct
2973,246,256,2024-07-06,2,1123.75,4,0,Direct
2974,197,208,2024-03-11,2,895.41,28,0,Email
2975,867,181,2024-04-16,4,75.46,14,1,Email
2976,336,42,2024-03-04,4,560.36,59,1,Direct
2977,484,223,2024-12-04,4,679.32,4,1,Ads
2978,889,62,2024-03-23,1,939.03,30,1,Direct
2979,578,366,2024-12-25,1,548.25,41,1,Email
2980,631,131,2024-04-09,1,1084.43,51,0,Ads
2981,32,127,2024-07-31,1,305.4,4,0,Email
2982,867,28,2024-09-08,1,205.3,18,1,Social
2983,438,289,2024-11-02,5,842.13,17,0,Email
2984,168,38,2024-02-15,3,795.64,20,0,Direct
2985,157,156,2024-01-23,3,555.62,59,1,Ads
2986,960,351,2024-06-27,4,210.64,49,1,Direct
2987,707,24,2024-02-21,1,1059.07,55,1,Social
2988,653,227,2024-02-27,5,200.05,20,1,Email
2989,983,242,2024-06-03,3,20.85,41,1,Social
2990,455,341,2024-08-01,5,341.07,7,0,Email
2991,989,299,2024-09-04,1,33.16,50,0,Ads
2992,158,4,2024-09-06,1,420.09,6,0,Email
2993,844,90,2024-12-01,4,329.94,3,1,Direct
2994,872,215,2024-07-26,4,560.94,5,1,Social
2995,291,237,2024-02-22,5,658.61,36,1,Direct
2996,19,309,2024-08-30,4,425.53,15,1,Social
2997,604,337,2024-03-15,3,256.51,12,1,Email
2998,805,28,2024-02-01,5,307.6,25,1,Direct
2999,256,253,2024-09-13,5,168.54,47,1,Email
3000,121,87,2024-03-13,2,247.92,9,0,Ads
3001,518,295,2024-02-10,1,66.63,57,1,Direct
3002,663,246,2024-03-08,4,904.91,10,1,Email
3003,142,172,2024-06-11,2,820.08,58,1,Email
3004,662,150,2024-08-13,4,60.69,7,1,Email
3005,203,193,2024-01-21,4,900.2,28,0,Email
3006,101,73,2024-05-22,2,33.81,22,1,Social
3007,601,124,2024-05-11,5,338.77,21,0,Social
3008,500,200,2024-08-23,2,411.42,30,0,Email
3009,674,102,2024-05-13,5,161.2,24,1,Ads
3010,544,376,2024-05-26,2,211.3,12,0,Direct
3011,834,215,2024-04-19,1,1046.25,29,0,Social
3012,358,262,2024-05-07,2,24.04,51,0,Ads
3013,648,31,2024-01-21,1,455.66,22,1,Social
3014,454,316,2024-12-17,4,277.32,45,1,Social
3015,602,128,2024-12-27,3,1087.8,31,0,Email
3016,619,83,2024-11-24,2,112.83,32,1,Ads
3017,465,211,2024-01-19,1,701.38,33,0,Social
3018,288,198,2024-11-10,2,242.61,21,0,Direct
3019,240,379,2024-07-14,3,867.11,41,1,Ads
3020,595,61,2024-12-14,5,170.32,60,0,Email
3021,227,376,2024-10-28,2,41.08,37,1,Direct
3022,891,304,2024-08-03,1,72.59,10,0,Social
3023,14,359,2024-11-04,3,198.62,60,0,Email
3024,486,235,2024-11-15,4,923.1,25,0,Ads
3025,40,363,2024-02-01,2,103.4,27,0,Social
3026,552,263,2024-10-19,3,1000.79,4,1,Ads
3027,436,196,2024-12-23,1,798.31,11,1,Email
3028,607,300,2024-07-07,1,823.61,24,0,Ads
3029,897,329,2024-06-30,4,396.52,30,0,Ads
3030,240,161,2024-06-26,5,204.15,38,0,Social
3031,475,11,2024-07-02,4,18.21,48,1,Direct
3032,735,281,2024-02-19,4,945.85,19,1,Email
3033,365,247,2024-01-08,2,69.14,33,1,Ads
3034,955,30,2024-10-25,5,914.47,5,1,Direct
3035,914,37,2024-11-28,2,324.55,19,0,Social
3036,828,152,2024-12-09,5,938.03,56,1,Email
3037,737,374,2024-08-27,4,16.55,39,0,Social
3038,267,66,2024-07-16,5,654.76,12,1,Social
3039,308,382,2024-03-07,4,1174.52,28,1,Social
3040,722,205,2024-12-20,4,468.13,46,0,Social
3041,383,305,2024-09-16,2,128.28,54,0,Direct
3042,209,262,2024-08-30,2,1147.65,47,0,Direct
3043,178,311,2024-11-04,1,539.42,30,1,Email
3044,839,55,2024-08-13,4,939.92,3,0,Social
3045,414,270,2024-03-29,1,414.05,58,0,Social
3046,21,254,2024-05-31,1,459.79,17,1,Email
3047,129,69,2024-06-20,3,163.96,21,0,Ads
3048,287,295,2024-07-30,5,219.27,36,0,Direct
3049,984,71,2024-12-19,2,638.79,32,0,Ads
3050,778,274,2024-10-14,2,484.96,58,0,Ads
3051,788,52,2024-02-12,5,910.83,35,1,Social
3052,967,244,2024-04-10,1,942.83,37,1,Social
3053,757,9,2024-10-10,1,416.81,58,1,Ads
3054,396,61,2024-03-07,3,687.36,58,0,Direct
3055,398,147,2024-03-21,3,1077.9,51,0,Ads
3056,848,66,2024-02-18,1,270.97,36,0,Direct
3057,593,233,2024-09-07,5,378.59,37,0,Direct
3058,468,66,2024-08-14,3,565.62,30,0,Direct
3059,976,341,2024-09-03,3,1016.81,37,1,Social
3060,185,14,2024-03-14,3,841.32,42,0,Direct
3061,200,233,2024-03-15,2,990.09,39,1,Direct
3062,498,317,2024-06-27,1,346.66,6,0,Direct
3063,644,14,2024-10-23,1,605.47,38,0,Direct
3064,300,271,2024-01-31,2,27.75,22,1,Email
3065,964,166,2024-09-28,4,143.31,57,0,Email
3066,815,193,2024-05-17,3,671.91,37,1,Direct
3067,841,278,2024-01-12,2,184.78,9,1,Ads
3068,466,84,2024-02-07,4,724.76,43,0,Email
3069,472,33,2024-02-11,4,1137.79,59,0,Email
3070,918,41,2024-09-04,5,944.06,60,0,Ads
3071,65,132,2024-08-18,5,588.97,4,0,Direct
3072,340,289,2024-10-24,1,579.97,10,1,Ads
3073,439,357,2024-01-15,5,644.06,52,1,Direct
3074,265,209,2024-02-08,3,75.3,16,1,Ads
3075,774,234,2024-06-24,4,235.71,54,1,Direct
3076,342,394,2024-10-29,1,1185.84,7,1,Direct
3077,334,386,2024-10-25,4,742.96,24,1,Direct
3078,198,384,2024-11-18,3,529.22,46,1,Email
3079,846,194,2024-02-03,2,685.61,8,1,Email
3080,870,253,2024-02-07,1,543.42,44,0,Email
3081,797,320,2024-12-23,4,893.81,11,0,Ads
3082,910,57,2024-08-23,1,111.22,54,1,Social
3083,431,312,2024-04-15,5,812.22,1,1,Direct
3084,222,307,2024-02-12,5,559.56,36,0,Ads
3085,793,117,2024-06-18,1,717.05,37,0,Social
3086,255,72,2024-01-07,1,57.03,4,0,Direct
3087,939,106,2024-03-01,5,350.56,39,1,Email
3088,243,8,2024-07-28,3,246.18,47,1,Social
3089,117,80,2024-07-09,3,140.31,14,0,Social
3090,65,107,2024-05-01,2,271.56,10,1,Social
3091,507,296,2024-07-22,4,772.46,37,1,Social
3092,293,400,2024-06-13,3,59.04,14,1,Email
3093,757,140,2024-09-29,2,769.32,41,0,Social
3094,559,338,2024-08-30,3,245.44,50,1,Direct
3095,951,338,2024-02-22,1,104.94,12,0,Ads
3096,504,56,2024-11-18,3,572.0,29,1,Direct
3097,287,3,2024-07-23,1,836.06,15,0,Email
3098,626,211,2024-06-12,2,59.39,34,1,Ads
3099,439,141,2024-09-07,3,825.88,54,0,Ads
3100,388,377,2024-01-09,1,1128.37,32,0,Direct
3101,500,183,2024-01-05,2,664.19,9,1,Social
3102,169,364,2024-11-05,3,732.61,35,0,Email
3103,783,214,2024-12-20,3,447.06,28,1,Ads
3104,246,344,2024-04-03,2,143.97,40,1,Direct
3105,145,354,2024-11-08,4,1025.45,5,1,Social
3106,243,141,2024-02-13,1,926.25,49,1,Email
3107,653,1,2024-01-08,5,453.1,13,0,Social
3108,798,92,2024-02-04,3,1108.06,2,0,Direct
3109,710,128,2024-01-14,2,59.73,19,0,Ads
3110,879,262,2024-05-15,2,1052.05,9,0,Email
3111,376,342,2024-01-12,1,518.91,20,0,Social
3112,489,296,2024-03-03,3,218.82,10,0,Email
3113,508,91,2024-03-10,3,364.06,10,1,Social
3114,385,356,2024-06-18,3,85.46,26,0,Email
3115,193,95,2024-06-10,4,347.79,35,1,Ads
3116,89,49,2024-07-01,1,738.7,55,1,Social
3117,666,130,2024-09-24,5,584.3,22,0,Social
3118,555,207,2024-06-25,5,476.35,40,0,Social
3119,847,382,2024-12-25,4,658.02,48,0,Social
3120,553,67,2024-05-05,4,510.27,34,1,Direct
3121,365,22,2024-09-24,2,141.5,55,0,Email
3122,865,267,2024-03-22,3,104.54,20,1,Direct
3123,85,77,2024-09-02,1,766.26,15,0,Email
3124,218,306,2024-03-01,1,815.55,46,1,Ads
3125,218,80,2024-09-08,2,304.26,52,1,Ads
3126,891,125,2024-06-13,4,681.66,4,1,Social
3127,886,360,2024-09-27,5,149.13,22,1,Direct
3128,443,371,2024-08-29,1,828.24,13,1,Direct
3129,453,100,2024-12-03,5,774.39,19,0,Direct
3130,951,52,2024-03-27,2,100.19,57,1,Social
3131,153,50,2024-09-08,5,1159.69,15,0,Ads
3132,173,83,2024-09-13,1,788.11,45,0,Ads
3133,353,356,2024-01-02,2,642.07,22,0,Direct
3134,151,50,2024-08-07,5,1026.31,17,0,Email
3135,687,5,2024-10-22,2,395.22,59,0,Email
3136,53,270,2024-11-01,2,1176.87,7,1,Social
3137,166,52,2024-09-18,1,232.54,9,1,Direct
3138,725,139,2024-01-19,2,724.99,53,1,Ads
3139,343,206,2024-06-07,2,55.71,1,1,Direct
3140,299,168,2024-04-18,3,569.92,57,1,Direct
3141,970,327,2024-04-16,5,692.12,52,0,Direct
3142,930,197,2024-04-06,5,270.64,33,0,Ads
3143,975,156,2024-07-06,4,17.97,48,1,Email
3144,548,298,2024-08-27,1,818.24,31,0,Email
3145,946,316,2024-05-25,4,744.0,42,1,Social
3146,153,265,2024-01-03,5,96.11,21,0,Email
3147,614,103,2024-10-20,2,318.03,54,0,Ads
3148,463,61,2024-03-25,5,1139.85,50,0,Ads
3149,562,67,2024-03-29,4,792.79,41,1,Email
3150,729,226,2024-06-07,4,776.67,29,0,Social
3151,525,138,2024-12-25,4,129.07,10,1,Direct
3152,907,240,2024-05-29,2,858.21,17,1,Email
3153,890,310,2024-12-05,4,21.72,38,1,Email
3154,311,16,2024-06-02,4,910.82,12,1,Email
3155,877,257,2024-06-15,4,342.91,60,1,Email
3156,119,299,2024-06-07,5,239.37,50,1,Ads
3157,223,379,2024-10-12,5,184.55,30,1,Social
3158,971,232,2024-05-23,1,1129.07,55,1,Direct
3159,792,24,2024-02-01,5,52.5,50,1,Social
3160,132,74,2024-07-26,4,608.87,16,0,Ads
3161,551,113,2024-12-09,5,494.71,51,1,Ads
3162,211,14,2024-09-20,2,297.22,3,0,Social
3163,926,217,2024-03-10,2,784.0,34,1,Ads
3164,360,193,2024-04-26,3,1142.44,47,1,Direct
3165,597,102,2024-01-07,3,157.49,18,0,Direct
3166,280,189,2024-04-19,2,266.55,25,0,Ads
3167,459,234,2024-12-16,1,1084.42,41,1,Email
3168,293,184,2024-09-18,4,255.13,35,0,Ads
3169,672,359,2024-07-14,2,710.18,50,0,Social
3170,363,245,2024-06-07,1,617.74,1,0,Email
3171,345,27,2024-01-21,5,717.2,13,1,Email
3172,524,36,2024-06-04,3,548.83,14,1,Direct
3173,312,261,2024-09-26,5,1150.69,37,1,Email
3174,219,64,2024-04-26,4,936.66,53,1,Direct
3175,408,20,2024-11-27,3,248.21,49,1,Email
3176,486,250,2024-07-13,5,780.94,52,0,Ads
3177,574,166,2024-07-30,3,660.0,29,0,Social
3178,536,352,2024-06-23,1,989.61,13,1,Social
3179,283,313,2024-01-04,3,892.43,2,1,Ads
3180,767,344,2024-01-26,4,477.49,1,1,Ads
3181,510,136,2024-01-09,3,222.83,30,1,Ads
3182,937,349,2024-07-24,3,844.05,4,1,Social
3183,750,292,2024-04-24,2,280.74,18,0,Social
3184,379,39,2024-02-20,2,240.5,51,0,Ads
3185,117,221,2024-05-10,5,16.6,57,0,Email
3186,535,282,2024-07-09,4,773.9,59,1,Social
3187,688,237,2024-08-28,5,674.84,25,1,Ads
3188,447,294,2024-07-08,1,1145.34,19,1,Direct
3189,101,182,2024-04-02,5,156.8,12,0,Ads
3190,354,358,2024-02-06,3,866.11,21,1,Direct
3191,808,285,2024-05-23,3,1007.6,22,0,Social
3192,699,279,2024-12-02,5,376.93,49,0,Social
3193,972,393,2024-01-09,3,197.74,51,0,Social
3194,747,2,2024-11-13,4,583.68,35,1,Social
3195,168,97,2024-08-12,2,548.63,49,1,Email
3196,108,156,2024-10-24,4,1003.74,25,1,Direct
3197,828,116,2024-06-27,4,399.97,47,0,Social
3198,246,372,2024-03-31,1,98.43,8,0,Ads
3199,173,286,2024-10-21,4,107.75,8,1,Ads
3200,452,363,2024-03-02,2,1141.33,5,1,Social
3201,824,229,2024-07-21,3,1165.6,30,1,Ads
3202,543,267,2024-07-21,5,819.63,19,1,Social
3203,192,317,2024-01-01,3,256.9,52,1,Social
3204,325,380,2024-07-19,4,324.18,52,1,Ads
3205,825,77,2024-06-30,5,402.55,4,0,Email
3206,771,378,2024-02-17,5,591.66,41,0,Direct
3207,483,268,2024-12-30,1,439.17,58,1,Email
3208,767,34,2024-08-01,1,710.55,54,0,Social
3209,344,283,2024-02-02,1,1152.29,21,1,Direct
3210,310,204,2024-10-09,1,879.19,57,1,Email
3211,504,27,2024-10-25,4,301.92,1,0,Email
3212,844,175,2024-04-19,2,967.92,22,1,Social
3213,129,304,2024-09-26,5,1093.45,57,1,Direct
3214,825,197,2024-12-01,4,949.06,58,1,Social
3215,301,334,2024-07-12,1,282.64,50,1,Social
3216,785,7,2024-08-01,3,432.13,13,1,Ads
3217,207,219,2024-08-15,2,1178.49,56,0,Ads
3218,867,25,2024-05-23,3,962.12,58,0,Email
3219,142,251,2024-02-08,5,472.69,21,0,Direct
3220,493,179,2024-08-27,1,314.35,36,1,Social
3221,624,144,2024-09-23,2,218.42,16,0,Ads
3222,549,289,2024-10-30,4,220.89,38,0,Social
3223,821,86,2024-03-30,5,269.87,22,1,Email
3224,528,176,2024-09-24,3,72.04,24,0,Ads
3225,768,212,2024-10-21,5,222.6,45,1,Social
3226,766,14,2024-04-29,4,1106.51,36,1,Direct
3227,392,112,2024-12-25,2,771.34,46,1,Ads
3228,841,156,2024-10-27,1,43.86,54,1,Email
3229,185,201,2024-09-10,2,86.13,39,1,Ads
3230,280,269,2024-12-07,2,312.96,52,0,Email
3231,221,136,2024-08-03,2,172.53,6,0,Direct
3232,583,385,2024-05-23,3,67.05,13,1,Email
3233,702,228,2024-01-19,3,869.54,14,0,Email
3234,605,195,2024-11-11,1,45.62,41,0,Ads
3235,75,346,2024-11-10,5,420.9,3,0,Ads
3236,548,167,2024-12-26,1,228.71,23,1,Email
3237,28,264,2024-01-02,2,353.17,17,0,Ads
3238,164,17,2024-05-17,5,736.86,43,0,Social
3239,4,201,2024-04-16,1,477.35,20,1,Email
3240,900,118,2024-07-07,2,284.35,13,0,Social
3241,125,139,2024-11-26,2,1111.36,38,0,Ads
3242,637,378,2024-01-19,4,1149.07,11,1,Direct
3243,192,236,2024-06-03,2,890.93,43,0,Ads
3244,705,93,2024-12-09,5,56.3,27,0,Direct
3245,2,306,2024-01-24,4,667.64,1,0,Direct
3246,6,285,2024-07-22,3,849.43,31,1,Email
3247,983,366,2024-11-05,2,783.24,36,0,Direct
3248,935,310,2024-10-10,4,229.64,24,0,Social
3249,31,293,2024-12-11,1,750.43,39,0,Email
3250,454,300,2024-05-05,1,1104.56,34,1,Social
3251,866,367,2024-11-05,1,485.53,7,1,Email
3252,729,198,2024-07-23,5,575.57,52,0,Ads
3253,505,228,2024-08-04,2,420.77,38,1,Email
3254,943,113,2024-12-05,3,51.17,7,1,Email
3255,380,263,2024-04-18,2,762.62,15,0,Direct
3256,802,380,2024-07-01,4,625.74,48,1,Ads
3257,570,320,2024-07-29,5,820.85,49,1,Email
3258,326,199,2024-01-18,5,651.25,48,1,Direct
3259,803,372,2024-10-27,4,225.0,17,1,Email
3260,464,148,2024-10-30,2,535.46,46,1,Ads
3261,703,168,2024-09-12,1,139.56,20,1,Ads
3262,536,143,2024-05-16,2,636.17,28,0,Ads
3263,1000,187,2024-03-25,2,999.22,18,0,Email
3264,669,163,2024-04-24,5,1160.93,7,1,Ads
3265,692,37,2024-05-22,4,418.27,13,1,Direct
3266,648,354,2024-04-04,5,1144.59,49,1,Direct
3267,728,111,2024-05-08,3,511.82,7,1,Direct
3268,24,67,2024-01-10,5,371.74,25,0,Ads
3269,396,68,2024-03-16,4,616.02,11,1,Email
3270,906,367,2024-02-24,2,1151.71,50,1,Direct
3271,409,311,2024-02-27,2,184.96,13,0,Social
3272,926,97,2024-06-05,1,789.19,49,1,Social
3273,275,124,2024-06-02,5,966.62,39,1,Social
3274,265,168,2024-03-06,5,195.07,41,1,Direct
3275,780,186,2024-04-09,3,210.81,22,0,Ads
3276,340,27,2024-08-10,3,489.11,27,0,Social
3277,860,226,2024-06-12,3,1158.1,28,0,Ads
3278,37,168,2024-01-01,3,715.98,24,0,Social
3279,147,277,2024-11-25,3,199.89,47,0,Social
3280,506,200,2024-07-30,1,183.44,33,0,Social
3281,228,306,2024-08-25,4,1126.04,50,1,Social
3282,924,213,2024-09-03,3,107.99,17,0,Email
3283,742,240,2024-09-16,2,878.03,58,1,Ads
3284,552,314,2024-10-07,5,341.58,55,1,Email
3285,323,180,2024-02-22,2,327.81,36,1,Social
3286,546,346,2024-09-07,4,194.68,27,1,Email
3287,253,211,2024-07-31,4,667.96,9,0,Direct
3288,83,86,2024-06-23,2,546.81,41,0,Social
3289,66,100,2024-04-14,5,466.73,12,0,Social
3290,141,322,2024-03-15,2,288.14,35,0,Ads
3291,219,262,2024-10-30,4,1089.62,59,1,Direct
3292,346,357,2024-01-07,5,151.42,27,0,Direct
3293,517,305,2024-08-04,1,590.11,20,1,Direct
3294,831,203,2024-08-05,3,818.78,51,1,Social
3295,888,113,2024-12-11,5,526.28,35,1,Social
3296,823,184,2024-02-25,1,372.97,57,1,Social
3297,401,155,2024-10-06,3,1164.79,26,0,Ads
3298,869,72,2024-04-10,1,959.63,39,1,Email
3299,886,394,2024-10-31,4,701.62,21,1,Social
3300,142,315,2024-03-17,2,18.23,12,0,Ads
3301,697,164,2024-01-28,1,474.8,52,1,Ads
3302,229,89,2024-11-17,4,614.9,30,1,Ads
3303,874,134,2024-03-14,3,471.02,16,0,Email
3304,77,270,2024-05-13,4,269.4,34,0,Direct
3305,551,275,2024-02-25,5,1080.09,50,0,Direct
3306,851,379,2024-07-03,4,944.29,41,1,Ads
3307,295,259,2024-02-26,4,1184.47,51,0,Ads
3308,289,278,2024-08-12,3,1088.16,43,1,Direct
3309,672,186,2024-02-23,4,1170.01,48,0,Social
3310,839,133,2024-06-02,1,681.69,37,1,Direct
3311,408,390,2024-04-20,2,114.43,4,0,Email
3312,343,32,2024-09-04,5,1160.8,41,1,Social
3313,479,363,2024-08-19,2,419.66,42,1,Social
3314,68,244,2024-09-02,3,513.25,3,1,Email
3315,429,49,2024-02-28,1,1140.97,9,1,Social
3316,892,200,2024-09-21,4,1029.84,7,0,Ads
3317,396,157,2024-08-12,1,869.09,30,1,Email
3318,374,60,2024-11-03,3,830.55,43,0,Direct
3319,443,55,2024-02-09,5,309.39,2,0,Social
3320,308,369,2024-06-09,2,341.38,20,1,Ads
3321,715,280,2024-05-12,2,479.94,10,0,Email
3322,278,369,2024-01-11,1,246.62,49,1,Direct
3323,227,80,2024-08-31,2,1178.51,15,0,Email
3324,96,26,2024-03-11,1,545.92,31,1,Ads
3325,686,3,2024-08-20,3,810.24,31,1,Social
3326,422,347,2024-11-25,4,262.99,39,0,Email
3327,679,108,2024-09-01,3,1131.97,46,1,Ads
3328,537,296,2024-10-01,2,143.38,28,1,Social
3329,472,78,2024-02-10,3,306.55,43,0,Direct
3330,66,324,2024-12-23,4,660.01,43,0,Social
3331,90,253,2024-05-05,1,216.79,30,0,Ads
3332,487,179,2024-12-28,2,691.42,49,0,Direct
3333,659,101,2024-11-13,1,562.34,15,1,Direct
3334,630,385,2024-12-03,1,789.69,51,1,Social
3335,652,194,2024-03-18,3,933.61,7,1,Direct
3336,840,66,2024-05-24,2,867.85,23,0,Social
3337,618,47,2024-08-29,5,1118.46,40,0,Social
3338,618,183,2024-05-29,4,1184.48,34,1,Direct
3339,670,294,2024-05-22,3,876.91,49,1,Ads
3340,574,264,2024-09-07,2,806.08,21,0,Ads
3341,214,152,2024-12-21,3,264.92,14,0,Social
3342,80,185,2024-03-31,5,550.45,41,1,Direct
3343,55,171,2024-08-11,3,907.92,10,1,Direct
3344,854,188,2024-06-02,5,1158.98,33,0,Ads
3345,384,369,2024-11-05,5,615.26,47,0,Direct
3346,860,256,2024-03-26,5,683.94,13,1,Ads
3347,932,79,2024-01-28,4,281.52,55,0,Direct
3348,350,317,2024-04-23,5,408.86,33,1,Email
3349,923,213,2024-07-22,2,945.01,24,0,Ads
3350,669,166,2024-06-30,2,474.06,43,0,Email
3351,515,237,2024-01-20,3,357.48,26,0,Social
3352,347,307,2024-10-15,4,644.97,5,0,Social
3353,780,362,2024-02-04,3,1014.44,18,0,Ads
3354,504,50,2024-05-03,4,1192.37,13,0,Email
3355,178,370,2024-05-10,4,925.62,16,1,Direct
3356,713,317,2024-04-05,4,837.58,46,1,Ads
3357,438,204,2024-08-28,1,22.02,22,1,Direct
3358,654,287,2024-06-16,4,659.42,52,0,Ads
3359,233,149,2024-08-18,1,329.16,44,1,Ads
3360,470,153,2024-01-28,1,44.6,59,1,Email
3361,887,203,2024-07-18,2,1071.94,48,1,Email
3362,288,242,2024-03-21,4,531.67,36,1,Ads
3363,590,174,2024-12-16,3,706.9,49,0,Direct
3364,348,64,2024-09-09,4,1171.83,53,0,Ads
3365,537,284,2024-05-25,1,936.57,16,1,Email
3366,830,146,2024-05-09,3,1131.45,18,0,Social
3367,163,24,2024-12-09,2,1017.15,29,0,Direct
3368,6,320,2024-08-16,2,863.36,46,1,Direct
3369,576,360,2024-10-21,5,542.72,51,0,Social
3370,972,191,2024-10-20,5,909.65,29,1,Ads
3371,474,204,2024-09-27,5,776.06,54,1,Email
3372,405,309,2024-07-23,4,432.82,33,0,Social
3373,315,10,2024-07-31,1,345.08,32,0,Direct
3374,352,175,2024-01-11,1,526.62,15,0,Ads
3375,509,122,2024-01-06,1,1152.08,40,1,Social
3376,744,331,2024-05-15,2,1196.65,46,0,Email
3377,177,43,2024-10-01,1,1061.51,7,0,Ads
3378,126,261,2024-01-09,1,690.95,12,0,Social
3379,68,18,2024-08-27,2,134.58,23,1,Direct
3380,496,56,2024-12-11,4,139.42,20,0,Ads
3381,532,86,2024-04-17,5,342.38,44,0,Email
3382,215,139,2024-09-28,2,51.24,45,1,Ads
3383,73,340,2024-12-26,1,22.13,46,0,Direct
3384,464,273,2024-06-26,4,351.44,50,0,Ads
3385,492,357,2024-02-29,4,732.04,39,1,Email
3386,559,175,2024-08-30,1,1051.79,52,0,Email
3387,997,112,2024-07-14,4,386.97,33,0,Email
3388,362,129,2024-09-29,4,495.66,41,1,Social
3389,856,330,2024-08-07,4,1062.01,17,1,Social
3390,895,392,2024-08-31,5,149.21,38,1,Email
3391,420,362,2024-04-03,5,65.39,41,0,Email
3392,261,203,2024-12-28,3,1169.98,18,0,Email
3393,561,43,2024-07-16,2,983.6,32,1,Direct
3394,446,112,2024-07-12,1,535.07,15,1,Direct
3395,214,150,2024-02-19,3,840.5,1,0,Social
3396,220,125,2024-06-25,4,627.68,18,0,Direct
3397,693,330,2024-06-07,1,116.04,51,1,Email
3398,291,379,2024-05-29,1,773.18,59,0,Email
3399,998,27,2024-12-07,3,957.16,43,1,Email
3400,396,27,2024-12-30,3,296.55,55,0,Ads
3401,962,219,2024-10-30,2,670.03,37,1,Social
3402,979,168,2024-05-01,5,167.71,41,0,Social
3403,561,304,2024-05-11,4,534.12,18,0,Ads
3404,249,253,2024-09-24,1,1122.33,3,1,Email
3405,327,327,2024-10-09,2,971.58,28,1,Email
3406,184,197,2024-11-13,1,519.32,27,0,Email
3407,54,250,2024-02-25,3,433.75,4,0,Social
3408,103,22,2024-03-06,4,62.17,39,0,Ads
3409,423,181,2024-09-28,1,28.93,15,1,Social
3410,291,228,2024-07-26,5,321.45,18,1,Ads
3411,733,74,2024-04-13,1,1065.17,49,0,Ads
3412,265,34,2024-07-02,3,827.07,17,1,Direct
3413,991,344,2024-05-24,3,310.95,12,1,Email
3414,729,83,2024-10-16,5,704.8,57,0,Ads
3415,511,350,2024-09-25,4,818.4,5,1,Social
3416,173,297,2024-05-14,5,756.21,60,1,Social
3417,264,389,2024-03-07,2,490.04,57,1,Ads
3418,743,143,2024-02-24,4,922.59,33,1,Email
3419,188,324,2024-11-17,5,1141.19,34,1,Direct
3420,162,61,2024-03-22,4,621.67,4,0,Ads
3421,959,219,2024-05-08,5,374.31,32,0,Email
3422,428,289,2024-06-26,3,500.22,6,1,Direct
3423,288,297,2024-08-18,1,436.36,16,0,Social
3424,998,307,2024-04-29,3,467.29,2,1,Email
3425,764,331,2024-09-04,3,211.39,32,1,Direct
3426,260,99,2024-11-25,1,494.54,18,1,Social
3427,126,231,2024-04-03,2,1171.96,25,0,Email
3428,180,95,2024-09-30,4,441.36,57,1,Social
3429,434,184,2024-01-14,4,368.51,47,1,Email
3430,983,73,2024-07-19,3,371.27,18,1,Social
3431,548,117,2024-08-11,5,1191.54,33,0,Email
3432,713,55,2024-09-03,1,431.05,42,1,Ads
3433,662,39,2024-04-06,1,934.63,5,1,Email
3434,127,169,2024-02-16,2,724.19,28,0,Direct
3435,236,31,2024-08-04,1,653.08,38,1,Social
3436,261,350,2024-08-28,5,436.28,40,1,Ads
3437,773,350,2024-01-23,2,532.58,22,1,Email
3438,131,371,2024-10-23,5,828.83,55,0,Social
3439,532,47,2024-06-09,2,671.05,60,0,Ads
3440,703,385,2024-03-29,2,1003.39,58,0,Direct
3441,894,103,2024-08-22,1,114.0,34,0,Social
3442,926,154,2024-05-15,5,464.48,21,0,Email
3443,673,18,2024-11-04,2,496.99,14,1,Direct
3444,674,121,2024-09-05,5,1024.08,12,1,Email
3445,301,28,2024-04-30,4,235.18,38,1,Email
3446,287,67,2024-08-02,1,251.29,51,0,Email
3447,155,32,2024-03-27,4,642.78,35,1,Ads
3448,874,5,2024-03-18,2,688.56,51,1,Social
3449,342,107,2024-04-08,1,30.17,42,0,Social
3450,114,209,2024-10-19,4,763.23,43,1,Email
3451,304,48,2024-02-17,2,25.01,30,0,Social
3452,856,324,2024-06-09,1,369.17,21,1,Ads
3453,851,62,2024-06-17,2,997.06,16,0,Direct
3454,598,140,2024-12-01,3,621.92,42,0,Ads
3455,337,276,2024-07-28,1,48.96,16,0,Email
3456,140,75,2024-07-14,5,899.27,19,1,Social
3457,958,392,2024-10-17,5,253.22,27,0,Direct
3458,859,63,2024-12-06,4,476.93,15,0,Ads
3459,544,53,2024-03-03,4,139.09,38,1,Email
3460,157,355,2024-04-21,4,815.41,31,0,Social
3461,725,315,2024-03-01,5,350.78,54,1,Social
3462,774,288,2024-08-30,3,597.77,34,0,Direct
3463,811,105,2024-04-18,5,1030.84,1,1,Ads
3464,418,9,2024-06-10,4,134.87,38,1,Ads
3465,610,237,2024-08-04,5,731.48,29,0,Ads
3466,855,382,2024-07-03,2,1029.89,49,1,Direct
3467,76,69,2024-02-25,1,812.34,57,0,Ads
3468,264,301,2024-11-15,1,573.46,8,0,Email
3469,644,119,2024-02-29,5,869.63,35,1,Email
3470,22,245,2024-07-16,4,627.65,40,0,Direct
3471,306,68,2024-09-07,3,777.2,2,1,Social
3472,508,50,2024-04-15,3,813.6,19,1,Direct
3473,215,12,2024-01-04,4,97.72,29,1,Social
3474,218,277,2024-04-19,5,1021.63,42,1,Social
3475,928,116,2024-01-22,4,620.52,54,0,Ads
3476,747,83,2024-06-10,4,1152.35,40,0,Direct
3477,166,207,2024-12-05,4,344.0,49,0,Direct
3478,362,8,2024-05-14,3,932.83,29,1,Email
3479,228,205,2024-12-29,1,1045.9,34,1,Ads
3480,920,316,2024-06-08,5,468.74,3,0,Email
3481,375,273,2024-11-19,2,674.65,36,1,Social
3482,539,285,2024-04-12,4,1086.43,49,1,Email
3483,873,327,2024-04-25,3,802.27,43,0,Email
3484,261,71,2024-07-02,5,1103.19,24,0,Email
3485,628,335,2024-07-03,3,472.76,43,1,Ads
3486,230,305,2024-05-28,1,806.63,33,0,Email
3487,581,174,2024-03-01,2,740.41,10,0,Social
3488,381,274,2024-06-26,1,900.95,59,0,Ads
3489,439,385,2024-05-20,2,326.94,42,0,Social
3490,629,361,2024-12-08,1,233.1,16,0,Email
3491,240,330,2024-09-13,4,447.08,40,0,Direct
3492,660,91,2024-04-01,3,774.85,57,0,Email
3493,374,97,2024-03-23,1,1087.99,7,0,Social
3494,119,293,2024-05-21,1,831.21,48,0,Direct
3495,255,338,2024-12-16,3,567.6,2,0,Ads
3496,932,235,2024-08-24,1,921.81,40,0,Social
3497,614,38,2024-09-07,3,926.49,48,0,Email
3498,324,47,2024-02-04,4,42.99,32,0,Ads
3499,606,160,2024-10-07,1,836.76,27,0,Direct
3500,289,147,2024-02-27,1,1027.46,27,0,Direct
3501,764,156,2024-10-16,1,449.96,3,0,Social
3502,280,95,2024-03-24,4,142.25,23,0,Social
3503,98,23,2024-04-23,3,363.23,29,1,Email
3504,543,334,2024-08-02,2,413.28,49,0,Direct
3505,962,105,2024-02-13,1,774.9,41,0,Direct
3506,452,298,2024-03-31,1,947.8,10,1,Direct
3507,20,231,2024-04-19,4,493.93,41,1,Ads
3508,122,88,2024-10-11,2,909.96,20,1,Direct
3509,845,103,2024-01-30,3,998.33,37,0,Email
3510,487,246,2024-03-02,2,316.08,45,1,Ads
3511,884,76,2024-03-21,2,251.48,5,1,Social
3512,361,245,2024-07-05,1,890.66,14,0,Direct
3513,196,283,2024-02-24,4,286.9,17,1,Ads
3514,64,102,2024-02-23,5,554.12,1,1,Ads
3515,631,287,2024-07-01,1,959.71,24,0,Direct
3516,73,321,2024-08-22,4,647.98,43,0,Social
3517,826,1,2024-10-29,2,35.06,13,1,Ads
3518,591,233,2024-05-10,5,611.23,20,1,Social
3519,826,226,2024-06-21,2,1134.08,57,1,Email
3520,394,154,2024-11-22,2,471.23,52,1,Social
3521,525,345,2024-08-22,5,506.97,55,0,Direct
3522,702,163,2024-05-08,2,433.48,41,0,Ads
3523,707,208,2024-08-04,2,408.04,34,1,Direct
3524,766,70,2024-08-23,3,425.41,13,1,Direct
3525,929,185,2024-08-22,1,396.71,43,1,Ads
3526,390,118,2024-06-23,4,34.1,53,0,Ads
3527,261,121,2024-06-19,3,643.6,12,1,Email
3528,553,261,2024-03-25,3,615.31,33,0,Email
3529,92,3,2024-08-21,1,884.92,28,1,Ads
3530,666,225,2024-12-13,3,275.52,57,0,Email
3531,232,263,2024-04-17,1,37.21,20,0,Ads
3532,249,249,2024-09-29,1,1191.71,58,0,Social
3533,442,137,2024-02-27,3,57.35,49,0,Ads
3534,130,223,2024-08-11,4,585.61,42,1,Ads
3535,598,157,2024-10-16,5,97.54,28,1,Direct
3536,121,260,2024-09-03,4,918.61,42,0,Ads
3537,252,33,2024-07-13,5,591.65,40,0,Email
3538,97,261,2024-03-24,1,929.68,34,1,Social
3539,236,84,2024-06-23,5,801.98,8,1,Email
3540,673,196,2024-02-21,3,345.01,39,1,Email
3541,250,123,2024-05-10,5,398.62,2,0,Ads
3542,867,353,2024-12-03,4,54.76,58,1,Social
3543,497,303,2024-08-11,4,1004.12,15,1,Ads
3544,390,304,2024-07-22,3,487.13,26,0,Ads
3545,438,235,2024-10-02,1,913.21,37,0,Email
3546,909,199,2024-06-21,5,709.63,22,1,Social
3547,939,103,2024-07-19,3,607.68,3,1,Direct
3548,87,180,2024-12-28,5,974.59,37,1,Social
3549,528,99,2024-06-30,5,56.56,32,0,Ads
3550,796,78,2024-07-18,3,1151.37,4,1,Ads
3551,83,257,2024-09-15,4,960.53,30,0,Email
3552,293,123,2024-08-21,1,113.26,36,0,Email
3553,677,9,2024-12-22,2,1080.78,44,1,Direct
3554,594,263,2024-11-17,4,1107.66,3,0,Ads
3555,996,136,2024-11-26,4,1084.0,19,1,Social
3556,856,316,2024-08-22,4,189.82,5,1,Email
3557,489,377,2024-06-17,5,861.88,60,0,Ads
3558,727,308,2024-04-30,1,789.71,11,0,Direct
3559,958,395,2024-06-14,3,31.78,52,0,Ads
3560,251,380,2024-03-01,5,697.89,46,1,Email
3561,570,348,2024-04-22,4,370.5,48,0,Email
3562,446,245,2024-06-10,4,1097.96,8,0,Email
3563,759,364,2024-11-19,3,1112.01,9,0,Ads
3564,819,78,2024-02-29,1,484.91,47,1,Email
3565,577,177,2024-03-04,2,634.45,22,1,Email
3566,177,254,2024-06-10,3,141.63,8,0,Direct
3567,972,20,2024-07-23,5,151.98,28,0,Direct
3568,62,30,2024-04-07,5,959.45,51,0,Email
3569,500,101,2024-11-15,2,810.69,32,0,Direct
3570,465,352,2024-08-16,2,1050.68,43,0,Direct
3571,319,301,2024-01-01,4,480.08,11,0,Direct
3572,622,325,2024-09-02,3,1037.26,53,0,Direct
3573,420,149,2024-03-27,3,814.12,56,0,Direct
3574,590,309,2024-12-18,2,672.37,50,0,Email
3575,103,292,2024-11-10,5,554.35,37,1,Social
3576,31,265,2024-07-19,5,1036.91,58,0,Email
3577,879,98,2024-09-13,4,879.63,57,1,Ads
3578,484,116,2024-03-11,4,239.83,7,1,Social
3579,395,48,2024-06-27,3,294.74,55,0,Ads
3580,542,337,2024-09-22,5,468.11,35,1,Email
3581,284,222,2024-03-17,2,178.59,6,1,Direct
3582,565,63,2024-10-31,5,204.34,17,0,Email
3583,999,133,2024-01-29,1,849.93,25,0,Direct
3584,695,94,2024-05-31,1,533.55,10,1,Social
3585,812,274,2024-05-01,1,1091.36,24,1,Ads
3586,787,134,2024-04-23,4,858.97,6,1,Direct
3587,770,310,2024-06-08,4,297.16,42,0,Direct
3588,214,70,2024-08-31,4,1177.08,55,1,Social
3589,300,225,2024-04-30,3,564.83,51,0,Direct
3590,541,224,2024-06-05,1,207.6,10,1,Ads
3591,82,209,2024-05-02,3,185.9,49,0,Direct
3592,222,207,2024-06-30,4,392.59,58,1,Ads
3593,66,42,2024-09-21,5,636.7,43,0,Ads
3594,95,316,2024-08-03,2,790.77,54,0,Social
3595,749,105,2024-04-06,5,297.57,57,1,Social
3596,780,4,2024-01-19,2,727.04,58,1,Social
3597,701,152,2024-08-28,2,23.42,21,1,Social
3598,428,157,2024-07-17,1,759.42,10,0,Social
3599,360,128,2024-06-27,2,646.78,50,1,Ads
3600,532,223,2024-04-14,2,773.24,60,0,Direct
3601,761,138,2024-07-28,4,21.08,36,0,Ads
3602,173,88,2024-08-30,2,838.73,29,1,Ads
3603,22,230,2024-09-20,2,135.36,24,0,Social
3604,958,114,2024-02-04,4,697.36,2,0,Social
3605,695,288,2024-08-20,5,217.41,23,1,Email
3606,754,327,2024-04-06,3,17.02,43,1,Email
3607,776,215,2024-05-30,1,191.35,24,1,Email
3608,649,246,2024-12-16,5,461.87,2,0,Social
3609,617,190,2024-08-30,4,255.48,56,0,Social
3610,141,118,2024-07-29,5,255.03,38,1,Social
3611,174,200,2024-02-04,4,954.67,49,0,Social
3612,532,367,2024-01-02,5,97.43,7,1,Ads
3613,673,206,2024-09-13,3,665.05,55,0,Social
3614,167,274,2024-08-27,3,844.78,3,1,Social
3615,412,100,2024-12-30,4,943.46,38,0,Ads
3616,387,321,2024-05-24,3,368.91,60,1,Social
3617,45,172,2024-01-11,1,763.96,12,1,Email
3618,483,270,2024-12-10,4,244.49,58,1,Social
3619,596,162,2024-10-21,3,765.2,18,0,Social
3620,735,229,2024-01-27,5,887.77,57,0,Social
3621,71,139,2024-04-10,3,487.52,46,1,Social
3622,34,222,2024-08-09,2,453.13,31,1,Direct
3623,896,68,2024-08-05,4,345.38,3,0,Email
3624,531,140,2024-05-30,3,77.33,5,1,Social
3625,755,256,2024-02-08,1,505.42,53,0,Ads
3626,933,307,2024-06-26,1,1097.44,47,1,Direct
3627,551,208,2024-07-07,5,410.02,15,1,Ads
3628,562,47,2024-06-01,4,986.74,7,1,Email
3629,322,77,2024-10-31,2,900.09,36,0,Social
3630,877,228,2024-08-31,3,1166.53,18,1,Email
3631,855,198,2024-12-08,1,1161.2,19,1,Direct
3632,135,347,2024-03-08,1,821.41,4,0,Ads
3633,462,145,2024-11-04,1,347.45,10,1,Ads
3634,809,151,2024-07-17,5,573.45,16,0,Ads
3635,49,153,2024-08-17,3,1129.31,16,1,Ads
3636,771,120,2024-12-25,1,392.44,7,0,Email
3637,193,246,2024-09-28,2,617.23,38,0,Direct
3638,19,276,2024-07-14,2,263.78,15,0,Email
3639,115,100,2024-04-05,5,868.73,38,0,Ads
3640,72,231,2024-09-06,4,472.47,51,0,Ads
3641,407,126,2024-04-20,4,766.03,19,1,Social
3642,97,84,2024-08-06,4,380.54,17,1,Direct
3643,749,201,2024-04-19,3,1182.73,15,0,Ads
3644,359,380,2024-12-25,4,770.38,9,0,Direct
3645,480,252,2024-09-15,1,937.32,56,1,Ads
3646,12,319,2024-08-31,4,278.88,41,1,Direct
3647,186,346,2024-10-26,4,202.11,8,1,Email
3648,379,192,2024-12-12,4,77.23,52,1,Ads
3649,368,102,2024-05-18,5,231.48,8,1,Direct
3650,70,301,2024-07-29,2,319.49,8,1,Social
3651,763,7,2024-06-02,4,20.26,5,1,Social
3652,653,192,2024-02-21,5,522.08,6,0,Social
3653,652,347,2024-09-28,2,440.24,1,0,Email
3654,994,217,2024-05-01,1,638.71,22,0,Direct
3655,172,49,2024-11-07,4,25.19,57,1,Ads
3656,37,359,2024-04-23,1,47.73,56,1,Email
3657,440,356,2024-10-16,3,941.31,59,1,Direct
3658,466,55,2024-05-05,1,69.72,44,1,Ads
3659,627,144,2024-12-07,5,1096.31,1,1,Email
3660,599,6,2024-07-14,5,693.34,54,0,Ads
3661,853,367,2024-03-23,2,802.23,6,1,Ads
3662,457,154,2024-02-19,5,313.75,49,0,Ads
3663,387,10,2024-06-17,4,1121.57,13,1,Social
3664,542,301,2024-04-23,1,681.67,2,0,Email
3665,924,179,2024-12-17,4,358.9,59,0,Email
3666,655,153,2024-07-22,5,202.02,9,0,Direct
3667,881,314,2024-02-07,1,1067.96,31,1,Direct
3668,502,144,2024-03-01,4,63.21,54,1,Direct
3669,556,29,2024-03-29,3,316.14,48,1,Social
3670,704,383,2024-02-20,3,796.83,31,0,Direct
3671,963,99,2024-01-14,4,1113.71,57,1,Direct
3672,682,204,2024-09-16,2,332.36,41,0,Direct
3673,321,254,2024-05-15,4,487.55,43,1,Ads
3674,435,331,2024-07-18,3,653.39,42,0,Email
3675,733,5,2024-09-29,5,1034.93,48,1,Ads
3676,42,91,2024-02-05,1,381.54,56,0,Email
3677,179,391,2024-05-04,1,748.64,4,0,Email
3678,933,313,2024-07-10,5,337.55,21,0,Email
3679,267,102,2024-01-19,1,156.18,37,1,Social
3680,156,253,2024-05-25,1,1024.23,31,1,Direct
3681,817,47,2024-11-16,3,843.04,27,1,Social
3682,74,272,2024-06-19,1,479.68,39,1,Ads
3683,118,147,2024-02-25,4,537.24,41,1,Ads
3684,17,393,2024-04-28,3,1078.13,11,1,Direct
3685,511,126,2024-05-21,4,1198.65,32,1,Ads
3686,388,236,2024-12-17,5,755.56,28,0,Email
3687,728,310,2024-12-16,2,862.47,52,1,Ads
3688,986,339,2024-12-23,4,72.18,17,0,Direct
3689,998,131,2024-09-18,5,672.39,56,1,Direct
3690,969,94,2024-08-11,5,40.95,55,1,Direct
3691,787,248,2024-07-30,1,292.68,41,1,Email
3692,615,276,2024-08-06,1,286.76,17,0,Direct
3693,470,158,2024-05-01,4,410.31,24,0,Direct
3694,984,172,2024-08-07,2,772.04,13,1,Social
3695,40,140,2024-08-31,4,358.21,18,0,Direct
3696,687,50,2024-04-24,4,516.4,34,0,Social
3697,341,387,2024-09-01,3,1056.83,55,1,Direct
3698,503,28,2024-11-15,2,1012.13,33,1,Social
3699,149,347,2024-11-10,5,116.92,6,0,Direct
3700,668,52,2024-11-03,4,429.77,19,0,Email
3701,647,211,2024-05-10,4,397.27,8,1,Social
3702,664,350,2024-01-20,2,515.13,29,1,Direct
3703,180,70,2024-03-09,4,123.99,1,0,Email
3704,616,248,2024-03-16,4,19.66,14,0,Email
3705,1,253,2024-12-13,4,893.08,35,0,Direct
3706,656,123,2024-11-04,4,756.29,20,0,Ads
3707,134,86,2024-04-30,1,728.9,37,0,Direct
3708,623,218,2024-05-04,4,382.42,53,0,Ads
3709,466,206,2024-10-27,2,674.82,27,0,Ads
3710,259,89,2024-03-08,1,83.06,16,0,Ads
3711,479,201,2024-10-05,2,817.06,18,0,Email
3712,218,46,2024-02-09,3,987.99,43,0,Ads
3713,932,37,2024-12-20,2,753.81,15,0,Ads
3714,577,69,2024-08-08,1,57.07,12,0,Social
3715,493,370,2024-01-20,3,962.4,18,1,Direct
3716,15,204,2024-05-05,1,881.6,3,0,Social
3717,678,288,2024-12-30,3,802.2,39,1,Email
3718,670,286,2024-12-02,5,26.9,6,1,Ads
3719,921,127,2024-02-06,2,1175.08,2,1,Email
3720,840,288,2024-02-17,3,597.12,40,1,Social
3721,643,188,2024-12-24,5,478.47,9,0,Direct
3722,171,164,2024-04-20,3,732.64,36,1,Direct
3723,980,28,2024-11-01,3,763.44,53,1,Social
3724,149,61,2024-07-21,5,1009.86,44,0,Ads
3725,766,90,2024-10-31,1,490.62,27,0,Direct
3726,811,181,2024-06-02,5,622.14,35,0,Email
3727,708,329,2024-06-21,2,721.07,55,1,Social
3728,348,287,2024-11-01,4,39.19,2,0,Email
3729,551,145,2024-01-17,2,304.9,7,1,Email
3730,560,394,2024-03-12,1,487.33,42,1,Social
3731,733,358,2024-10-28,3,1160.84,17,0,Direct
3732,480,171,2024-03-24,5,875.58,22,0,Ads
3733,418,399,2024-04-25,5,1125.31,16,1,Ads
3734,247,16,2024-06-03,2,664.72,36,0,Social
3735,354,64,2024-06-22,1,782.05,36,0,Social
3736,453,104,2024-11-02,3,336.64,23,0,Ads
3737,698,50,2024-06-25,1,599.45,35,0,Email
3738,781,170,2024-01-15,1,1022.05,20,0,Direct
3739,69,134,2024-03-01,4,16.05,39,1,Email
3740,433,242,2024-08-30,2,378.76,36,0,Social
3741,397,397,2024-10-07,3,804.54,20,0,Email
3742,200,362,2024-03-22,1,1053.65,46,1,Email
3743,236,96,2024-05-11,4,1113.77,58,1,Direct
3744,133,145,2024-03-11,1,924.17,57,1,Ads
3745,407,93,2024-01-13,1,1189.8,19,1,Social
3746,759,251,2024-03-03,5,986.19,40,1,Social
3747,286,147,2024-04-15,4,250.29,36,1,Email
3748,231,115,2024-05-09,5,220.08,36,0,Direct
3749,896,255,2024-10-16,5,661.84,15,1,Email
3750,188,245,2024-04-06,5,92.4,19,0,Ads
3751,79,339,2024-01-31,1,400.83,58,0,Direct
3752,433,146,2024-11-01,5,778.12,14,0,Ads
3753,736,72,2024-05-03,4,420.26,1,1,Ads
3754,77,344,2024-07-04,3,951.43,24,1,Email
3755,68,328,2024-12-27,4,467.42,2,1,Direct
3756,596,180,2024-06-29,3,419.66,2,0,Social
3757,904,214,2024-07-04,2,1063.28,55,0,Social
3758,365,175,2024-09-01,2,422.74,52,0,Social
3759,762,69,2024-01-31,3,946.37,25,1,Social
3760,211,249,2024-06-03,5,1198.46,38,1,Social
3761,929,345,2024-08-27,4,111.2,14,0,Ads
3762,497,269,2024-03-29,5,351.64,52,0,Email
3763,538,54,2024-03-12,4,26.27,35,0,Direct
3764,640,141,2024-03-15,5,582.26,42,0,Social
3765,257,381,2024-04-17,5,738.84,55,1,Social
3766,452,72,2024-08-29,4,672.19,1,1,Direct
3767,194,39,2024-02-26,4,1040.78,55,0,Social
3768,457,201,2024-10-28,3,1008.3,25,1,Email
3769,130,178,2024-08-10,2,829.49,32,0,Email
3770,585,220,2024-01-12,3,351.96,54,1,Social
3771,846,96,2024-05-16,1,206.55,54,1,Social
3772,295,247,2024-03-19,3,959.01,22,1,Email
3773,171,211,2024-02-28,2,116.84,42,0,Ads
3774,252,168,2024-03-27,5,255.85,13,0,Direct
3775,960,104,2024-07-05,2,814.8,46,0,Direct
3776,361,260,2024-09-21,5,1198.86,27,1,Direct
3777,191,367,2024-10-09,4,501.26,8,0,Direct
3778,877,112,2024-02-29,1,776.6,10,1,Ads
3779,622,186,2024-01-10,1,808.74,31,0,Direct
3780,584,351,2024-06-06,2,790.96,25,1,Email
3781,206,390,2024-08-13,5,1139.94,56,1,Email
3782,791,102,2024-08-31,5,998.29,21,1,Social
3783,71,368,2024-10-15,2,968.81,12,1,Email
3784,171,154,2024-11-24,5,745.7,9,1,Ads
3785,788,175,2024-02-28,3,302.75,26,1,Ads
3786,565,348,2024-10-12,1,332.37,30,1,Ads
3787,258,379,2024-08-24,5,91.49,52,1,Email
3788,713,363,2024-04-16,5,142.41,12,1,Social
3789,266,36,2024-10-18,3,1045.41,36,1,Email
3790,496,1,2024-10-11,5,778.0,34,1,Email
3791,45,125,2024-03-22,5,129.44,9,0,Social
3792,79,158,2024-03-19,2,323.3,6,0,Social
3793,325,139,2024-05-06,2,1095.88,41,0,Social
3794,214,314,2024-05-24,3,730.9,21,1,Ads
3795,997,225,2024-02-23,2,422.55,39,0,Ads
3796,221,118,2024-08-11,4,98.59,42,0,Direct
3797,23,237,2024-07-18,5,332.13,30,1,Ads
3798,59,376,2024-08-19,4,443.22,38,0,Email
3799,156,112,2024-07-16,3,666.28,18,0,Ads
3800,264,396,2024-03-19,3,860.08,19,0,Ads
3801,612,243,2024-05-19,3,1049.94,53,0,Email
3802,323,136,2024-01-23,1,894.51,7,0,Social
3803,781,326,2024-09-07,3,60.57,39,0,Social
3804,817,365,2024-03-26,4,695.77,30,0,Social
3805,455,331,2024-04-29,3,1055.96,9,1,Social
3806,888,209,2024-09-19,4,1198.01,52,1,Social
3807,758,214,2024-06-14,2,495.88,3,0,Ads
3808,285,375,2024-12-18,5,363.14,44,1,Social
3809,362,226,2024-05-06,3,820.96,4,1,Ads
3810,217,170,2024-10-30,3,177.51,4,1,Email
3811,69,102,2024-06-22,3,1051.6,16,0,Ads
3812,691,55,2024-01-12,2,685.84,47,0,Social
3813,869,312,2024-03-21,3,153.36,18,1,Social
3814,195,21,2024-02-15,5,751.32,1,1,Social
3815,611,205,2024-07-09,2,725.19,57,1,Ads
3816,362,134,2024-04-07,3,533.27,2,0,Ads
3817,838,119,2024-10-19,3,711.98,27,1,Email
3818,900,131,2024-06-26,1,1197.03,5,1,Ads
3819,904,375,2024-07-04,1,697.68,27,1,Direct
3820,561,374,2024-05-01,3,1151.01,55,0,Email
3821,712,215,2024-08-02,5,28.14,18,0,Social
3822,453,385,2024-07-25,3,704.84,7,0,Social
3823,21,39,2024-07-04,2,497.1,52,1,Social
3824,909,144,2024-10-27,2,547.08,60,1,Ads
3825,457,30,2024-08-01,5,216.03,35,0,Social
3826,589,159,2024-05-04,2,861.85,3,1,Ads
3827,743,397,2024-12-15,2,506.2,39,0,Social
3828,798,51,2024-12-30,1,92.02,20,1,Ads
3829,756,116,2024-01-03,2,848.61,26,0,Social
3830,763,60,2024-04-14,3,889.42,45,0,Social
3831,230,353,2024-12-18,5,332.78,15,1,Email
3832,32,115,2024-12-28,1,531.2,11,1,Social
3833,163,227,2024-06-11,5,320.9,52,1,Social
3834,858,77,2024-12-05,3,717.8,10,1,Email
3835,822,87,2024-07-07,2,1105.68,10,1,Email
3836,381,288,2024-06-14,3,634.74,31,1,Social
3837,681,314,2024-04-20,4,662.7,6,0,Social
3838,202,82,2024-04-18,4,1059.37,24,0,Email
3839,151,342,2024-11-14,4,606.65,39,1,Direct
3840,417,33,2024-12-18,3,849.76,45,0,Ads
3841,199,274,2024-10-23,2,157.55,32,1,Social
3842,784,228,2024-11-10,3,757.44,48,1,Social
3843,231,394,2024-08-27,5,689.92,8,1,Ads
3844,494,225,2024-06-05,3,421.37,59,1,Social
3845,63,132,2024-03-25,5,793.84,11,1,Social
3846,851,176,2024-08-26,3,331.38,56,1,Direct
3847,919,190,2024-12-27,2,380.18,54,0,Direct
3848,15,200,2024-04-29,3,1141.12,27,1,Email
3849,48,304,2024-05-17,1,1096.45,14,0,Email
3850,774,322,2024-10-24,1,650.37,41,0,Social
3851,87,180,2024-02-08,2,104.5,34,1,Direct
3852,330,163,2024-07-31,5,431.04,7,0,Email
3853,243,200,2024-06-02,1,168.27,38,0,Email
3854,96,256,2024-05-10,4,822.54,24,1,Email
3855,18,363,2024-07-24,4,138.15,10,1,Direct
3856,278,162,2024-10-27,2,101.56,16,1,Email
3857,617,206,2024-11-24,4,442.71,15,1,Email
3858,842,219,2024-05-11,5,555.15,24,0,Ads
3859,974,2,2024-08-10,4,214.35,14,0,Direct
3860,466,138,2024-03-21,4,1168.52,45,1,Ads
3861,995,3,2024-10-08,5,1031.08,5,1,Direct
3862,281,381,2024-08-03,5,942.95,9,1,Email
3863,309,286,2024-08-08,1,915.46,9,0,Email
3864,330,154,2024-12-11,5,770.69,54,0,Social
3865,448,114,2024-07-10,1,703.77,4,0,Social
3866,47,308,2024-04-01,1,1145.18,56,1,Social
3867,54,41,2024-10-16,1,1181.62,18,1,Email
3868,750,97,2024-11-05,1,784.32,26,1,Email
3869,219,179,2024-01-20,2,465.31,33,0,Email
3870,733,334,2024-06-19,5,388.53,2,1,Social
3871,835,307,2024-09-19,1,131.9,30,0,Direct
3872,673,108,2024-08-04,5,571.71,3,1,Email
3873,604,18,2024-04-21,3,629.9,39,0,Ads
3874,681,258,2024-06-05,4,903.11,32,0,Ads
3875,231,58,2024-11-20,5,57.13,29,0,Ads
3876,462,324,2024-07-04,2,595.04,27,1,Ads
3877,41,274,2024-01-16,5,1145.58,31,1,Direct
3878,50,365,2024-12-03,1,1106.67,47,1,Social
3879,697,303,2024-05-07,3,671.28,36,0,Direct
3880,139,90,2024-06-20,4,513.43,21,1,Email
3881,101,134,2024-12-24,4,251.45,48,0,Direct
3882,891,128,2024-02-07,1,1067.52,35,1,Ads
3883,129,381,2024-02-23,3,929.94,42,1,Direct
3884,890,179,2024-08-04,2,154.92,23,1,Ads
3885,674,114,2024-06-12,3,763.98,59,1,Direct
3886,614,197,2024-10-26,3,571.47,30,1,Social
3887,143,258,2024-06-25,2,159.68,58,1,Social
3888,960,351,2024-10-30,3,1014.92,34,0,Email
3889,578,338,2024-11-14,1,866.52,22,1,Ads
3890,83,383,2024-09-26,4,537.65,58,0,Ads
3891,196,178,2024-11-07,2,1105.01,54,1,Social
3892,396,266,2024-05-29,3,717.4,13,0,Social
3893,537,347,2024-10-09,3,26.34,8,1,Direct
3894,129,390,2024-10-27,4,99.52,41,1,Email
3895,821,333,2024-12-13,4,470.15,53,1,Email
3896,145,351,2024-02-25,2,1183.96,34,0,Ads
3897,938,163,2024-01-12,5,532.78,26,0,Direct
3898,32,234,2024-04-20,2,594.84,37,0,Email
3899,499,15,2024-11-13,2,571.2,41,0,Social
3900,370,278,2024-06-15,2,1098.69,30,1,Ads
3901,273,269,2024-02-22,5,1098.93,23,0,Email
3902,330,48,2024-05-11,3,1128.08,22,0,Email
3903,182,40,2024-06-07,2,217.4,53,0,Email
3904,320,71,2024-12-31,2,317.85,34,0,Ads
3905,656,380,2024-07-03,3,768.7,25,1,Direct
3906,976,243,2024-10-16,2,360.85,49,1,Direct
3907,273,175,2024-02-11,3,856.85,56,1,Social
3908,761,269,2024-10-07,2,889.15,35,1,Ads
3909,271,143,2024-11-20,2,716.83,22,0,Email
3910,303,147,2024-02-03,2,273.36,46,1,Direct
3911,833,338,2024-10-11,4,496.57,6,0,Ads
3912,666,355,2024-03-20,5,557.94,16,1,Ads
3913,377,95,2024-01-18,3,736.3,21,1,Social
3914,559,161,2024-09-21,2,326.11,42,0,Social
3915,1,371,2024-05-10,5,334.77,35,0,Social
3916,952,358,2024-01-30,2,171.64,28,1,Email
3917,238,351,2024-12-29,3,850.41,50,0,Email
3918,62,235,2024-12-04,2,462.34,20,1,Email
3919,831,346,2024-03-20,5,435.29,51,1,Social
3920,57,46,2024-06-11,5,565.7,58,0,Direct
3921,258,382,2024-02-04,3,943.11,31,1,Direct
3922,521,153,2024-02-23,4,549.44,35,0,Email
3923,825,299,2024-08-24,2,777.01,42,0,Email
3924,593,167,2024-07-04,4,474.93,55,0,Social
3925,381,237,2024-05-08,2,865.88,43,1,Social
3926,550,210,2024-05-26,4,1171.14,2,0,Email
3927,779,184,2024-03-25,1,187.09,17,0,Email
3928,341,30,2024-05-23,1,106.38,38,1,Email
3929,206,336,2024-11-10,3,549.66,48,1,Direct
3930,475,239,2024-05-05,2,469.09,36,1,Email
3931,555,155,2024-11-24,1,966.22,40,0,Ads
3932,715,296,2024-01-31,4,326.63,23,0,Ads
3933,411,233,2024-02-20,5,850.77,15,1,Email
3934,674,135,2024-08-30,4,685.8,40,1,Email
3935,49,360,2024-01-02,3,728.48,37,1,Ads
3936,250,206,2024-06-03,2,242.34,30,1,Social
3937,227,110,2024-07-23,2,819.7,34,0,Direct
3938,21,21,2024-10-07,5,235.87,36,0,Direct
3939,387,265,2024-08-02,5,163.63,25,1,Social
3940,481,21,2024-06-04,3,1168.41,39,1,Direct
3941,936,287,2024-01-06,4,610.62,54,1,Ads
3942,270,66,2024-06-24,3,993.47,21,1,Ads
3943,462,60,2024-01-09,5,554.54,19,1,Ads
3944,939,199,2024-11-20,3,445.38,22,1,Email
3945,231,214,2024-05-19,3,908.17,38,1,Social
3946,157,358,2024-05-21,1,919.74,49,1,Social
3947,948,323,2024-11-18,2,1002.25,60,1,Email
3948,591,72,2024-09-25,5,1174.06,12,1,Direct
3949,451,307,2024-06-11,2,649.85,25,1,Email
3950,385,149,2024-01-02,1,557.57,42,0,Social
3951,165,247,2024-03-20,1,186.5,47,1,Email
3952,258,155,2024-12-11,2,320.13,38,0,Email
3953,469,2,2024-02-24,5,969.51,47,1,Direct
3954,172,71,2024-01-07,3,512.33,3,0,Direct
3955,682,146,2024-11-08,1,777.18,3,0,Direct
3956,568,400,2024-08-18,2,408.95,2,1,Ads
3957,663,124,2024-09-23,3,908.14,54,0,Email
3958,970,179,2024-01-23,4,1055.15,49,1,Ads
3959,491,202,2024-05-29,5,552.49,38,0,Ads
3960,391,386,2024-08-28,3,523.91,25,0,Social
3961,69,104,2024-11-04,1,1000.85,25,1,Direct
3962,547,377,2024-09-27,2,151.13,48,0,Ads
3963,573,36,2024-02-21,5,555.84,34,1,Ads
3964,788,329,2024-03-31,5,100.93,40,0,Social
3965,883,121,2024-05-20,4,28.96,7,1,Ads
3966,424,321,2024-04-17,4,277.5,55,0,Social
3967,787,279,2024-01-10,4,721.17,38,0,Ads
3968,610,121,2024-06-11,4,907.0,20,1,Ads
3969,297,78,2024-10-29,4,157.81,11,0,Ads
3970,148,43,2024-12-17,5,675.17,18,1,Direct
3971,541,159,2024-08-08,4,347.63,43,1,Ads
3972,462,320,2024-03-13,3,434.91,26,0,Email
3973,321,395,2024-05-30,5,468.71,55,0,Direct
3974,583,383,2024-04-11,3,1011.37,18,1,Ads
3975,928,44,2024-11-13,1,905.05,11,0,Ads
3976,411,141,2024-12-08,5,836.76,48,0,Direct
3977,323,179,2024-10-25,2,1063.24,1,0,Email
3978,228,153,2024-07-06,1,201.47,21,1,Email
3979,16,236,2024-08-20,4,188.78,35,0,Social
3980,987,279,2024-10-09,5,740.99,5,1,Ads
3981,375,217,2024-08-31,4,1119.3,1,0,Ads
3982,74,110,2024-09-05,5,1008.21,45,0,Ads
3983,275,359,2024-12-26,5,1077.98,42,0,Direct
3984,27,137,2024-10-21,4,827.46,53,1,Social
3985,517,385,2024-04-19,5,616.56,8,0,Social
3986,806,197,2024-03-31,1,415.09,42,0,Social
3987,394,115,2024-05-08,2,799.6,47,1,Email
3988,595,351,2024-11-21,3,371.94,39,1,Social
3989,749,286,2024-05-27,1,841.39,39,0,Direct
3990,233,74,2024-09-25,5,1145.39,52,1,Social
3991,937,368,2024-03-16,4,99.79,42,1,Email
3992,513,136,2024-01-26,2,905.95,24,1,Ads
3993,947,30,2024-01-02,5,176.3,49,0,Email
3994,932,284,2024-01-10,1,558.06,46,1,Ads
3995,782,309,2024-03-05,2,781.39,22,1,Direct
3996,604,123,2024-08-29,2,1185.3,22,0,Direct
3997,560,7,2024-03-27,4,16.77,14,0,Direct
3998,963,3,2024-01-20,5,237.0,52,0,Direct
3999,744,7,2024-07-31,1,59.69,47,0,Email
4000,619,180,2024-07-06,4,843.38,27,0,Direct
4001,881,178,2024-07-27,1,326.91,58,1,Ads
4002,804,73,2024-10-27,5,903.3,7,1,Ads
4003,834,363,2024-03-03,4,1109.17,60,1,Social
4004,39,304,2024-07-27,5,121.62,5,0,Email
4005,799,230,2024-08-15,1,215.32,39,0,Email
4006,239,129,2024-05-13,5,832.92,22,0,Social
4007,922,82,2024-04-11,5,901.88,33,1,Email
4008,204,102,2024-06-29,4,261.47,39,0,Direct
4009,397,68,2024-07-31,2,549.8,37,1,Ads
4010,545,392,2024-08-28,5,982.69,1,0,Direct
4011,136,103,2024-05-26,1,393.4,13,0,Email
4012,539,349,2024-04-04,3,789.3,9,1,Email
4013,15,118,2024-10-08,5,892.5,48,1,Direct
4014,933,125,2024-03-17,5,887.39,29,1,Ads
4015,468,330,2024-03-04,4,113.76,35,0,Email
4016,104,44,2024-10-17,3,90.32,22,1,Direct
4017,676,358,2024-11-03,5,241.33,19,1,Ads
4018,999,176,2024-01-31,1,690.84,16,1,Direct
4019,422,232,2024-07-13,2,131.18,44,0,Ads
4020,470,264,2024-02-02,2,376.51,42,0,Direct
4021,743,382,2024-11-29,4,276.2,14,0,Direct
4022,430,116,2024-11-12,5,689.15,31,0,Email
4023,683,288,2024-09-05,2,560.14,44,0,Direct
4024,411,21,2024-06-18,5,412.87,16,0,Social
4025,171,180,2024-05-07,4,738.57,41,0,Ads
4026,820,309,2024-05-20,5,1134.12,32,0,Email
4027,731,128,2024-12-01,2,800.48,12,0,Social
4028,327,352,2024-06-18,3,27.93,9,1,Social
4029,929,158,2024-10-18,3,1049.14,21,0,Direct
4030,963,255,2024-11-16,2,710.28,13,0,Email
4031,644,88,2024-03-16,4,1037.1,51,0,Email
4032,387,101,2024-12-19,1,1014.29,39,1,Ads
4033,543,208,2024-05-10,1,35.56,47,1,Social
4034,921,288,2024-11-29,5,865.93,5,1,Ads
4035,850,75,2024-11-18,4,104.59,50,1,Ads
4036,69,240,2024-09-13,5,769.18,44,0,Email
4037,672,298,2024-12-03,2,425.67,8,1,Ads
4038,585,154,2024-01-27,5,398.11,36,1,Ads
4039,517,72,2024-07-02,4,559.56,24,0,Email
4040,407,145,2024-05-07,4,249.56,26,0,Social
4041,252,376,2024-03-12,5,84.87,14,1,Email
4042,649,147,2024-02-29,1,932.12,17,0,Email
4043,636,373,2024-02-13,4,182.83,56,1,Direct
4044,354,88,2024-01-07,1,207.46,32,0,Ads
4045,447,332,2024-08-23,4,1068.11,17,0,Social
4046,200,288,2024-12-22,5,942.84,13,1,Ads
4047,21,285,2024-02-24,5,894.78,30,1,Ads
4048,614,146,2024-07-15,1,897.34,56,1,Direct
4049,247,257,2024-03-23,4,350.59,57,0,Ads
4050,153,339,2024-11-03,2,64.5,1,1,Ads
4051,770,309,2024-08-19,5,356.74,52,0,Direct
4052,133,335,2024-04-01,3,768.56,30,0,Social
4053,734,183,2024-01-03,1,964.61,29,1,Direct
4054,581,261,2024-11-28,2,167.03,22,1,Direct
4055,742,160,2024-03-23,2,699.79,20,1,Email
4056,267,33,2024-08-23,3,557.72,1,0,Social
4057,805,243,2024-08-13,2,383.7,54,1,Email
4058,638,320,2024-07-25,1,769.37,47,0,Email
4059,797,320,2024-06-23,2,332.25,41,1,Ads
4060,762,346,2024-03-28,1,1189.59,15,1,Social
4061,657,190,2024-02-22,4,546.46,29,1,Social
4062,371,5,2024-11-25,3,684.29,47,1,Social
4063,385,128,2024-07-10,2,736.15,16,0,Social
4064,329,69,2024-04-26,3,1068.61,58,1,Ads
4065,740,54,2024-02-01,5,723.6,7,1,Ads
4066,379,27,2024-04-13,2,546.72,58,0,Direct
4067,127,17,2024-02-06,3,923.31,37,1,Ads
4068,229,59,2024-01-04,4,1162.72,53,0,Ads
4069,487,147,2024-02-04,5,634.33,27,1,Ads
4070,604,223,2024-05-18,5,722.78,5,0,Email
4071,803,180,2024-12-13,3,509.15,40,0,Social
4072,171,223,2024-07-12,5,688.45,40,0,Ads
4073,995,184,2024-04-03,2,1199.3,54,1,Email
4074,676,2,2024-04-09,4,1188.43,56,1,Social
4075,300,9,2024-05-20,2,489.92,41,1,Social
4076,698,20,2024-05-20,4,127.52,51,1,Direct
4077,101,30,2024-03-13,3,1022.3,49,0,Email
4078,78,260,2024-04-16,3,150.57,53,0,Ads
4079,515,15,2024-01-09,1,1089.47,34,0,Email
4080,65,276,2024-10-09,5,813.1,3,0,Email
4081,444,360,2024-04-11,3,532.82,39,0,Social
4082,16,314,2024-04-27,2,247.54,50,1,Direct
4083,41,5,2024-12-15,3,795.1,34,0,Email
4084,707,25,2024-04-24,4,742.86,50,1,Email
4085,168,10,2024-06-11,2,1127.76,20,0,Email
4086,539,56,2024-06-17,1,108.35,17,0,Direct
4087,771,143,2024-07-07,1,478.47,59,1,Ads
4088,741,224,2024-05-12,2,971.38,55,1,Email
4089,944,124,2024-05-22,2,952.29,45,1,Ads
4090,970,281,2024-05-07,5,857.72,12,0,Social
4091,521,101,2024-03-17,2,1148.6,1,1,Email
4092,212,191,2024-06-07,2,868.01,34,0,Email
4093,620,62,2024-04-01,5,336.27,22,1,Email
4094,331,362,2024-07-11,4,983.78,4,0,Social
4095,924,162,2024-02-18,1,111.59,10,1,Email
4096,582,292,2024-06-13,5,592.78,50,1,Direct
4097,465,330,2024-07-30,2,821.01,57,1,Direct
4098,660,93,2024-06-23,4,919.86,4,1,Social
4099,834,30,2024-06-13,3,1007.84,51,0,Direct
4100,132,185,2024-01-29,4,698.05,19,1,Direct
4101,256,197,2024-07-23,3,115.51,6,1,Social
4102,812,38,2024-08-13,4,531.42,29,0,Email
4103,343,325,2024-12-16,5,357.66,33,1,Email
4104,867,303,2024-07-08,3,953.91,60,1,Email
4105,935,152,2024-01-13,1,1057.46,51,1,Social
4106,244,303,2024-04-16,2,603.32,44,0,Social
4107,630,201,2024-03-11,4,988.95,33,0,Social
4108,353,354,2024-12-03,1,1025.96,18,0,Social
4109,501,195,2024-05-22,4,1103.52,11,0,Email
4110,324,176,2024-05-16,5,881.82,24,0,Social
4111,112,86,2024-03-24,4,805.79,59,0,Ads
4112,761,240,2024-03-02,5,70.79,26,0,Social
4113,517,263,2024-04-09,5,868.01,9,1,Direct
4114,809,20,2024-03-07,5,927.52,7,0,Direct
4115,979,230,2024-10-01,2,584.42,9,1,Direct
4116,8,196,2024-06-05,3,1099.49,56,1,Email
4117,797,237,2024-08-14,2,1146.37,14,1,Ads
4118,421,138,2024-08-29,1,1192.15,11,1,Social
4119,817,121,2024-10-09,2,959.37,20,0,Ads
4120,192,297,2024-11-11,4,1055.81,54,0,Email
4121,816,147,2024-04-11,3,640.63,45,1,Ads
4122,742,125,2024-07-26,2,773.61,47,1,Email
4123,753,294,2024-08-11,3,603.28,16,0,Social
4124,345,247,2024-07-07,4,778.85,56,1,Direct
4125,270,90,2024-06-12,5,256.15,44,0,Social
4126,518,326,2024-02-11,1,199.41,32,1,Ads
4127,469,40,2024-09-18,2,214.77,34,0,Social
4128,406,285,2024-02-16,3,764.71,39,0,Social
4129,659,252,2024-05-30,2,502.7,50,0,Direct
4130,513,81,2024-03-04,5,53.12,12,0,Email
4131,502,270,2024-06-30,5,735.96,39,1,Social
4132,985,51,2024-03-21,5,442.99,32,0,Ads
4133,321,139,2024-08-01,4,237.7,57,1,Email
4134,509,66,2024-11-04,4,971.77,7,1,Direct
4135,608,34,2024-04-25,4,53.35,44,1,Social
4136,353,141,2024-04-25,5,1080.52,19,0,Email
4137,784,366,2024-10-31,2,318.94,18,1,Direct
4138,868,169,2024-12-05,1,777.42,11,0,Social
4139,221,146,2024-10-23,3,510.6,4,0,Ads
4140,906,12,2024-08-12,4,25.65,10,0,Direct
4141,124,258,2024-09-18,1,953.29,40,0,Direct
4142,117,289,2024-02-16,5,528.71,17,0,Ads
4143,132,343,2024-06-12,2,1098.65,22,0,Direct
4144,191,136,2024-09-27,4,675.93,33,1,Email
4145,745,179,2024-08-08,3,995.1,13,0,Direct
4146,584,247,2024-04-23,1,344.33,2,0,Direct
4147,408,240,2024-02-19,3,253.57,55,1,Social
4148,82,134,2024-02-14,4,937.47,46,1,Social
4149,814,356,2024-06-27,2,477.03,14,0,Direct
4150,502,136,2024-06-19,3,452.73,52,0,Direct
4151,490,41,2024-07-23,5,232.63,51,0,Email
4152,261,356,2024-02-17,5,627.99,8,1,Direct
4153,73,69,2024-06-27,2,219.33,25,1,Social
4154,427,52,2024-01-15,4,317.57,37,0,Email
4155,946,107,2024-08-29,3,999.0,39,0,Social
4156,617,145,2024-09-28,4,944.67,38,0,Direct
4157,406,153,2024-11-19,5,1050.15,33,0,Ads
4158,332,394,2024-03-15,5,754.49,41,0,Ads
4159,880,345,2024-09-23,4,186.33,34,0,Ads
4160,788,104,2024-02-08,4,753.08,55,1,Email
4161,576,359,2024-09-09,4,1170.08,17,1,Ads
4162,533,303,2024-05-30,1,459.18,12,1,Direct
4163,217,323,2024-10-03,2,607.59,38,0,Direct
4164,987,201,2024-11-28,2,1067.8,35,0,Ads
4165,838,136,2024-06-18,2,443.73,39,0,Direct
4166,265,225,2024-01-26,1,757.1,9,1,Email
4167,214,2,2024-06-30,1,504.12,13,0,Ads
4168,862,315,2024-09-08,1,248.35,20,0,Ads
4169,822,94,2024-04-26,3,967.51,59,1,Email
4170,578,173,2024-08-01,2,41.81,50,0,Ads
4171,649,306,2024-08-03,3,336.92,37,0,Ads
4172,634,283,2024-06-22,4,178.86,51,0,Direct
4173,15,271,2024-09-22,2,639.74,2,0,Direct
4174,836,275,2024-03-13,5,973.77,17,0,Ads
4175,590,117,2024-02-07,5,909.16,53,1,Email
4176,727,371,2024-06-05,1,1134.53,53,0,Social
4177,310,199,2024-08-11,2,1196.63,18,0,Email
4178,290,176,2024-07-17,3,384.25,25,0,Social
4179,526,104,2024-07-16,5,480.38,34,0,Email
4180,677,359,2024-06-20,5,1154.98,32,0,Ads
4181,45,271,2024-01-26,3,937.64,48,1,Social
4182,980,61,2024-07-11,5,197.84,49,0,Ads
4183,815,398,2024-08-14,5,544.01,35,0,Social
4184,107,304,2024-04-30,4,50.58,26,1,Direct
4185,976,5,2024-09-29,4,871.32,59,0,Social
4186,409,219,2024-03-07,5,450.1,49,1,Social
4187,520,104,2024-02-19,3,1095.65,5,1,Ads
4188,756,310,2024-01-11,4,408.58,46,1,Email
4189,555,36,2024-05-25,5,243.73,23,0,Email
4190,388,241,2024-11-09,4,716.08,53,1,Email
4191,60,200,2024-09-12,4,1166.38,51,1,Social
4192,865,338,2024-11-28,1,1004.32,44,1,Social
4193,232,127,2024-09-12,2,346.1,9,1,Ads
4194,664,68,2024-03-30,2,1127.82,46,0,Social
4195,856,79,2024-03-03,2,400.03,39,0,Direct
4196,219,155,2024-04-25,5,71.28,43,1,Direct
4197,777,159,2024-07-08,1,610.66,37,0,Social
4198,353,29,2024-11-15,1,905.05,54,0,Direct
4199,54,278,2024-12-16,1,628.27,1,0,Email
4200,941,139,2024-06-22,2,115.63,57,1,Direct
4201,612,134,2024-12-18,1,610.95,17,1,Direct
4202,525,298,2024-01-27,1,1079.23,28,1,Social
4203,735,297,2024-03-12,1,62.74,33,0,Email
4204,285,163,2024-07-24,1,442.67,53,1,Email
4205,610,302,2024-05-02,1,433.52,18,1,Ads
4206,311,233,2024-08-07,1,1131.2,57,0,Email
4207,802,29,2024-10-06,1,939.62,57,1,Direct
4208,987,104,2024-02-15,4,788.92,5,0,Email
4209,723,307,2024-09-30,1,326.39,46,1,Ads
4210,130,19,2024-12-25,5,763.81,15,1,Direct
4211,674,9,2024-08-07,4,1171.31,17,0,Social
4212,48,123,2024-08-30,2,736.16,9,0,Social
4213,287,156,2024-12-02,1,199.65,22,0,Direct
4214,336,296,2024-09-12,4,926.15,48,1,Ads
4215,601,64,2024-10-02,1,780.9,55,0,Social
4216,577,182,2024-02-25,3,1172.61,41,1,Ads
4217,136,310,2024-09-01,2,593.42,1,0,Email
4218,97,145,2024-10-06,5,1128.67,17,1,Social
4219,255,352,2024-07-25,3,634.98,29,1,Email
4220,848,1,2024-12-26,2,1038.31,49,0,Social
4221,171,88,2024-11-14,3,501.24,57,1,Email
4222,886,342,2024-10-29,5,920.7,35,1,Ads
4223,283,300,2024-07-13,1,606.74,13,0,Email
4224,760,236,2024-09-28,1,213.42,8,1,Social
4225,520,340,2024-06-15,2,204.68,52,1,Email
4226,856,394,2024-10-19,4,574.22,30,0,Email
4227,584,294,2024-11-23,5,935.79,35,1,Direct
4228,873,31,2024-12-05,4,38.44,11,1,Ads
4229,908,249,2024-04-28,4,820.31,2,0,Social
4230,351,340,2024-05-31,3,237.45,1,1,Direct
4231,717,210,2024-05-02,2,248.98,48,1,Social
4232,49,382,2024-12-28,1,593.77,6,1,Email
4233,187,288,2024-02-01,1,111.07,55,1,Ads
4234,35,228,2024-10-27,3,886.63,22,0,Email
4235,152,196,2024-10-17,4,1138.3,26,1,Email
4236,201,394,2024-09-10,5,896.12,6,0,Social
4237,450,19,2024-06-11,1,479.44,55,0,Direct
4238,264,224,2024-05-21,1,634.08,48,1,Email
4239,8,235,2024-09-26,4,257.58,23,0,Ads
4240,1,150,2024-05-19,2,779.26,51,0,Direct
4241,541,324,2024-02-15,5,967.56,40,1,Email
4242,79,330,2024-07-29,5,789.24,17,1,Direct
4243,534,256,2024-08-26,4,212.13,41,1,Ads
4244,610,332,2024-10-12,1,138.96,38,0,Email
4245,558,152,2024-02-15,2,349.18,33,1,Direct
4246,849,358,2024-08-14,5,1096.18,34,0,Direct
4247,288,252,2024-08-23,3,773.68,38,1,Social
4248,999,230,2024-07-03,4,977.62,55,1,Ads
4249,300,76,2024-10-09,1,54.48,50,1,Ads
4250,240,369,2024-09-06,3,462.23,56,0,Email
4251,106,199,2024-09-18,5,956.4,48,1,Email
4252,366,275,2024-10-07,2,260.01,6,1,Email
4253,196,125,2024-11-12,4,662.17,49,0,Email
4254,273,19,2024-01-06,4,105.25,4,1,Email
4255,213,380,2024-09-15,4,335.73,39,1,Email
4256,46,142,2024-03-25,3,158.04,11,1,Social
4257,401,137,2024-03-23,2,109.25,6,1,Email
4258,588,260,2024-06-22,1,555.96,30,0,Ads
4259,783,344,2024-08-18,2,928.41,58,1,Direct
4260,691,287,2024-06-05,5,1187.76,22,0,Email
4261,937,358,2024-07-01,5,666.92,20,1,Social
4262,228,346,2024-05-01,1,695.65,32,0,Social
4263,202,41,2024-09-11,5,844.0,40,1,Email
4264,551,132,2024-05-17,3,173.42,5,0,Social
4265,722,32,2024-05-13,4,541.06,52,0,Email
4266,150,254,2024-11-25,1,568.57,44,1,Social
4267,794,361,2024-08-01,2,373.38,35,1,Ads
4268,395,84,2024-12-28,4,155.63,49,1,Ads
4269,889,109,2024-03-20,4,819.48,42,1,Social
4270,906,80,2024-10-18,3,986.3,40,0,Direct
4271,81,85,2024-06-05,1,824.96,45,1,Ads
4272,815,390,2024-08-16,3,912.51,37,0,Direct
4273,404,314,2024-06-18,2,402.39,34,1,Email
4274,6,367,2024-10-02,2,751.39,19,1,Ads
4275,237,378,2024-12-06,2,131.78,30,1,Social
4276,362,157,2024-04-11,1,919.71,22,1,Email
4277,371,345,2024-12-22,4,613.36,18,0,Email
4278,578,212,2024-10-31,2,758.78,19,0,Social
4279,905,369,2024-11-08,5,751.9,52,0,Social
4280,500,398,2024-11-14,5,890.0,33,1,Email
4281,363,186,2024-11-25,5,810.23,58,1,Social
4282,183,151,2024-01-20,1,91.95,59,1,Ads
4283,532,27,2024-10-15,3,121.71,48,1,Social
4284,254,391,2024-02-23,3,727.91,29,1,Social
4285,119,343,2024-11-24,5,546.63,54,1,Ads
4286,748,369,2024-09-12,2,136.29,40,1,Direct
4287,915,271,2024-09-17,4,867.8,51,0,Direct
4288,174,285,2024-01-15,1,216.39,50,1,Email
4289,195,279,2024-10-03,4,576.49,51,0,Social
4290,249,235,2024-09-11,5,974.28,20,0,Direct
4291,970,344,2024-04-04,1,258.45,1,0,Ads
4292,973,154,2024-09-30,5,1026.41,30,1,Direct
4293,363,214,2024-04-19,2,873.89,1,0,Email
4294,264,76,2024-05-03,3,964.31,17,0,Direct
4295,232,109,2024-10-03,2,1157.7,38,1,Social
4296,120,280,2024-01-02,5,617.42,18,0,Direct
4297,613,175,2024-01-10,4,951.39,38,0,Email
4298,817,136,2024-05-08,5,62.94,38,1,Social
4299,993,256,2024-04-20,1,658.8,44,1,Direct
4300,994,379,2024-10-19,1,404.81,44,0,Social
4301,231,26,2024-09-20,1,451.93,17,0,Email
4302,698,350,2024-07-21,5,932.03,12,1,Ads
4303,233,47,2024-05-16,3,760.85,28,0,Ads
4304,231,30,2024-02-04,3,898.25,22,1,Email
4305,752,141,2024-07-18,5,44.32,59,0,Ads
4306,315,133,2024-10-29,3,1129.46,47,0,Direct
4307,756,137,2024-02-12,3,68.59,7,0,Email
4308,549,263,2024-11-16,2,128.58,16,0,Ads
4309,393,43,2024-09-18,5,126.06,29,1,Social
4310,586,233,2024-10-02,4,404.52,55,0,Social
4311,910,395,2024-05-12,3,697.31,10,0,Social
4312,425,73,2024-07-20,1,216.46,47,1,Social
4313,951,183,2024-10-06,2,1113.37,6,1,Direct
4314,531,254,2024-07-28,3,518.83,31,1,Direct
4315,676,307,2024-06-18,5,166.16,26,1,Social
4316,39,119,2024-02-04,2,1087.7,28,1,Direct
4317,837,372,2024-02-21,5,1194.28,23,0,Ads
4318,684,227,2024-04-09,1,190.94,44,1,Ads
4319,445,354,2024-06-29,3,1123.89,5,1,Ads
4320,823,295,2024-01-07,2,166.51,46,0,Social
4321,881,279,2024-04-18,1,539.71,47,1,Social
4322,286,144,2024-06-13,5,347.09,44,0,Ads
4323,244,333,2024-10-09,2,517.32,54,0,Social
4324,465,94,2024-01-06,2,979.26,7,0,Social
4325,524,397,2024-02-03,1,158.91,23,1,Ads
4326,188,376,2024-01-22,5,463.12,17,1,Ads
4327,166,112,2024-04-19,2,1050.19,14,0,Email
4328,465,113,2024-04-07,1,373.14,43,0,Direct
4329,509,4,2024-07-24,1,618.02,55,0,Ads
4330,796,224,2024-03-30,5,466.51,58,0,Social
4331,163,328,2024-01-29,5,28.19,29,1,Social
4332,10,88,2024-11-24,2,479.38,33,0,Social
4333,293,38,2024-02-17,3,909.37,28,0,Email
4334,75,374,2024-04-03,1,549.88,29,0,Social
4335,396,81,2024-12-10,4,877.89,29,1,Direct
4336,987,222,2024-10-22,5,1020.37,27,0,Direct
4337,496,126,2024-08-17,4,230.99,44,1,Social
4338,426,265,2024-03-15,3,1199.83,33,0,Ads
4339,187,265,2024-03-29,1,1073.35,33,1,Social
4340,183,168,2024-12-11,2,47.97,48,0,Direct
4341,487,385,2024-04-23,4,330.86,54,1,Social
4342,512,283,2024-07-28,2,1035.44,29,1,Social
4343,140,295,2024-08-23,2,199.61,8,1,Email
4344,786,140,2024-01-18,3,589.87,38,1,Email
4345,446,64,2024-03-05,2,108.39,22,1,Social
4346,475,231,2024-12-15,3,1006.63,33,1,Ads
4347,13,163,2024-11-15,3,47.26,30,1,Email
4348,454,371,2024-04-19,4,1185.54,46,0,Social
4349,52,198,2024-04-29,3,1065.01,26,0,Ads
4350,186,303,2024-02-17,1,132.97,2,1,Ads
4351,20,345,2024-06-19,5,345.88,34,0,Social
4352,798,397,2024-05-22,4,707.12,3,0,Ads
4353,457,322,2024-12-08,3,1119.25,45,1,Social
4354,523,127,2024-04-23,4,182.67,25,0,Social
4355,416,399,2024-07-16,2,960.26,21,1,Ads
4356,850,210,2024-02-27,2,15.1,3,1,Social
4357,520,232,2024-11-11,1,19.8,47,1,Direct
4358,469,382,2024-08-07,2,401.67,33,0,Ads
4359,705,148,2024-08-25,4,767.52,36,1,Direct
4360,589,244,2024-05-01,3,1157.88,50,0,Email
4361,631,119,2024-12-02,4,74.93,33,1,Ads
4362,131,29,2024-02-23,3,122.86,2,1,Social
4363,423,103,2024-12-18,1,593.77,33,1,Social
4364,191,221,2024-10-05,2,697.3,13,1,Ads
4365,971,125,2024-11-04,2,1189.31,42,1,Direct
4366,240,367,2024-06-24,3,656.79,10,0,Email
4367,224,234,2024-09-30,5,183.24,15,1,Direct
4368,299,375,2024-06-05,3,422.47,16,1,Email
4369,387,68,2024-06-05,3,1070.74,53,0,Email
4370,895,99,2024-11-10,1,58.48,14,1,Ads
4371,816,61,2024-02-02,1,642.49,57,0,Email
4372,416,46,2024-12-17,3,644.97,54,1,Ads
4373,575,271,2024-11-11,3,50.09,46,0,Direct
4374,660,203,2024-09-04,1,199.85,3,1,Social
4375,581,120,2024-05-10,4,878.63,9,0,Ads
4376,274,296,2024-11-03,5,1192.51,15,1,Email
4377,458,227,2024-09-19,5,494.47,11,1,Social
4378,330,249,2024-05-23,4,859.84,57,0,Ads
4379,392,166,2024-10-26,2,1137.9,16,1,Social
4380,78,306,2024-12-17,1,615.34,47,1,Social
4381,446,250,2024-09-14,1,316.89,35,0,Social
4382,666,318,2024-12-23,5,939.27,8,0,Direct
4383,818,43,2024-03-04,5,290.92,48,1,Direct
4384,1000,334,2024-08-09,5,654.01,13,1,Email
4385,750,390,2024-07-16,4,798.61,38,1,Email
4386,73,227,2024-08-31,4,675.35,26,1,Social
4387,133,372,2024-10-26,5,437.5,20,0,Social
4388,50,90,2024-10-15,5,1163.25,49,0,Email
4389,381,326,2024-09-03,5,175.3,43,1,Direct
4390,114,251,2024-11-13,1,1056.45,31,0,Direct
4391,61,319,2024-02-21,4,50.92,60,0,Social
4392,334,295,2024-10-01,3,996.53,59,1,Direct
4393,754,122,2024-04-26,5,956.96,20,1,Ads
4394,899,156,2024-07-22,1,96.08,7,0,Direct
4395,490,338,2024-01-30,1,323.52,30,0,Ads
4396,138,113,2024-06-21,2,567.01,24,0,Social
4397,557,357,2024-09-25,1,613.66,24,0,Email
4398,900,343,2024-04-20,5,136.61,33,1,Ads
4399,984,50,2024-04-01,5,1168.99,41,0,Direct
4400,243,168,2024-01-24,1,1097.75,32,1,Ads
4401,760,277,2024-03-26,4,663.98,15,0,Email
4402,58,248,2024-05-23,3,1063.01,5,0,Direct
4403,240,257,2024-02-08,5,855.81,6,1,Social
4404,739,361,2024-09-15,1,265.25,28,1,Email
4405,590,280,2024-11-17,5,775.26,29,1,Social
4406,411,358,2024-02-02,2,922.66,18,0,Direct
4407,380,194,2024-11-06,2,929.0,58,1,Direct
4408,116,129,2024-09-11,5,412.96,43,1,Direct
4409,436,290,2024-04-12,3,783.52,22,1,Email
4410,166,373,2024-01-07,4,943.6,29,0,Social
4411,867,143,2024-12-25,1,765.29,46,1,Email
4412,589,62,2024-03-01,1,691.22,15,0,Ads
4413,134,353,2024-07-30,5,622.51,5,1,Ads
4414,596,204,2024-03-06,5,1020.53,20,1,Email
4415,823,322,2024-11-11,2,920.75,1,0,Social
4416,936,386,2024-12-13,3,363.86,47,1,Email
4417,269,223,2024-10-13,4,1083.5,39,0,Email
4418,956,334,2024-12-08,1,992.32,43,1,Social
4419,51,124,2024-02-19,1,791.76,46,0,Ads
4420,124,173,2024-04-11,2,666.69,57,1,Social
4421,373,292,2024-02-04,4,561.56,24,1,Email
4422,774,59,2024-04-18,5,539.08,39,1,Direct
4423,958,238,2024-10-01,5,68.56,20,0,Ads
4424,223,240,2024-04-30,5,532.16,5,1,Email
4425,261,96,2024-06-06,3,1121.86,6,1,Email
4426,388,295,2024-05-07,1,446.95,49,1,Email
4427,89,118,2024-07-21,1,630.17,47,1,Direct
4428,683,20,2024-12-01,4,944.95,41,0,Social
4429,820,236,2024-12-09,5,1111.29,51,0,Ads
4430,82,173,2024-03-21,1,339.99,17,1,Email
4431,909,162,2024-06-15,1,579.58,1,1,Direct
4432,131,188,2024-12-10,4,328.72,55,1,Social
4433,742,216,2024-12-17,4,1166.66,36,0,Direct
4434,650,356,2024-01-24,4,924.97,8,0,Social
4435,372,48,2024-11-14,2,901.26,2,0,Social
4436,54,222,2024-08-26,3,892.0,35,0,Direct
4437,767,113,2024-02-24,2,273.16,48,0,Email
4438,528,257,2024-09-19,5,294.67,20,0,Social
4439,508,283,2024-01-13,4,673.5,15,0,Email
4440,596,127,2024-05-01,1,345.97,31,1,Ads
4441,780,283,2024-12-03,2,628.48,31,1,Direct
4442,490,46,2024-02-19,4,840.82,44,1,Social
4443,410,79,2024-09-01,5,149.1,4,1,Email
4444,234,97,2024-03-29,2,186.17,11,1,Ads
4445,603,396,2024-03-05,1,473.79,51,1,Direct
4446,541,291,2024-12-25,4,992.47,42,0,Social
4447,252,355,2024-12-29,3,1058.79,20,1,Direct
4448,467,163,2024-03-26,1,941.02,60,0,Direct
4449,298,64,2024-12-30,1,521.03,59,1,Direct
4450,120,208,2024-10-10,2,373.88,26,1,Email
4451,109,121,2024-06-07,4,603.44,1,0,Email
4452,508,240,2024-11-14,1,211.75,14,1,Direct
4453,887,162,2024-08-14,1,257.21,47,1,Ads
4454,338,373,2024-11-01,4,507.4,10,0,Ads
4455,774,196,2024-01-25,3,441.58,3,1,Direct
4456,727,266,2024-04-28,2,390.41,5,0,Ads
4457,385,48,2024-12-21,2,592.13,30,0,Social
4458,328,74,2024-02-22,1,1171.03,5,1,Ads
4459,35,101,2024-08-24,3,1090.68,37,1,Direct
4460,777,310,2024-07-06,3,596.92,39,0,Email
4461,887,92,2024-12-18,3,299.38,12,1,Social
4462,749,60,2024-01-10,4,1030.84,48,0,Email
4463,3,234,2024-02-27,4,862.57,32,0,Email
4464,258,256,2024-06-21,5,820.99,23,1,Social
4465,236,279,2024-09-21,5,78.56,17,0,Ads
4466,164,387,2024-01-29,5,788.2,55,1,Social
4467,933,31,2024-02-17,2,958.62,14,0,Direct
4468,202,80,2024-11-15,2,836.12,55,0,Email
4469,575,47,2024-01-04,3,1067.03,47,1,Social
4470,108,233,2024-01-07,3,177.25,33,0,Ads
4471,498,112,2024-10-02,5,1172.07,30,1,Ads
4472,502,129,2024-09-13,1,503.83,34,0,Social
4473,991,155,2024-12-13,1,25.96,1,1,Email
4474,623,116,2024-01-10,5,572.41,32,0,Direct
4475,17,239,2024-03-23,4,271.82,33,0,Direct
4476,682,260,2024-08-16,5,544.52,53,1,Direct
4477,335,357,2024-10-19,5,498.83,52,0,Ads
4478,575,346,2024-05-07,5,673.41,42,1,Email
4479,93,346,2024-03-25,1,899.96,14,1,Email
4480,906,220,2024-03-14,1,540.05,42,0,Social
4481,907,121,2024-07-08,2,364.63,2,1,Email
4482,59,376,2024-03-09,3,334.11,57,1,Direct
4483,806,378,2024-01-07,5,207.94,53,1,Social
4484,310,285,2024-02-24,4,899.82,50,0,Social
4485,297,91,2024-03-29,2,459.79,30,0,Social
4486,876,40,2024-10-28,3,73.28,19,1,Ads
4487,755,137,2024-10-02,3,1165.51,16,0,Social
4488,802,182,2024-02-01,5,767.26,31,0,Direct
4489,772,163,2024-05-26,1,628.23,2,1,Ads
4490,960,30,2024-07-07,1,1031.97,60,1,Social
4491,703,396,2024-02-29,1,749.37,38,1,Email
4492,710,69,2024-12-31,5,329.31,42,1,Direct
4493,256,88,2024-06-29,1,683.11,27,1,Direct
4494,256,300,2024-12-21,5,726.31,41,1,Ads
4495,475,20,2024-10-25,2,556.18,17,0,Social
4496,342,361,2024-07-06,2,962.08,54,1,Email
4497,511,98,2024-02-05,4,318.84,55,1,Ads
4498,776,84,2024-12-30,3,451.88,30,1,Social
4499,622,276,2024-01-28,4,32.15,21,0,Email
4500,924,351,2024-11-06,5,772.35,20,1,Email
4501,173,387,2024-03-27,5,376.34,8,0,Email
4502,165,181,2024-09-19,5,654.93,45,0,Ads
4503,796,92,2024-11-23,4,952.79,55,1,Email
4504,768,293,2024-02-23,5,49.18,12,1,Email
4505,703,239,2024-06-11,2,251.29,22,1,Direct
4506,413,366,2024-05-07,1,381.23,4,0,Social
4507,102,87,2024-01-14,4,938.82,19,1,Social
4508,396,240,2024-06-14,5,192.57,59,1,Direct
4509,545,277,2024-08-07,5,634.35,43,0,Email
4510,848,50,2024-05-14,2,151.39,36,0,Ads
4511,162,168,2024-11-24,4,795.43,50,1,Ads
4512,29,291,2024-02-07,1,299.24,3,0,Social
4513,872,150,2024-12-20,3,331.58,19,0,Direct
4514,693,109,2024-05-23,1,684.17,58,1,Ads
4515,538,274,2024-10-22,2,781.39,23,1,Direct
4516,509,219,2024-01-09,1,1104.99,41,0,Social
4517,628,367,2024-06-15,1,363.58,36,0,Ads
4518,669,185,2024-03-17,5,610.88,60,1,Email
4519,796,87,2024-03-28,3,88.0,56,1,Social
4520,485,144,2024-05-26,1,661.08,30,1,Ads
4521,611,250,2024-09-12,2,725.06,28,1,Email
4522,764,347,2024-02-11,4,1095.72,20,0,Ads
4523,560,58,2024-05-09,5,984.67,47,0,Ads
4524,95,253,2024-03-06,5,1039.53,13,0,Ads
4525,946,346,2024-12-30,1,1118.62,57,1,Ads
4526,879,216,2024-08-21,1,1088.8,8,0,Direct
4527,30,387,2024-06-15,1,478.61,18,1,Social
4528,895,304,2024-02-05,2,59.27,20,1,Social
4529,721,71,2024-10-03,2,311.92,31,1,Social
4530,274,72,2024-02-12,1,294.2,44,1,Social
4531,299,212,2024-07-18,5,711.31,40,0,Ads
4532,650,350,2024-09-08,1,859.6,9,1,Ads
4533,11,259,2024-05-13,1,222.53,13,1,Social
4534,742,207,2024-01-18,4,836.94,42,1,Social
4535,381,41,2024-10-08,2,461.54,43,1,Ads
4536,632,59,2024-05-26,2,1044.83,50,0,Email
4537,573,210,2024-07-30,5,811.43,45,1,Direct
4538,114,201,2024-12-10,3,44.26,1,1,Email
4539,782,71,2024-03-17,5,747.64,7,0,Email
4540,351,239,2024-09-13,4,651.7,37,1,Social
4541,857,11,2024-04-25,1,408.45,54,0,Email
4542,20,76,2024-12-18,3,1132.38,31,0,Email
4543,437,110,2024-01-05,3,82.55,7,0,Email
4544,905,192,2024-12-26,2,251.84,11,1,Direct
4545,910,13,2024-12-13,4,922.42,2,0,Social
4546,148,389,2024-05-20,4,272.25,38,1,Direct
4547,177,337,2024-07-18,2,140.78,42,1,Direct
4548,288,320,2024-09-01,5,49.27,1,1,Direct
4549,69,56,2024-06-18,3,193.97,9,0,Ads
4550,614,396,2024-09-07,5,785.69,46,1,Direct
4551,95,112,2024-12-29,1,998.74,25,1,Ads
4552,684,259,2024-07-08,4,226.72,59,0,Social
4553,923,90,2024-10-04,4,243.29,51,1,Email
4554,548,218,2024-04-14,1,233.54,23,0,Email
4555,981,327,2024-06-20,2,131.97,14,0,Email
4556,129,306,2024-03-03,4,571.37,39,0,Direct
4557,28,370,2024-02-26,5,24.63,43,0,Direct
4558,873,189,2024-09-23,5,260.61,49,0,Social
4559,949,95,2024-02-21,5,80.91,54,0,Direct
4560,142,26,2024-05-11,1,444.59,23,1,Email
4561,478,335,2024-11-21,1,221.7,11,1,Social
4562,818,356,2024-06-20,3,745.47,20,0,Ads
4563,689,50,2024-01-18,1,446.76,50,0,Direct
4564,143,107,2024-04-13,4,945.39,7,1,Email
4565,354,96,2024-01-07,2,1008.34,24,1,Social
4566,747,161,2024-11-07,3,478.35,60,0,Email
4567,365,234,2024-12-09,2,124.42,18,1,Ads
4568,409,174,2024-12-15,3,736.98,15,0,Direct
4569,382,319,2024-04-15,1,1181.15,19,1,Ads
4570,459,161,2024-05-06,3,265.73,18,1,Social
4571,526,87,2024-08-04,2,233.62,22,0,Email
4572,43,99,2024-06-01,5,354.89,45,0,Direct
4573,43,115,2024-03-24,4,1071.88,4,0,Ads
4574,386,8,2024-11-29,5,1120.87,20,1,Ads
4575,922,204,2024-03-18,5,754.24,46,1,Email
4576,848,294,2024-01-24,5,216.21,26,0,Ads
4577,87,350,2024-05-14,3,39.01,55,0,Email
4578,838,108,2024-01-03,5,184.07,16,1,Email
4579,365,115,2024-02-19,3,326.31,10,1,Email
4580,418,223,2024-02-22,5,477.36,33,0,Email
4581,838,61,2024-07-19,2,773.04,8,1,Direct
4582,185,133,2024-07-01,5,538.99,60,1,Social
4583,951,318,2024-08-10,3,1185.95,39,0,Ads
4584,507,155,2024-12-18,3,616.32,20,0,Direct
4585,669,186,2024-04-02,5,593.98,26,0,Social
4586,591,148,2024-11-30,3,251.45,24,1,Email
4587,477,217,2024-05-02,2,819.44,25,0,Email
4588,304,213,2024-04-11,5,1030.25,45,0,Email
4589,906,388,2024-05-01,4,187.69,23,1,Social
4590,426,338,2024-01-21,1,925.74,7,1,Ads
4591,165,10,2024-04-10,2,833.53,45,1,Social
4592,597,205,2024-08-20,3,649.9,22,0,Social
4593,168,182,2024-12-25,5,887.47,47,1,Direct
4594,764,121,2024-09-20,1,850.33,43,1,Social
4595,573,375,2024-11-24,3,821.44,39,0,Email
4596,483,304,2024-07-25,2,1003.43,37,1,Social
4597,653,43,2024-01-15,2,774.46,26,1,Direct
4598,694,349,2024-02-10,3,921.24,18,1,Direct
4599,79,334,2024-04-17,3,866.31,21,0,Direct
4600,288,336,2024-04-03,1,1096.93,18,1,Email
4601,205,350,2024-02-01,2,878.14,59,1,Social
4602,217,297,2024-04-05,2,838.74,3,0,Ads
4603,180,169,2024-11-07,1,930.47,13,0,Direct
4604,497,226,2024-10-18,5,496.95,46,1,Direct
4605,233,305,2024-01-04,1,1150.35,35,0,Ads
4606,565,123,2024-12-01,3,1153.08,7,0,Email
4607,243,70,2024-07-25,1,493.72,41,1,Social
4608,915,307,2024-02-26,4,201.99,36,0,Ads
4609,190,299,2024-10-09,2,373.27,50,1,Ads
4610,171,107,2024-07-08,5,965.47,3,0,Direct
4611,877,267,2024-12-12,1,142.85,42,1,Direct
4612,862,259,2024-08-08,1,981.79,9,0,Email
4613,527,26,2024-08-05,4,348.97,59,1,Ads
4614,428,104,2024-11-01,5,961.28,59,1,Ads
4615,156,203,2024-09-30,2,1197.34,10,1,Email
4616,69,272,2024-10-31,2,309.43,54,1,Email
4617,941,371,2024-07-29,2,1003.85,53,0,Ads
4618,81,79,2024-03-07,5,186.19,44,1,Email
4619,622,253,2024-03-04,3,183.28,10,0,Social
4620,861,306,2024-08-20,3,647.33,3,0,Email
4621,980,151,2024-05-01,3,225.46,20,0,Ads
4622,435,76,2024-03-18,5,489.04,23,1,Ads
4623,308,247,2024-08-17,1,1192.69,16,0,Email
4624,740,377,2024-01-06,3,1190.02,41,0,Ads
4625,474,67,2024-04-20,2,1078.72,1,1,Direct
4626,323,9,2024-09-04,4,1135.32,26,0,Email
4627,425,184,2024-12-06,3,1098.44,53,0,Email
4628,642,325,2024-02-04,4,362.17,20,0,Ads
4629,369,2,2024-11-21,3,906.65,35,1,Ads
4630,274,292,2024-11-17,2,1047.28,32,1,Direct
4631,558,43,2024-05-16,1,112.69,1,1,Direct
4632,984,207,2024-07-02,3,305.98,33,1,Ads
4633,433,139,2024-11-12,3,651.41,44,1,Direct
4634,43,284,2024-08-17,1,878.97,55,0,Social
4635,118,90,2024-07-16,3,512.67,10,1,Direct
4636,175,44,2024-09-08,1,792.01,52,1,Direct
4637,351,334,2024-10-24,2,589.04,43,0,Email
4638,853,63,2024-01-27,5,149.87,59,0,Ads
4639,870,120,2024-08-12,2,692.66,33,1,Ads
4640,60,75,2024-12-24,3,471.28,49,1,Social
4641,44,209,2024-06-10,3,814.07,21,1,Social
4642,46,67,2024-03-04,2,464.54,20,0,Ads
4643,158,317,2024-01-30,1,527.27,43,0,Direct
4644,293,379,2024-12-14,5,698.68,49,1,Email
4645,626,332,2024-10-03,4,1099.49,32,1,Email
4646,332,150,2024-07-18,5,94.52,56,0,Email
4647,216,331,2024-10-15,3,129.97,42,1,Ads
4648,770,245,2024-10-21,4,409.25,56,0,Direct
4649,270,101,2024-05-29,2,493.56,20,1,Direct
4650,473,269,2024-02-22,5,546.06,30,0,Ads
4651,110,217,2024-10-22,2,598.41,58,0,Direct
4652,438,303,2024-01-25,4,1068.83,27,1,Email
4653,912,286,2024-03-18,4,1160.82,35,0,Ads
4654,123,175,2024-04-05,1,555.51,6,1,Social
4655,802,275,2024-11-04,4,393.43,2,0,Direct
4656,622,177,2024-04-06,1,309.71,18,1,Email
4657,544,164,2024-12-25,4,852.43,51,0,Social
4658,510,357,2024-05-04,5,993.81,18,0,Ads
4659,318,375,2024-07-03,2,564.76,59,1,Email
4660,855,11,2024-10-17,4,513.15,32,0,Ads
4661,581,257,2024-07-12,1,603.46,23,1,Direct
4662,589,382,2024-06-16,4,541.88,26,1,Direct
4663,659,79,2024-10-14,1,439.63,50,1,Ads
4664,399,204,2024-06-24,5,964.99,42,1,Ads
4665,908,207,2024-04-29,3,1074.41,7,1,Ads
4666,49,181,2024-03-15,2,520.87,48,1,Social
4667,788,393,2024-11-14,4,1008.41,7,0,Ads
4668,424,275,2024-05-28,3,1115.87,52,1,Social
4669,446,271,2024-09-16,1,1004.68,23,1,Social
4670,704,360,2024-01-30,1,1144.56,58,1,Social
4671,890,379,2024-05-02,4,284.13,37,0,Email
4672,371,209,2024-12-11,1,650.89,31,1,Social
4673,3,329,2024-08-22,1,159.64,30,1,Ads
4674,734,131,2024-12-22,2,1081.95,15,0,Email
4675,577,156,2024-06-02,3,396.72,38,0,Direct
4676,172,266,2024-09-27,5,339.13,25,0,Email
4677,279,387,2024-09-25,5,525.08,9,1,Ads
4678,966,47,2024-03-25,1,24.99,21,0,Ads
4679,741,287,2024-10-07,1,1082.95,8,1,Email
4680,88,281,2024-06-18,4,103.42,47,1,Social
4681,570,346,2024-12-10,4,788.94,55,1,Social
4682,695,37,2024-09-05,2,35.98,59,1,Direct
4683,654,347,2024-11-05,1,850.83,39,0,Social
4684,49,133,2024-08-20,4,830.28,49,1,Direct
4685,609,295,2024-02-12,1,540.81,57,1,Social
4686,443,327,2024-11-06,4,1083.41,49,1,Direct
4687,683,122,2024-09-18,2,1131.29,52,0,Ads
4688,731,237,2024-11-03,5,972.98,26,0,Email
4689,159,90,2024-04-09,3,933.61,18,0,Social
4690,401,395,2024-06-29,4,175.69,53,0,Ads
4691,58,228,2024-10-22,1,1186.05,20,0,Ads
4692,717,196,2024-02-25,1,411.33,22,0,Social
4693,921,198,2024-08-19,2,1137.42,25,0,Social
4694,423,198,2024-05-15,4,978.95,19,1,Social
4695,556,195,2024-03-04,4,758.82,1,0,Direct
4696,180,253,2024-11-30,2,1070.47,42,1,Social
4697,61,202,2024-02-19,1,196.74,27,1,Social
4698,760,315,2024-03-05,5,53.37,16,1,Social
4699,367,246,2024-07-03,2,863.17,49,1,Ads
4700,451,91,2024-10-24,2,879.25,54,0,Social
4701,757,396,2024-12-18,2,93.07,41,0,Social
4702,856,68,2024-03-20,5,1141.74,32,0,Email
4703,200,335,2024-12-23,3,229.84,46,1,Social
4704,606,136,2024-03-03,5,135.74,58,0,Social
4705,70,278,2024-04-13,1,403.13,59,1,Direct
4706,499,9,2024-05-08,4,764.21,34,0,Social
4707,841,214,2024-12-06,1,593.39,38,0,Email
4708,323,78,2024-09-21,5,117.44,52,1,Social
4709,854,43,2024-02-08,4,246.38,43,0,Ads
4710,720,329,2024-06-15,2,343.91,58,1,Social
4711,24,144,2024-10-14,1,103.26,44,1,Email
4712,752,4,2024-10-17,2,360.67,3,1,Ads
4713,720,218,2024-06-24,2,442.94,13,1,Email
4714,442,363,2024-01-01,2,945.37,55,1,Social
4715,102,4,2024-02-05,4,125.83,37,1,Email
4716,892,102,2024-02-17,1,939.48,20,0,Email
4717,288,192,2024-06-30,4,261.34,42,0,Direct
4718,373,300,2024-01-05,3,993.07,36,1,Direct
4719,626,235,2024-04-07,3,865.37,32,0,Email
4720,18,343,2024-12-11,1,1020.64,17,0,Email
4721,590,59,2024-09-19,4,493.9,25,0,Email
4722,684,138,2024-10-27,1,841.12,14,0,Direct
4723,171,233,2024-02-21,4,469.69,2,1,Ads
4724,381,337,2024-07-14,4,929.12,48,0,Direct
4725,948,20,2024-06-09,2,671.13,40,0,Ads
4726,529,24,2024-10-20,1,1136.65,38,1,Direct
4727,147,134,2024-08-31,3,1120.43,18,0,Direct
4728,758,316,2024-08-26,3,395.38,21,0,Direct
4729,513,379,2024-03-23,2,481.91,51,0,Ads
4730,545,92,2024-10-09,5,156.75,8,1,Email
4731,160,210,2024-07-27,4,151.54,57,1,Ads
4732,38,341,2024-01-28,4,95.77,28,0,Email
4733,308,67,2024-09-20,4,587.66,30,0,Social
4734,884,292,2024-11-04,3,322.03,60,0,Ads
4735,261,186,2024-02-20,3,103.75,10,0,Social
4736,716,358,2024-12-05,1,920.03,6,0,Email
4737,892,263,2024-11-26,3,395.71,57,1,Ads
4738,249,299,2024-06-11,3,154.72,10,0,Direct
4739,458,383,2024-01-01,5,190.73,15,1,Email
4740,666,64,2024-01-20,5,446.04,39,0,Ads
4741,383,181,2024-03-13,1,1035.2,55,0,Ads
4742,339,316,2024-05-19,1,832.3,43,0,Social
4743,752,244,2024-04-19,5,422.0,44,0,Email
4744,651,181,2024-06-28,1,1065.71,44,1,Social
4745,490,342,2024-02-24,1,524.49,41,0,Ads
4746,589,310,2024-11-28,3,168.1,15,0,Social
4747,408,108,2024-12-27,5,446.98,29,1,Direct
4748,663,221,2024-12-13,2,657.97,15,0,Email
4749,908,102,2024-03-19,5,1122.94,48,0,Direct
4750,117,178,2024-12-29,3,1078.69,30,1,Ads
4751,918,152,2024-04-23,5,778.22,46,0,Direct
4752,507,322,2024-11-18,5,436.0,13,0,Direct
4753,737,259,2024-02-27,2,279.84,43,1,Social
4754,90,381,2024-10-27,4,599.12,18,1,Social
4755,789,281,2024-12-11,1,978.24,51,1,Social
4756,253,352,2024-06-17,5,753.02,36,0,Ads
4757,799,210,2024-09-06,2,1106.3,42,0,Email
4758,597,318,2024-07-10,5,1188.77,24,1,Direct
4759,16,106,2024-06-19,2,1174.63,48,1,Email
4760,998,181,2024-11-30,2,688.56,56,1,Social
4761,716,64,2024-03-15,1,801.53,28,0,Direct
4762,118,39,2024-07-25,5,564.26,26,0,Social
4763,920,217,2024-05-17,3,433.82,14,0,Ads
4764,130,81,2024-06-28,3,39.99,33,1,Social
4765,278,66,2024-12-30,4,508.95,33,1,Social
4766,546,94,2024-02-22,2,541.14,6,1,Email
4767,178,298,2024-02-03,5,956.77,24,1,Direct
4768,121,77,2024-11-09,5,872.88,26,0,Direct
4769,46,318,2024-01-14,2,255.25,10,0,Direct
4770,659,53,2024-02-12,3,362.57,27,1,Social
4771,325,400,2024-08-20,5,1011.45,5,0,Email
4772,426,110,2024-07-13,5,464.68,60,0,Ads
4773,96,54,2024-05-11,5,786.69,46,0,Direct
4774,645,361,2024-11-14,1,427.96,55,1,Ads
4775,911,40,2024-05-30,4,596.09,3,1,Ads
4776,436,66,2024-07-30,2,292.81,45,0,Email
4777,109,26,2024-06-26,1,467.61,45,0,Ads
4778,717,230,2024-08-17,2,309.38,8,1,Direct
4779,389,139,2024-09-27,3,849.26,58,1,Ads
4780,659,303,2024-05-01,4,612.83,58,0,Social
4781,986,279,2024-08-12,5,530.95,38,0,Email
4782,327,229,2024-02-23,3,320.94,55,1,Direct
4783,979,285,2024-07-11,5,1119.62,49,0,Ads
4784,171,188,2024-06-19,2,361.26,12,0,Direct
4785,267,119,2024-01-19,1,134.96,48,1,Email
4786,149,150,2024-07-05,2,603.45,41,1,Ads
4787,112,303,2024-07-18,2,283.45,45,1,Email
4788,553,48,2024-08-19,5,1089.96,17,0,Ads
4789,498,283,2024-04-26,4,707.78,43,0,Ads
4790,706,283,2024-08-14,3,704.21,54,0,Email
4791,10,11,2024-12-17,5,561.63,4,1,Direct
4792,575,202,2024-02-14,5,464.2,59,0,Direct
4793,1,372,2024-07-13,5,1142.6,24,0,Social
4794,558,170,2024-01-24,4,773.99,4,0,Email
4795,873,330,2024-09-28,4,1028.74,31,1,Social
4796,206,333,2024-05-13,4,709.64,16,1,Social
4797,38,239,2024-10-25,3,238.99,44,0,Direct
4798,6,115,2024-09-16,2,1100.65,6,0,Direct
4799,295,266,2024-11-13,3,953.83,8,0,Social
4800,105,327,2024-01-08,1,240.0,48,1,Social
4801,207,247,2024-07-26,1,1006.19,39,0,Social
4802,869,70,2024-05-06,1,992.88,16,0,Email
4803,376,15,2024-03-04,3,448.45,7,0,Ads
4804,448,82,2024-03-31,4,1179.03,45,1,Direct
4805,57,23,2024-03-22,4,211.23,21,0,Direct
4806,486,67,2024-06-04,4,457.27,3,0,Social
4807,927,180,2024-10-02,2,280.55,3,1,Email
4808,517,91,2024-10-11,1,783.7,57,1,Email
4809,491,81,2024-04-17,3,700.98,14,1,Email
4810,241,13,2024-09-03,5,51.67,47,0,Ads
4811,561,330,2024-09-17,2,449.25,29,1,Social
4812,721,201,2024-04-23,2,224.03,17,1,Ads
4813,298,21,2024-07-23,1,59.31,18,0,Social
4814,923,284,2024-11-10,5,192.88,58,0,Direct
4815,462,372,2024-10-06,4,1121.47,7,0,Ads
4816,830,231,2024-09-15,5,66.66,10,1,Ads
4817,579,60,2024-07-12,1,684.39,22,1,Direct
4818,197,351,2024-07-04,1,526.29,25,0,Direct
4819,230,355,2024-08-04,4,800.56,8,1,Direct
4820,766,141,2024-06-26,3,307.13,14,1,Ads
4821,45,168,2024-06-01,2,1182.35,19,1,Email
4822,587,240,2024-03-21,5,1078.47,8,1,Email
4823,263,338,2024-01-18,3,228.73,25,0,Social
4824,767,104,2024-02-04,4,1196.68,13,1,Direct
4825,489,360,2024-05-27,2,877.28,10,1,Ads
4826,536,148,2024-09-03,1,46.65,5,0,Social
4827,409,155,2024-02-08,2,332.66,58,1,Email
4828,334,162,2024-08-27,1,89.04,38,0,Direct
4829,953,259,2024-02-02,5,976.67,32,1,Ads
4830,509,238,2024-01-25,1,936.48,50,1,Ads
4831,410,125,2024-09-13,4,1077.72,47,0,Email
4832,301,157,2024-08-05,3,758.98,10,1,Ads
4833,505,45,2024-04-15,2,979.64,41,1,Email
4834,538,254,2024-12-20,2,681.8,45,1,Email
4835,695,10,2024-12-14,5,898.21,45,0,Ads
4836,615,200,2024-08-28,5,983.52,6,0,Email
4837,3,50,2024-10-23,2,1067.97,22,1,Direct
4838,542,275,2024-06-29,4,780.69,26,1,Email
4839,287,204,2024-07-17,2,724.88,43,0,Email
4840,4,137,2024-03-23,3,348.95,24,0,Social
4841,637,287,2024-05-04,5,297.07,2,1,Direct
4842,510,122,2024-08-22,2,605.2,56,1,Ads
4843,290,329,2024-04-22,1,1162.67,6,1,Ads
4844,851,190,2024-07-27,2,89.55,34,0,Email
4845,215,147,2024-10-20,3,1052.18,39,1,Social
4846,361,387,2024-10-01,3,797.15,31,1,Email
4847,126,128,2024-08-06,5,987.76,20,1,Email
4848,827,190,2024-05-23,3,284.98,10,1,Email
4849,337,282,2024-07-01,2,173.73,35,0,Social
4850,349,113,2024-08-25,4,158.39,7,1,Email
4851,37,213,2024-08-23,2,991.95,28,1,Email
4852,887,287,2024-01-10,2,203.24,6,0,Email
4853,318,187,2024-07-02,3,97.78,9,0,Ads
4854,419,32,2024-12-17,5,624.41,43,0,Direct
4855,782,115,2024-07-24,2,821.4,44,1,Direct
4856,166,155,2024-01-06,3,483.81,8,1,Direct
4857,837,51,2024-10-27,3,398.42,20,1,Social
4858,239,234,2024-10-18,5,741.98,42,0,Email
4859,743,122,2024-02-27,4,107.23,21,0,Email
4860,661,271,2024-06-15,1,985.8,15,0,Email
4861,898,155,2024-02-13,4,1069.3,50,1,Ads
4862,381,62,2024-03-16,3,35.38,58,1,Email
4863,413,399,2024-08-01,1,788.12,26,0,Direct
4864,296,117,2024-11-08,3,232.2,23,1,Direct
4865,641,107,2024-07-22,3,654.07,60,0,Ads
4866,499,274,2024-10-11,2,887.64,25,0,Direct
4867,189,114,2024-01-21,2,584.48,12,0,Social
4868,840,297,2024-08-26,5,501.44,51,0,Direct
4869,604,145,2024-10-31,4,286.78,14,1,Email
4870,538,129,2024-03-14,2,603.76,53,0,Direct
4871,322,340,2024-01-20,4,646.2,33,0,Ads
4872,459,276,2024-07-22,4,514.06,8,0,Social
4873,174,12,2024-09-18,2,446.15,53,1,Email
4874,312,306,2024-09-25,2,711.15,12,1,Email
4875,495,56,2024-01-15,1,652.22,29,0,Direct
4876,366,53,2024-02-19,1,1098.0,53,0,Social
4877,386,1,2024-05-28,3,931.46,36,1,Ads
4878,671,197,2024-09-22,2,167.15,26,1,Social
4879,454,45,2024-08-28,3,759.1,16,0,Ads
4880,678,124,2024-11-27,3,648.46,15,0,Email
4881,333,231,2024-05-11,1,73.14,48,0,Direct
4882,575,127,2024-07-26,2,359.06,49,0,Direct
4883,216,67,2024-02-06,1,705.8,2,0,Direct
4884,947,193,2024-04-22,2,125.49,13,0,Email
4885,651,326,2024-11-08,5,585.4,40,1,Email
4886,745,310,2024-10-01,3,398.71,12,1,Social
4887,689,80,2024-11-29,3,861.88,44,1,Direct
4888,636,325,2024-11-12,4,283.4,2,0,Ads
4889,486,299,2024-04-18,3,182.96,9,1,Ads
4890,629,291,2024-07-27,1,785.95,17,1,Email
4891,822,297,2024-07-04,4,961.31,57,0,Social
4892,37,167,2024-01-11,3,1101.15,16,1,Ads
4893,748,124,2024-03-11,2,373.63,36,0,Ads
4894,10,265,2024-02-22,5,448.14,56,1,Ads
4895,101,94,2024-06-11,4,505.72,5,0,Direct
4896,157,117,2024-08-22,1,932.51,17,0,Email
4897,559,3,2024-03-20,5,471.65,8,0,Direct
4898,937,260,2024-08-07,5,722.83,45,0,Social
4899,865,155,2024-04-07,3,1118.81,57,1,Email
4900,992,18,2024-06-06,5,526.67,39,1,Direct
4901,223,164,2024-01-21,3,508.86,6,1,Social
4902,548,48,2024-02-19,5,683.41,27,0,Direct
4903,492,377,2024-03-24,5,1111.36,5,0,Ads
4904,961,378,2024-12-18,5,325.75,33,1,Direct
4905,22,63,2024-05-10,3,1148.08,16,1,Direct
4906,11,315,2024-08-10,2,622.66,4,1,Social
4907,891,14,2024-05-27,5,318.66,40,1,Social
4908,138,188,2024-04-25,2,201.41,23,1,Social
4909,228,371,2024-04-20,1,955.12,31,0,Social
4910,952,163,2024-10-17,2,984.47,11,0,Direct
4911,507,79,2024-08-20,3,769.27,49,1,Direct
4912,168,191,2024-05-01,2,256.62,31,0,Email
4913,177,249,2024-08-06,4,999.58,31,1,Ads
4914,874,104,2024-08-07,2,563.8,49,0,Direct
4915,355,262,2024-10-27,4,703.96,16,0,Social
4916,728,51,2024-07-15,2,76.28,9,1,Social
4917,131,317,2024-10-06,2,1074.16,59,1,Email
4918,801,360,2024-01-28,2,715.75,28,1,Email
4919,31,106,2024-03-29,2,1084.46,17,0,Direct
4920,733,14,2024-07-30,3,44.09,19,0,Email
4921,30,80,2024-11-01,5,417.45,24,1,Social
4922,424,42,2024-02-25,2,290.47,2,0,Ads
4923,617,178,2024-08-09,2,354.29,60,0,Social
4924,543,284,2024-11-17,4,1070.61,44,1,Social
4925,41,68,2024-08-29,4,413.32,44,1,Email
4926,813,97,2024-06-02,4,961.99,22,1,Email
4927,300,146,2024-10-01,2,716.08,28,1,Direct
4928,669,19,2024-07-28,5,1132.31,51,1,Email
4929,596,204,2024-12-15,5,612.14,35,0,Ads
4930,268,216,2024-10-12,3,173.97,44,1,Email
4931,824,144,2024-05-24,5,440.87,7,0,Social
4932,120,121,2024-12-24,2,405.42,6,1,Ads
4933,792,245,2024-11-08,3,176.22,23,1,Ads
4934,440,236,2024-07-08,2,977.62,58,1,Ads
4935,818,293,2024-06-24,3,411.15,52,1,Direct
4936,58,106,2024-10-11,1,567.58,60,1,Social
4937,476,291,2024-03-27,1,772.3,16,0,Social
4938,332,147,2024-02-12,1,970.67,38,1,Social
4939,397,324,2024-11-05,5,228.39,27,1,Email
4940,553,135,2024-08-02,4,386.85,21,1,Email
4941,643,47,2024-07-28,4,290.78,59,0,Email
4942,152,214,2024-09-11,4,312.95,11,0,Social
4943,919,338,2024-02-21,4,1106.25,29,0,Social
4944,913,129,2024-01-07,3,118.75,15,0,Ads
4945,708,212,2024-02-04,2,563.54,58,1,Email
4946,906,359,2024-05-17,4,1197.53,10,0,Email
4947,193,48,2024-06-27,1,28.68,18,1,Ads
4948,372,249,2024-10-11,3,46.26,29,1,Social
4949,153,128,2024-07-25,1,227.52,30,1,Direct
4950,543,89,2024-08-16,5,1014.41,57,1,Email
4951,863,368,2024-02-16,1,380.31,35,0,Ads
4952,490,208,2024-08-10,3,1178.94,15,1,Social
4953,244,373,2024-01-01,3,742.22,52,1,Social
4954,68,360,2024-01-28,3,234.14,42,0,Ads
4955,763,278,2024-10-08,5,950.96,4,1,Direct
4956,396,106,2024-11-29,1,1006.28,1,0,Ads
4957,138,97,2024-11-11,4,1100.85,49,1,Direct
4958,988,79,2024-05-24,3,1090.52,30,1,Direct
4959,782,323,2024-08-25,5,873.57,57,1,Direct
4960,284,299,2024-05-17,3,48.53,45,1,Email
4961,593,57,2024-06-08,5,484.27,12,1,Social
4962,780,73,2024-06-01,5,308.94,53,1,Email
4963,224,261,2024-12-21,4,456.94,16,1,Ads
4964,269,265,2024-02-12,2,674.14,44,1,Email
4965,262,302,2024-06-08,1,54.47,20,0,Direct
4966,904,173,2024-04-09,2,79.76,14,0,Email
4967,300,33,2024-08-22,2,826.35,36,0,Email
4968,156,302,2024-06-22,3,1024.63,35,0,Ads
4969,74,89,2024-04-10,1,675.1,1,1,Email
4970,443,187,2024-07-20,5,42.06,12,1,Direct
4971,156,356,2024-02-22,5,473.54,44,1,Social
4972,728,316,2024-03-08,3,1023.85,47,1,Social
4973,561,74,2024-02-29,5,321.42,27,1,Direct
4974,111,344,2024-03-16,1,256.65,17,0,Direct
4975,296,166,2024-11-26,4,272.62,5,0,Email
4976,30,26,2024-04-26,1,493.0,1,0,Ads
4977,12,41,2024-07-05,3,836.19,49,0,Ads
4978,787,355,2024-07-23,5,329.88,38,1,Ads
4979,407,340,2024-03-24,4,153.91,2,1,Social
4980,28,153,2024-07-22,4,876.43,50,0,Social
4981,12,381,2024-08-13,2,506.04,12,0,Email
4982,455,377,2024-05-10,4,1058.82,39,1,Email
4983,746,207,2024-08-30,1,237.18,29,1,Social
4984,538,161,2024-02-17,4,394.69,19,1,Ads
4985,743,315,2024-04-05,2,185.71,45,1,Social
4986,202,320,2024-11-29,1,675.74,4,1,Social
4987,914,391,2024-10-08,1,109.71,56,0,Social
4988,310,221,2024-01-11,4,1034.69,1,0,Ads
4989,69,257,2024-06-27,4,441.04,11,0,Direct
4990,569,7,2024-01-04,5,359.82,50,0,Direct
4991,359,203,2024-07-23,3,714.12,57,0,Ads
4992,35,82,2024-12-16,3,1018.6,58,0,Email
4993,301,153,2024-05-17,5,297.78,33,1,Direct
4994,313,399,2024-03-03,4,448.22,30,1,Social
4995,862,310,2024-08-20,4,615.51,36,0,Email
4996,213,309,2024-11-16,1,707.41,58,1,Direct
4997,354,255,2024-10-08,1,572.3,6,1,Ads
4998,639,195,2024-08-22,4,754.99,29,1,Social
4999,857,324,2024-10-12,1,827.24,50,1,Ads
5000,365,30,2024-08-31,2,1095.18,27,1,Ads
5001,492,132,2024-11-10,3,1073.93,10,0,Ads
5002,373,145,2024-09-22,3,481.33,22,0,Email
5003,642,29,2024-10-21,2,354.78,25,0,Social
5004,520,74,2024-08-29,3,739.21,29,0,Ads
5005,580,244,2024-12-26,5,270.95,44,0,Ads
5006,764,170,2024-06-21,1,1039.03,47,0,Direct
5007,901,55,2024-03-22,2,545.79,20,1,Social
5008,662,348,2024-04-20,5,895.73,44,1,Email
5009,568,30,2024-11-05,5,42.77,47,0,Social
5010,655,201,2024-10-29,3,804.2,33,1,Email
5011,100,398,2024-04-28,5,187.56,41,0,Ads
5012,739,74,2024-09-01,1,451.94,17,0,Email
5013,258,372,2024-08-25,4,532.27,33,1,Ads
5014,579,219,2024-10-11,5,298.52,18,1,Ads
5015,946,275,2024-09-14,5,134.09,20,0,Direct
5016,339,224,2024-12-01,4,1101.09,58,1,Social
5017,303,261,2024-04-25,4,832.51,50,0,Email
5018,614,111,2024-11-25,3,27.23,23,1,Social
5019,152,215,2024-07-31,3,329.08,6,1,Social
5020,817,333,2024-09-18,5,190.45,44,1,Direct
5021,198,34,2024-12-30,3,243.9,2,1,Direct
5022,280,94,2024-03-02,4,494.3,46,1,Ads
5023,894,79,2024-08-29,3,214.4,31,1,Direct
5024,981,240,2024-11-08,2,694.98,11,1,Direct
5025,712,57,2024-04-04,1,787.34,28,1,Social
5026,251,202,2024-08-23,4,856.83,25,1,Direct
5027,881,121,2024-12-25,2,508.39,10,0,Social
5028,296,282,2024-01-08,5,1106.64,32,0,Direct
5029,991,274,2024-07-25,4,218.3,11,1,Email
5030,991,1,2024-08-01,4,986.37,20,0,Email
5031,894,235,2024-03-25,1,331.48,51,0,Ads
5032,244,95,2024-09-20,5,527.37,23,0,Direct
5033,417,17,2024-01-08,1,998.64,52,0,Ads
5034,918,224,2024-03-22,5,355.45,52,0,Social
5035,630,271,2024-03-08,4,1009.45,57,0,Social
5036,204,286,2024-01-04,2,196.83,34,0,Social
5037,467,176,2024-12-30,2,927.85,36,0,Email
5038,578,162,2024-02-09,2,130.0,3,1,Social
5039,833,312,2024-10-10,2,47.08,36,1,Social
5040,963,165,2024-09-10,5,506.57,12,1,Email
5041,465,376,2024-10-15,5,220.16,3,0,Social
5042,739,328,2024-02-19,2,973.69,12,0,Direct
5043,128,380,2024-09-27,3,170.39,21,0,Direct
5044,225,198,2024-12-03,4,270.39,18,1,Direct
5045,68,181,2024-08-16,1,903.2,49,0,Direct
5046,281,170,2024-01-13,5,216.36,5,1,Email
5047,696,73,2024-07-28,1,1087.36,10,1,Direct
5048,273,119,2024-07-10,2,92.56,1,0,Email
5049,88,58,2024-10-29,4,537.48,42,1,Direct
5050,545,147,2024-06-16,3,685.19,30,0,Email
5051,3,89,2024-03-07,1,1022.89,29,1,Ads
5052,415,270,2024-11-10,2,357.35,5,0,Direct
5053,796,319,2024-03-01,2,637.51,58,1,Ads
5054,872,1,2024-08-20,1,733.2,52,0,Ads
5055,330,53,2024-11-02,5,1068.63,49,1,Ads
5056,69,223,2024-08-20,5,1013.3,51,0,Ads
5057,197,184,2024-05-16,5,247.85,11,0,Social
5058,85,258,2024-02-27,1,80.32,53,0,Email
5059,760,289,2024-05-01,3,672.66,45,1,Social
5060,687,337,2024-02-19,1,545.28,50,0,Direct
5061,251,54,2024-05-08,4,1095.31,30,0,Social
5062,237,247,2024-06-27,2,977.78,50,1,Social
5063,395,371,2024-03-02,4,916.86,32,1,Ads
5064,768,338,2024-08-29,5,115.06,1,0,Ads
5065,152,96,2024-12-05,5,287.91,42,0,Ads
5066,177,148,2024-11-06,5,797.92,44,0,Email
5067,874,97,2024-09-03,3,143.77,37,1,Ads
5068,377,156,2024-06-28,1,152.87,8,1,Email
5069,35,360,2024-02-03,5,959.61,46,1,Ads
5070,691,338,2024-09-28,2,265.99,48,1,Social
5071,155,288,2024-10-15,3,377.06,48,1,Direct
5072,663,81,2024-05-13,4,61.36,50,0,Ads
5073,135,46,2024-03-06,5,276.84,29,1,Ads
5074,434,179,2024-05-24,3,666.47,16,1,Social
5075,591,252,2024-04-28,5,204.33,32,0,Email
5076,313,78,2024-05-05,4,134.46,6,0,Direct
5077,480,210,2024-04-04,5,176.32,54,1,Email
5078,617,158,2024-08-24,5,972.44,38,0,Email
5079,263,181,2024-09-29,1,1078.68,60,1,Email
5080,749,236,2024-08-07,3,817.92,29,0,Ads
5081,782,371,2024-09-25,3,868.29,23,1,Ads
5082,309,208,2024-12-29,2,377.34,37,1,Ads
5083,845,6,2024-11-06,3,823.84,3,0,Direct
5084,174,163,2024-07-25,1,1103.86,1,0,Direct
5085,49,40,2024-10-04,5,762.3,34,1,Email
5086,201,384,2024-11-02,2,24.9,52,1,Ads
5087,719,293,2024-05-18,5,376.51,7,0,Direct
5088,853,184,2024-01-18,5,844.78,4,1,Social
5089,317,317,2024-07-31,1,867.98,56,0,Social
5090,436,274,2024-06-14,1,285.69,37,1,Email
5091,796,356,2024-12-24,2,720.5,58,0,Social
5092,381,224,2024-10-25,5,837.0,59,0,Ads
5093,777,375,2024-08-21,1,808.32,41,0,Email
5094,174,102,2024-02-07,3,594.54,4,0,Direct
5095,660,288,2024-12-14,5,793.48,43,1,Email
5096,928,199,2024-11-28,4,975.88,48,1,Direct
5097,356,300,2024-10-04,5,714.23,7,0,Social
5098,365,171,2024-04-19,2,477.68,44,0,Email
5099,343,362,2024-10-28,4,751.22,35,0,Direct
5100,501,71,2024-02-14,4,717.53,36,1,Ads
5101,885,170,2024-09-11,5,603.12,6,1,Social
5102,162,245,2024-10-23,5,538.01,23,0,Social
5103,343,284,2024-06-14,5,584.44,40,1,Social
5104,86,209,2024-09-09,3,133.4,57,0,Direct
5105,408,77,2024-10-10,2,352.5,9,1,Social
5106,511,12,2024-12-27,2,332.48,12,1,Social
5107,512,45,2024-08-14,1,1018.12,5,1,Email
5108,982,222,2024-04-15,5,1163.68,59,0,Ads
5109,410,194,2024-01-18,5,228.89,55,1,Direct
5110,37,139,2024-12-17,1,990.64,25,1,Email
5111,766,244,2024-07-02,4,402.7,7,1,Email
5112,17,192,2024-09-01,3,775.64,29,1,Direct
5113,761,358,2024-07-23,1,1176.15,59,1,Ads
5114,572,48,2024-04-03,1,82.52,18,0,Ads
5115,769,29,2024-12-31,4,854.8,57,0,Ads
5116,242,309,2024-05-14,1,728.17,44,0,Email
5117,149,133,2024-03-08,2,157.14,35,0,Ads
5118,990,121,2024-09-10,4,1172.71,32,1,Direct
5119,215,3,2024-03-25,4,983.93,51,1,Social
5120,846,319,2024-08-06,3,986.64,33,1,Direct
5121,902,346,2024-05-12,2,1144.66,19,0,Email
5122,550,249,2024-02-03,3,1157.7,12,1,Ads
5123,330,195,2024-09-16,5,1009.83,29,1,Social
5124,954,191,2024-03-14,4,482.42,5,0,Email
5125,127,6,2024-01-05,2,989.38,40,1,Direct
5126,635,274,2024-09-03,2,1197.24,41,0,Email
5127,860,34,2024-05-21,3,878.2,32,1,Social
5128,436,280,2024-10-07,1,875.45,17,1,Direct
5129,654,185,2024-04-20,4,143.49,36,1,Email
5130,332,196,2024-01-08,2,904.19,40,0,Email
5131,152,258,2024-07-04,1,493.03,37,0,Email
5132,416,71,2024-08-05,3,244.96,57,1,Ads
5133,833,109,2024-07-18,2,173.12,27,1,Direct
5134,56,280,2024-04-29,3,120.33,10,0,Direct
5135,740,384,2024-10-16,1,524.73,11,0,Social
5136,906,18,2024-07-19,3,509.57,8,1,Social
5137,447,339,2024-03-28,4,547.73,31,0,Ads
5138,775,323,2024-04-02,2,1012.71,24,0,Ads
5139,973,301,2024-07-18,3,961.66,24,1,Email
5140,985,31,2024-03-22,2,1105.69,41,0,Ads
5141,112,87,2024-10-31,2,530.19,17,1,Social
5142,154,240,2024-12-01,1,688.09,35,1,Email
5143,696,187,2024-06-24,5,169.57,17,0,Ads
5144,893,125,2024-01-16,4,513.4,29,0,Ads
5145,142,277,2024-08-20,3,1118.2,38,1,Ads
5146,173,62,2024-09-04,2,1128.15,1,1,Direct
5147,202,165,2024-01-09,4,628.1,22,1,Social
5148,237,337,2024-08-03,1,128.75,51,1,Social
5149,940,58,2024-03-06,1,520.44,19,1,Social
5150,659,180,2024-01-12,2,1044.21,31,1,Email
5151,417,359,2024-07-14,1,248.58,6,1,Email
5152,204,370,2024-10-19,1,1148.55,8,0,Social
5153,594,177,2024-10-07,3,839.75,50,1,Social
5154,367,25,2024-09-02,5,666.47,15,1,Social
5155,826,348,2024-11-20,1,140.08,51,0,Ads
5156,147,214,2024-10-03,3,25.17,8,0,Email
5157,472,78,2024-05-09,5,1099.21,58,1,Direct
5158,551,152,2024-11-19,5,51.74,45,0,Email
5159,346,329,2024-06-02,3,1051.31,17,0,Social
5160,489,159,2024-03-31,4,1125.87,42,1,Ads
5161,163,272,2024-06-03,3,186.82,6,1,Social
5162,115,194,2024-08-10,1,888.73,59,0,Social
5163,19,65,2024-07-28,2,1073.13,27,0,Social
5164,544,278,2024-04-02,4,144.35,35,1,Ads
5165,706,174,2024-06-28,5,526.99,24,1,Direct
5166,894,250,2024-07-23,5,786.26,18,0,Email
5167,647,4,2024-07-08,4,383.88,26,0,Email
5168,668,396,2024-01-21,2,473.35,18,1,Ads
5169,945,267,2024-09-14,1,848.12,26,1,Ads
5170,271,6,2024-05-10,4,742.17,49,1,Email
5171,506,356,2024-03-01,2,771.55,29,1,Email
5172,89,399,2024-03-31,2,304.68,18,0,Email
5173,598,115,2024-11-25,2,768.99,19,1,Social
5174,268,119,2024-09-24,2,475.09,54,1,Ads
5175,708,128,2024-08-20,2,704.61,54,1,Direct
5176,155,50,2024-09-25,3,718.73,43,0,Email
5177,421,163,2024-12-18,2,948.14,29,1,Direct
5178,544,20,2024-04-20,3,285.91,48,1,Ads
5179,461,335,2024-05-25,5,1139.06,31,0,Social
5180,816,168,2024-07-31,1,831.2,4,1,Social
5181,290,53,2024-10-23,3,141.9,40,0,Direct
5182,820,91,2024-03-09,4,239.3,9,0,Social
5183,911,327,2024-04-06,4,438.96,26,1,Ads
5184,98,362,2024-09-28,5,53.92,22,0,Social
5185,201,290,2024-09-22,3,1143.4,29,0,Direct
5186,477,61,2024-02-26,1,766.12,39,1,Direct
5187,475,79,2024-11-16,1,734.18,12,1,Email
5188,511,52,2024-12-02,5,1097.79,10,0,Direct
5189,657,233,2024-11-12,4,29.67,16,0,Email
5190,574,105,2024-06-21,2,938.96,40,1,Social
5191,4,336,2024-12-13,1,951.98,7,1,Email
5192,257,38,2024-10-17,1,1111.43,7,1,Direct
5193,518,337,2024-07-30,1,1166.34,39,1,Social
5194,952,328,2024-01-07,4,1112.71,15,0,Direct
5195,306,146,2024-04-18,3,878.52,42,0,Email
5196,380,71,2024-01-23,2,868.72,10,0,Social
5197,967,230,2024-06-04,2,388.59,55,0,Email
5198,597,187,2024-12-27,4,91.56,30,1,Social
5199,206,171,2024-05-03,1,221.26,48,0,Direct
5200,488,396,2024-04-17,4,1046.71,40,0,Email
5201,557,96,2024-08-07,4,1039.36,45,1,Social
5202,163,147,2024-09-27,2,623.87,49,0,Social
5203,938,345,2024-04-13,3,1081.17,9,0,Social
5204,858,360,2024-08-30,3,1177.32,44,1,Social
5205,892,26,2024-12-16,2,238.86,44,1,Ads
5206,480,343,2024-04-08,4,464.08,24,1,Email
5207,325,50,2024-09-21,1,63.08,17,1,Direct
5208,237,342,2024-03-20,3,845.66,60,1,Email
5209,603,172,2024-02-21,1,134.48,42,1,Direct
5210,732,282,2024-08-16,2,398.43,7,1,Ads
5211,424,367,2024-05-19,1,868.89,48,0,Email
5212,267,126,2024-08-27,1,343.95,59,0,Ads
5213,774,380,2024-08-11,5,1095.83,15,1,Social
5214,885,51,2024-03-23,2,796.04,2,0,Email
5215,994,132,2024-06-24,4,749.29,49,0,Email
5216,835,46,2024-06-14,5,1095.94,7,1,Direct
5217,119,144,2024-07-18,1,847.19,41,0,Email
5218,691,132,2024-03-12,2,128.83,45,1,Email
5219,252,139,2024-09-19,3,867.54,38,1,Direct
5220,447,293,2024-12-16,1,365.92,26,1,Direct
5221,405,342,2024-06-18,4,1098.74,56,1,Ads
5222,451,50,2024-03-29,1,73.04,53,0,Social
5223,257,4,2024-04-12,1,532.67,5,0,Email
5224,563,44,2024-03-03,5,1038.94,50,0,Social
5225,308,219,2024-11-19,2,582.94,49,0,Ads
5226,152,135,2024-02-18,1,48.0,38,0,Direct
5227,776,6,2024-11-01,3,1063.61,7,0,Ads
5228,544,198,2024-05-14,3,693.72,26,1,Social
5229,691,192,2024-04-25,1,588.72,48,0,Ads
5230,264,282,2024-12-03,5,224.87,59,1,Email
5231,584,8,2024-02-10,4,1094.32,41,1,Social
5232,268,366,2024-05-12,4,261.6,5,0,Email
5233,414,160,2024-07-03,4,601.71,56,0,Direct
5234,875,376,2024-06-04,4,1042.56,3,1,Email
5235,550,356,2024-06-28,2,465.44,31,0,Email
5236,601,30,2024-08-09,3,225.14,28,1,Social
5237,331,57,2024-08-04,4,1103.94,57,0,Email
5238,21,392,2024-01-11,3,330.6,51,1,Social
5239,162,185,2024-02-02,5,863.05,58,0,Direct
5240,96,240,2024-11-26,4,41.98,4,1,Social
5241,816,109,2024-11-09,1,836.62,45,0,Direct
5242,159,172,2024-01-30,3,1161.07,41,1,Direct
5243,131,158,2024-07-08,1,123.59,42,1,Ads
5244,304,270,2024-09-28,5,1129.39,17,0,Ads
5245,84,305,2024-03-13,2,398.71,24,1,Social
5246,32,73,2024-10-06,4,885.25,16,0,Email
5247,844,69,2024-11-06,3,280.41,6,0,Email
5248,109,41,2024-05-03,2,55.02,47,1,Social
5249,955,380,2024-05-11,3,498.0,29,1,Direct
5250,704,141,2024-09-18,3,411.84,9,1,Social
5251,789,204,2024-03-24,4,1139.07,34,0,Email
5252,303,168,2024-05-11,3,949.94,19,1,Direct
5253,271,143,2024-03-03,2,313.94,30,0,Direct
5254,764,102,2024-04-24,2,479.66,9,1,Ads
5255,627,142,2024-04-02,2,389.47,46,1,Ads
5256,577,241,2024-07-05,5,18.89,30,1,Email
5257,827,205,2024-06-27,3,1176.5,50,0,Direct
5258,530,371,2024-07-01,2,732.93,41,1,Ads
5259,575,315,2024-09-23,2,521.66,16,1,Social
5260,143,228,2024-09-17,3,1160.81,12,1,Social
5261,937,181,2024-10-27,1,436.55,44,0,Email
5262,962,291,2024-12-27,4,104.8,14,1,Direct
5263,308,304,2024-04-16,5,644.41,51,0,Email
5264,182,91,2024-07-27,5,1035.1,58,1,Email
5265,195,357,2024-03-05,4,243.77,42,0,Email
5266,161,122,2024-03-25,1,742.94,50,0,Social
5267,971,183,2024-07-12,4,246.7,32,1,Direct
5268,272,35,2024-04-27,3,104.13,33,1,Email
5269,487,331,2024-10-10,2,698.43,1,0,Direct
5270,400,189,2024-02-10,1,240.2,49,1,Direct
5271,159,337,2024-06-23,3,588.91,51,0,Email
5272,972,157,2024-08-16,2,554.29,28,1,Social
5273,324,349,2024-11-28,2,82.52,1,1,Email
5274,875,132,2024-10-27,3,921.48,55,1,Ads
5275,613,305,2024-07-05,5,840.23,10,0,Social
5276,836,255,2024-02-05,3,1121.36,40,0,Direct
5277,291,234,2024-09-25,1,243.6,7,1,Social
5278,487,282,2024-03-19,5,190.36,41,1,Ads
5279,959,7,2024-09-25,4,1002.51,29,0,Social
5280,235,394,2024-02-14,3,607.07,53,1,Direct
5281,522,52,2024-08-10,1,1144.52,29,0,Social
5282,9,149,2024-04-15,5,1105.63,2,0,Email
5283,850,169,2024-03-26,3,615.68,1,1,Direct
5284,918,321,2024-04-01,5,714.29,40,1,Social
5285,425,168,2024-06-05,2,719.29,46,1,Ads
5286,895,330,2024-05-26,1,201.88,4,1,Email
5287,595,99,2024-02-23,3,388.6,1,1,Email
5288,417,36,2024-03-25,4,817.47,17,1,Email
5289,973,58,2024-08-26,2,870.18,14,1,Ads
5290,410,57,2024-12-09,5,845.56,20,1,Social
5291,711,242,2024-02-04,4,1022.99,6,1,Ads
5292,956,92,2024-01-01,5,1034.34,13,1,Ads
5293,389,251,2024-03-13,3,1161.06,18,1,Ads
5294,462,318,2024-09-30,5,568.99,42,1,Ads
5295,473,15,2024-11-04,5,752.76,40,1,Ads
5296,111,363,2024-02-06,5,1184.4,13,0,Email
5297,500,235,2024-05-15,1,889.31,42,0,Email
5298,811,267,2024-04-18,4,1176.24,46,1,Direct
5299,109,261,2024-06-11,1,915.2,20,0,Ads
5300,565,64,2024-12-15,2,642.15,57,0,Direct
5301,773,145,2024-09-01,5,1090.41,53,1,Email
5302,851,50,2024-05-18,4,669.96,49,0,Social
5303,30,240,2024-04-21,4,1043.13,45,1,Ads
5304,752,272,2024-03-30,1,344.9,55,0,Social
5305,901,50,2024-05-05,5,524.49,10,1,Email
5306,345,228,2024-07-07,5,963.95,51,1,Direct
5307,634,343,2024-04-02,2,31.51,8,0,Ads
5308,173,338,2024-06-29,5,766.05,29,0,Email
5309,291,146,2024-03-19,2,837.01,33,1,Ads
5310,192,75,2024-10-20,4,101.67,5,0,Direct
5311,246,7,2024-07-01,2,118.06,54,1,Direct
5312,949,76,2024-08-27,4,732.62,36,0,Ads
5313,783,70,2024-05-04,2,1109.17,2,0,Direct
5314,433,180,2024-12-25,1,520.12,44,0,Ads
5315,208,36,2024-02-14,2,1000.6,53,0,Direct
5316,492,164,2024-06-02,3,785.39,43,1,Direct
5317,451,357,2024-03-05,3,908.73,59,0,Direct
5318,961,228,2024-05-31,1,363.0,21,0,Ads
5319,779,198,2024-02-24,4,1069.36,22,0,Social
5320,270,391,2024-11-07,3,1021.54,57,0,Email
5321,273,123,2024-05-11,1,23.89,27,1,Direct
5322,35,176,2024-08-22,2,728.88,26,0,Direct
5323,645,329,2024-07-25,5,975.46,53,0,Direct
5324,865,204,2024-02-20,5,32.98,10,1,Email
5325,201,362,2024-07-28,1,75.33,16,1,Social
5326,25,220,2024-08-15,2,466.61,32,1,Email
5327,608,344,2024-02-09,3,696.11,42,0,Social
5328,197,343,2024-05-30,2,400.55,44,0,Social
5329,907,251,2024-09-19,5,840.34,40,0,Social
5330,261,59,2024-09-14,1,918.57,35,1,Email
5331,953,255,2024-03-30,1,745.13,9,1,Social
5332,27,392,2024-05-04,5,335.48,55,0,Email
5333,89,211,2024-06-06,5,865.91,12,0,Email
5334,232,259,2024-03-13,2,327.63,38,1,Social
5335,216,328,2024-10-23,4,793.8,3,0,Social
5336,80,203,2024-03-02,3,64.23,51,1,Ads
5337,736,304,2024-06-12,4,1151.08,34,0,Email
5338,301,244,2024-05-06,3,831.9,18,1,Ads
5339,714,299,2024-11-30,5,939.84,10,1,Direct
5340,638,38,2024-01-06,5,552.56,38,1,Ads
5341,184,334,2024-12-07,1,166.29,4,1,Email
5342,133,18,2024-02-03,2,199.79,14,0,Email
5343,613,219,2024-10-17,2,708.41,51,1,Ads
5344,452,323,2024-07-12,5,1119.48,43,0,Social
5345,641,65,2024-11-29,4,730.42,45,0,Email
5346,662,50,2024-03-25,2,279.03,28,0,Direct
5347,791,32,2024-11-29,3,1047.68,7,1,Direct
5348,518,309,2024-09-22,1,1147.27,2,0,Email
5349,542,13,2024-05-28,1,1088.5,43,0,Ads
5350,3,212,2024-08-27,2,321.2,40,1,Social
5351,184,268,2024-05-01,5,233.71,53,0,Ads
5352,650,126,2024-09-08,1,420.06,43,1,Social
5353,666,255,2024-01-15,5,387.62,16,1,Direct
5354,437,241,2024-12-11,5,131.88,56,0,Email
5355,808,152,2024-08-24,5,40.85,16,1,Ads
5356,630,178,2024-06-18,3,400.31,30,0,Direct
5357,570,120,2024-02-17,5,560.3,41,0,Email
5358,65,320,2024-06-22,4,416.31,6,1,Social
5359,102,358,2024-02-03,1,1157.87,30,0,Ads
5360,71,73,2024-04-13,2,941.99,47,1,Direct
5361,316,280,2024-08-31,2,891.11,41,0,Email
5362,779,255,2024-07-02,1,206.5,27,1,Social
5363,751,393,2024-03-17,4,884.02,7,1,Social
5364,314,135,2024-11-04,1,168.88,12,1,Social
5365,213,282,2024-07-30,3,58.13,48,0,Ads
5366,92,110,2024-05-09,3,664.02,56,1,Direct
5367,267,42,2024-10-24,1,273.1,24,1,Social
5368,156,181,2024-03-06,5,43.08,60,0,Direct
5369,780,272,2024-01-28,1,813.87,21,0,Ads
5370,756,282,2024-08-02,4,94.92,50,1,Direct
5371,135,8,2024-02-15,3,1148.22,2,1,Ads
5372,996,217,2024-07-31,4,29.67,46,1,Direct
5373,120,255,2024-04-07,3,146.24,34,0,Social
5374,572,267,2024-04-24,1,609.03,37,1,Direct
5375,381,117,2024-08-06,1,362.19,11,0,Ads
5376,626,36,2024-12-07,1,732.96,60,1,Email
5377,703,111,2024-07-20,2,1015.11,11,1,Direct
5378,760,376,2024-05-22,1,362.27,32,1,Social
5379,69,320,2024-06-27,3,525.24,11,0,Ads
5380,171,380,2024-06-21,3,1000.19,30,0,Email
5381,523,346,2024-08-25,5,750.44,16,0,Email
5382,1,143,2024-05-30,1,576.9,48,0,Direct
5383,962,59,2024-09-21,4,343.76,43,0,Ads
5384,680,224,2024-08-28,5,795.73,2,0,Direct
5385,19,389,2024-07-20,5,473.79,57,1,Email
5386,983,155,2024-12-13,3,828.85,1,0,Email
5387,948,220,2024-02-22,5,1139.36,57,1,Email
5388,835,115,2024-08-24,4,165.4,58,0,Social
5389,976,218,2024-09-08,5,1050.12,49,0,Social
5390,879,85,2024-09-13,1,22.95,27,0,Ads
5391,827,13,2024-05-02,2,394.09,59,0,Direct
5392,737,264,2024-08-26,2,443.29,28,0,Direct
5393,22,174,2024-03-12,5,659.34,16,1,Direct
5394,553,194,2024-01-30,3,1037.17,31,0,Ads
5395,648,77,2024-12-07,2,824.08,5,1,Ads
5396,113,235,2024-11-16,3,576.63,43,0,Direct
5397,956,244,2024-02-14,1,350.55,38,1,Direct
5398,80,64,2024-02-12,4,172.03,13,1,Email
5399,409,15,2024-05-27,4,201.29,9,0,Social
5400,188,283,2024-02-28,2,593.02,2,0,Email
5401,823,42,2024-12-15,5,20.55,11,1,Email
5402,859,166,2024-01-15,3,994.02,21,1,Ads
5403,431,135,2024-09-12,4,263.77,44,0,Ads
5404,536,315,2024-10-17,5,533.36,25,1,Email
5405,713,261,2024-08-26,1,706.2,42,1,Social
5406,658,223,2024-10-21,1,445.41,14,0,Social
5407,247,74,2024-07-24,1,508.67,21,0,Email
5408,601,382,2024-11-14,2,553.69,8,1,Ads
5409,151,323,2024-04-24,2,151.66,56,1,Social
5410,959,134,2024-05-31,5,776.28,59,0,Ads
5411,315,26,2024-01-01,2,947.47,25,1,Email
5412,210,54,2024-06-04,1,433.27,18,0,Email
5413,336,215,2024-12-25,4,674.9,53,1,Social
5414,259,45,2024-09-26,5,1153.43,37,0,Social
5415,938,31,2024-08-20,1,464.16,27,1,Email
5416,594,119,2024-10-17,4,542.02,40,0,Direct
5417,274,14,2024-01-19,4,410.85,48,0,Direct
5418,710,156,2024-01-23,5,1135.91,17,0,Ads
5419,409,105,2024-07-07,2,984.32,29,0,Social
5420,337,341,2024-02-03,1,1154.04,20,1,Email
5421,402,262,2024-09-05,3,691.22,36,0,Email
5422,506,50,2024-08-24,5,328.29,38,0,Direct
5423,934,348,2024-10-26,1,691.76,36,0,Email
5424,477,317,2024-05-29,2,164.72,41,1,Ads
5425,941,264,2024-08-08,1,1184.98,60,1,Direct
5426,325,197,2024-11-18,2,615.22,7,1,Social
5427,516,77,2024-09-04,4,236.86,19,0,Ads
5428,750,64,2024-12-10,5,1002.5,50,0,Email
5429,742,171,2024-09-11,3,468.89,34,0,Social
5430,202,389,2024-07-31,5,636.38,51,1,Direct
5431,725,166,2024-09-04,4,654.47,42,0,Ads
5432,859,130,2024-02-26,3,188.4,44,0,Social
5433,231,178,2024-04-03,4,410.74,19,0,Social
5434,482,55,2024-06-02,2,195.34,26,0,Social
5435,82,285,2024-05-20,1,22.35,8,1,Email
5436,774,170,2024-10-06,3,845.57,13,0,Email
5437,278,264,2024-04-17,4,287.2,19,1,Social
5438,60,253,2024-05-08,4,589.15,4,1,Social
5439,740,101,2024-12-14,2,1177.39,8,0,Ads
5440,347,262,2024-04-19,4,78.67,16,0,Direct
5441,809,147,2024-01-03,2,1148.99,17,0,Direct
5442,950,92,2024-02-04,5,520.64,53,1,Email
5443,736,39,2024-06-30,5,811.79,19,1,Social
5444,907,229,2024-07-13,1,497.02,2,1,Social
5445,935,147,2024-09-19,4,393.84,26,0,Ads
5446,802,298,2024-04-10,2,839.35,55,0,Ads
5447,935,93,2024-08-25,4,753.06,60,0,Direct
5448,487,65,2024-05-10,5,1189.66,50,0,Direct
5449,540,181,2024-09-24,1,1169.01,3,0,Ads
5450,695,156,2024-01-06,1,718.2,12,0,Ads
5451,365,69,2024-03-12,1,168.1,28,1,Email
5452,254,285,2024-03-14,2,879.06,43,0,Direct
5453,787,364,2024-12-27,5,845.05,34,0,Email
5454,101,256,2024-06-08,2,848.59,34,1,Social
5455,26,393,2024-10-10,4,256.34,21,0,Direct
5456,305,312,2024-08-16,5,236.98,8,1,Social
5457,711,133,2024-11-01,3,357.82,51,1,Ads
5458,325,313,2024-04-02,4,862.97,33,0,Email
5459,355,210,2024-03-02,3,531.02,47,1,Email
5460,296,85,2024-09-03,3,945.24,29,1,Email
5461,536,224,2024-01-18,5,1170.66,56,1,Social
5462,400,53,2024-03-10,2,293.86,37,0,Social
5463,4,176,2024-10-07,3,469.6,13,0,Social
5464,129,8,2024-03-01,4,1063.74,7,1,Direct
5465,185,230,2024-09-29,2,659.74,49,1,Ads
5466,979,81,2024-06-12,2,980.04,8,1,Social
5467,197,321,2024-03-21,5,572.51,21,1,Social
5468,95,110,2024-12-13,5,388.88,58,1,Email
5469,559,70,2024-03-22,2,117.34,37,1,Direct
5470,416,201,2024-07-24,5,611.56,33,0,Direct
5471,474,314,2024-11-24,1,823.06,44,0,Direct
5472,698,281,2024-12-07,3,1068.87,8,1,Social
5473,995,119,2024-12-06,5,1157.04,42,1,Social
5474,532,221,2024-05-22,3,544.97,7,1,Ads
5475,943,357,2024-07-11,5,129.97,9,0,Social
5476,163,68,2024-12-06,1,402.46,12,0,Social
5477,342,166,2024-08-23,4,43.33,55,1,Email
5478,395,353,2024-10-07,4,977.49,31,1,Direct
5479,256,139,2024-09-14,5,1130.38,23,0,Email
5480,23,246,2024-02-12,4,484.59,42,0,Direct
5481,466,333,2024-08-02,1,1028.97,60,1,Direct
5482,370,318,2024-05-08,3,1028.84,46,0,Ads
5483,762,12,2024-01-13,3,540.45,28,1,Social
5484,174,184,2024-04-28,3,142.97,60,0,Social
5485,266,144,2024-02-04,2,898.53,31,1,Social
5486,26,106,2024-10-22,5,703.7,43,0,Social
5487,334,291,2024-10-10,5,1161.35,3,1,Ads
5488,793,175,2024-11-28,4,757.65,2,0,Email
5489,10,195,2024-10-04,4,691.93,49,0,Email
5490,815,304,2024-01-04,5,746.18,18,0,Email
5491,393,230,2024-11-02,5,214.42,14,0,Social
5492,47,163,2024-02-08,1,395.09,58,0,Ads
5493,778,397,2024-12-24,4,965.21,59,1,Email
5494,729,284,2024-02-16,3,142.49,33,1,Email
5495,439,20,2024-02-07,3,863.81,17,1,Social
5496,800,247,2024-08-20,5,1109.43,15,1,Direct
5497,331,2,2024-12-24,5,652.13,47,0,Direct
5498,299,86,2024-09-16,2,937.3,57,0,Social
5499,179,268,2024-06-02,1,531.74,49,1,Direct
5500,125,278,2024-06-26,3,525.72,55,0,Direct
5501,194,182,2024-06-24,2,171.52,30,0,Social
5502,499,38,2024-03-12,5,526.96,21,1,Direct
5503,928,318,2024-09-09,5,827.34,23,0,Direct
5504,159,73,2024-05-19,3,35.26,52,1,Social
5505,938,257,2024-12-24,5,124.1,52,0,Ads
5506,69,328,2024-01-23,3,315.62,12,0,Direct
5507,442,137,2024-05-23,4,729.59,52,1,Ads
5508,235,84,2024-11-03,2,284.9,28,0,Direct
5509,884,393,2024-04-08,5,1132.61,10,0,Social
5510,431,52,2024-02-18,2,747.51,49,1,Social
5511,575,306,2024-03-24,3,1113.88,4,1,Direct
5512,421,191,2024-07-16,1,415.43,31,1,Ads
5513,50,168,2024-01-20,3,431.03,41,1,Social
5514,651,44,2024-03-29,2,985.35,16,0,Direct
5515,817,310,2024-12-22,5,1083.28,3,1,Direct
5516,323,374,2024-02-26,2,1191.13,29,1,Direct
5517,905,226,2024-12-08,1,932.76,14,0,Direct
5518,488,153,2024-11-09,5,689.01,49,0,Direct
5519,699,166,2024-02-23,3,533.61,42,1,Email
5520,21,169,2024-11-01,4,607.4,55,0,Ads
5521,640,208,2024-06-07,3,754.71,11,1,Direct
5522,455,252,2024-11-27,3,687.14,7,0,Social
5523,658,386,2024-07-13,1,44.28,58,0,Email
5524,876,43,2024-05-13,4,663.33,48,0,Social
5525,247,395,2024-10-10,5,471.29,10,0,Social
5526,36,62,2024-03-31,3,884.13,4,1,Social
5527,405,51,2024-09-03,5,349.6,24,0,Social
5528,628,238,2024-07-30,1,832.74,42,1,Email
5529,826,33,2024-05-31,2,957.1,15,0,Social
5530,205,27,2024-11-03,5,677.01,40,0,Ads
5531,754,85,2024-06-14,3,989.35,53,0,Email
5532,475,202,2024-01-18,5,440.93,55,1,Ads
5533,687,102,2024-11-29,1,507.55,49,1,Direct
5534,565,86,2024-04-23,4,232.27,17,0,Ads
5535,786,276,2024-03-06,3,304.21,12,0,Direct
5536,62,160,2024-11-22,1,569.97,10,1,Email
5537,616,137,2024-04-16,3,379.17,28,1,Ads
5538,64,372,2024-11-28,3,452.8,11,0,Email
5539,589,264,2024-02-26,5,296.93,12,1,Ads
5540,500,233,2024-08-01,2,667.13,59,0,Direct
5541,83,305,2024-01-13,5,1089.29,36,0,Email
5542,801,276,2024-05-23,1,1125.51,39,0,Social
5543,255,361,2024-06-22,4,583.38,55,1,Email
5544,529,114,2024-07-19,4,454.74,60,1,Social
5545,801,3,2024-08-27,3,875.27,51,1,Direct
5546,93,220,2024-06-22,2,396.46,14,1,Direct
5547,47,176,2024-07-11,3,967.47,51,1,Direct
5548,866,202,2024-02-29,4,871.67,20,0,Direct
5549,472,59,2024-01-24,2,1105.33,32,0,Social
5550,995,392,2024-06-18,4,411.86,49,0,Social
5551,361,261,2024-11-21,3,134.01,25,1,Direct
5552,777,63,2024-05-10,2,434.88,12,0,Ads
5553,717,144,2024-04-29,2,1184.7,29,1,Ads
5554,786,217,2024-11-21,5,1155.56,51,0,Ads
5555,999,71,2024-11-21,4,459.82,59,0,Direct
5556,244,280,2024-06-24,4,533.94,2,0,Direct
5557,869,18,2024-05-23,1,267.83,24,0,Email
5558,950,236,2024-06-11,4,779.11,58,1,Direct
5559,922,11,2024-11-23,3,191.65,47,1,Email
5560,833,158,2024-12-06,5,998.79,29,0,Social
5561,267,224,2024-11-25,2,378.2,17,0,Social
5562,202,250,2024-01-16,3,741.35,12,1,Email
5563,812,61,2024-01-19,3,254.58,13,1,Direct
5564,669,338,2024-01-16,3,530.16,51,0,Ads
5565,148,332,2024-06-16,5,504.99,60,0,Email
5566,770,61,2024-08-21,1,106.88,30,1,Email
5567,436,259,2024-01-09,4,662.03,48,0,Email
5568,734,95,2024-09-19,5,530.44,27,1,Email
5569,346,59,2024-06-16,4,589.97,14,1,Ads
5570,414,188,2024-11-03,2,1072.14,38,0,Social
5571,570,281,2024-09-17,3,1120.78,19,1,Email
5572,959,59,2024-02-04,3,1164.55,41,1,Direct
5573,1000,7,2024-08-12,3,229.56,11,0,Ads
5574,643,312,2024-06-16,1,279.36,44,1,Ads
5575,902,361,2024-07-22,2,1142.33,18,1,Social
5576,325,179,2024-01-05,4,144.34,48,1,Direct
5577,935,44,2024-05-08,2,1001.65,42,0,Social
5578,701,365,2024-08-14,3,548.16,45,0,Email
5579,646,152,2024-07-20,4,442.85,27,1,Direct
5580,769,80,2024-01-31,5,452.75,19,1,Ads
5581,982,365,2024-02-16,2,998.77,4,1,Direct
5582,753,293,2024-04-30,4,641.94,47,1,Email
5583,333,109,2024-05-10,2,672.39,58,1,Ads
5584,379,303,2024-03-24,3,406.27,8,0,Ads
5585,125,51,2024-12-03,3,325.63,59,1,Ads
5586,99,46,2024-03-26,3,535.89,6,0,Direct
5587,594,269,2024-09-01,4,1098.25,9,0,Direct
5588,842,130,2024-02-03,2,729.8,1,1,Email
5589,540,329,2024-07-09,5,79.12,25,1,Social
5590,101,86,2024-05-19,5,1015.16,45,0,Social
5591,471,105,2024-06-12,3,312.63,30,1,Social
5592,349,140,2024-09-20,3,1179.71,33,0,Direct
5593,485,390,2024-01-13,2,616.79,45,0,Direct
5594,623,107,2024-11-20,4,807.47,12,0,Email
5595,294,51,2024-11-03,1,379.62,31,0,Social
5596,673,47,2024-11-18,4,418.23,53,1,Direct
5597,426,53,2024-12-16,3,475.57,23,1,Ads
5598,890,89,2024-01-21,3,501.32,37,1,Ads
5599,437,38,2024-06-30,4,1155.51,22,1,Email
5600,240,306,2024-10-03,4,814.91,39,1,Direct
5601,636,233,2024-08-23,1,906.36,13,0,Social
5602,452,69,2024-08-25,2,199.86,35,1,Email
5603,333,116,2024-02-14,3,1156.3,15,0,Ads
5604,124,253,2024-01-07,2,330.63,7,1,Social
5605,553,229,2024-12-22,5,338.56,50,0,Email
5606,600,176,2024-01-23,4,488.75,56,0,Direct
5607,115,18,2024-05-24,1,465.29,19,1,Ads
5608,411,394,2024-02-01,4,115.06,31,0,Direct
5609,606,198,2024-05-25,4,714.78,50,0,Ads
5610,965,209,2024-07-21,4,214.42,4,1,Email
5611,570,113,2024-12-13,2,30.73,41,0,Ads
5612,440,304,2024-02-06,2,262.67,58,1,Social
5613,945,335,2024-04-27,4,1088.69,15,1,Ads
5614,415,370,2024-06-11,5,179.7,58,0,Direct
5615,865,155,2024-01-04,1,344.09,1,1,Direct
5616,907,168,2024-03-27,5,710.5,43,0,Direct
5617,104,273,2024-07-09,2,369.76,4,0,Direct
5618,477,240,2024-09-10,3,403.59,9,0,Ads
5619,966,330,2024-08-11,1,991.26,19,0,Direct
5620,572,198,2024-05-16,2,267.5,34,1,Direct
5621,738,167,2024-05-11,2,997.39,19,1,Email
5622,761,320,2024-07-12,5,1012.09,30,1,Social
5623,174,164,2024-05-12,3,951.17,41,1,Social
5624,148,235,2024-05-30,1,398.91,4,1,Social
5625,335,184,2024-06-04,1,533.94,43,0,Email
5626,237,35,2024-08-18,2,1081.42,5,1,Ads
5627,611,353,2024-03-25,5,15.88,4,0,Social
5628,475,245,2024-03-16,2,921.18,36,0,Email
5629,229,296,2024-11-28,5,58.32,15,0,Email
5630,230,266,2024-09-09,4,1055.1,50,1,Ads
5631,68,220,2024-02-24,3,121.23,37,1,Social
5632,983,288,2024-12-25,4,40.3,2,1,Direct
5633,406,334,2024-06-15,1,74.38,9,0,Ads
5634,328,147,2024-02-23,3,988.0,9,0,Ads
5635,305,197,2024-11-21,1,1037.42,27,0,Direct
5636,429,122,2024-07-29,4,271.63,13,1,Direct
5637,217,364,2024-02-08,1,1136.5,7,1,Ads
5638,376,319,2024-07-07,5,392.08,26,1,Social
5639,672,103,2024-07-10,3,929.19,1,1,Direct
5640,218,8,2024-08-21,3,1150.84,11,0,Social
5641,338,145,2024-01-28,4,1165.21,29,1,Email
5642,405,3,2024-10-10,5,1150.99,49,0,Email
5643,904,396,2024-03-23,3,611.07,9,1,Social
5644,819,249,2024-05-08,3,661.3,4,0,Email
5645,410,100,2024-04-29,3,557.17,3,1,Social
5646,647,352,2024-10-25,3,368.27,13,0,Ads
5647,774,66,2024-11-16,4,1172.03,11,1,Ads
5648,214,400,2024-08-24,5,884.09,1,0,Ads
5649,530,13,2024-05-02,3,708.66,35,1,Social
5650,438,374,2024-04-18,3,1042.99,16,0,Ads
5651,982,334,2024-08-09,1,386.5,28,1,Social
5652,226,389,2024-01-03,4,968.75,47,1,Ads
5653,602,54,2024-12-16,2,229.11,26,1,Email
5654,75,251,2024-06-19,5,652.55,21,0,Ads
5655,972,109,2024-03-22,1,938.92,43,1,Social
5656,399,253,2024-05-15,2,398.83,46,0,Direct
5657,387,54,2024-08-06,2,858.86,55,1,Direct
5658,776,368,2024-10-25,4,124.13,55,0,Direct
5659,373,78,2024-08-09,3,1001.29,11,0,Email
5660,184,154,2024-04-28,3,180.88,24,1,Email
5661,479,217,2024-11-11,3,248.4,19,1,Email
5662,736,316,2024-05-27,4,601.42,23,1,Direct
5663,750,156,2024-09-22,2,205.71,39,0,Direct
5664,526,332,2024-01-08,5,688.02,8,1,Direct
5665,70,163,2024-01-25,2,441.9,58,0,Direct
5666,455,30,2024-04-12,4,321.83,4,0,Social
5667,219,143,2024-01-21,5,1152.17,42,0,Email
5668,41,12,2024-10-29,2,809.28,34,0,Direct
5669,37,351,2024-06-09,2,703.79,25,0,Social
5670,297,191,2024-05-07,4,311.11,5,0,Social
5671,800,374,2024-05-14,2,1138.27,1,0,Social
5672,78,32,2024-08-30,4,1011.89,53,0,Social
5673,135,89,2024-05-18,4,1047.06,3,0,Ads
5674,183,281,2024-07-27,3,867.04,37,0,Ads
5675,813,83,2024-11-11,5,934.98,25,1,Ads
5676,973,186,2024-06-29,2,918.65,20,1,Direct
5677,668,108,2024-03-11,1,288.04,33,1,Direct
5678,642,8,2024-03-10,2,454.27,13,1,Social
5679,210,400,2024-01-19,4,929.18,42,0,Ads
5680,326,121,2024-05-23,5,868.07,11,1,Ads
5681,252,265,2024-12-19,4,502.68,19,1,Email
5682,270,305,2024-02-14,5,801.12,55,0,Direct
5683,300,274,2024-10-15,3,688.48,18,0,Email
5684,40,200,2024-03-15,3,377.54,45,0,Direct
5685,527,32,2024-01-26,2,368.73,26,0,Ads
5686,510,273,2024-02-25,4,670.05,35,0,Social
5687,121,276,2024-03-22,2,105.39,29,0,Email
5688,228,302,2024-07-31,4,736.62,20,0,Social
5689,796,392,2024-06-14,4,409.92,57,1,Email
5690,371,362,2024-08-07,3,36.27,23,1,Social
5691,166,358,2024-11-30,2,1027.1,34,0,Social
5692,922,368,2024-10-07,3,254.45,5,0,Email
5693,580,133,2024-03-15,3,506.02,57,0,Direct
5694,547,323,2024-04-04,4,188.25,18,1,Social
5695,546,162,2024-05-26,3,618.39,2,1,Ads
5696,914,377,2024-10-26,5,280.9,12,0,Email
5697,511,336,2024-03-09,5,368.24,51,0,Direct
5698,179,181,2024-08-16,4,577.92,22,0,Direct
5699,320,226,2024-02-12,1,285.85,8,0,Social
5700,710,286,2024-10-08,1,543.52,46,1,Ads
5701,393,253,2024-12-23,5,252.42,38,1,Email
5702,262,326,2024-08-23,4,912.79,54,1,Email
5703,909,267,2024-04-13,3,805.35,56,1,Social
5704,937,182,2024-07-27,4,254.08,2,0,Email
5705,162,185,2024-12-05,5,726.47,54,0,Ads
5706,669,50,2024-11-01,4,864.52,51,0,Ads
5707,819,38,2024-07-12,2,1086.97,56,0,Direct
5708,595,94,2024-04-05,5,1117.86,36,0,Ads
5709,44,292,2024-09-25,5,664.7,59,1,Direct
5710,501,400,2024-12-28,2,234.33,30,1,Ads
5711,558,348,2024-11-09,1,50.68,12,0,Ads
5712,512,296,2024-09-12,3,630.68,41,0,Email
5713,454,287,2024-04-11,4,928.65,16,1,Ads
5714,901,123,2024-11-15,5,897.33,48,1,Ads
5715,669,137,2024-10-26,1,1008.86,2,1,Email
5716,597,150,2024-07-15,3,174.1,26,1,Social
5717,645,5,2024-01-20,2,223.91,57,1,Email
5718,84,262,2024-08-06,3,560.93,1,1,Ads
5719,188,204,2024-10-24,2,676.4,10,0,Direct
5720,982,107,2024-07-25,5,305.09,8,0,Email
5721,313,44,2024-07-21,3,1068.68,12,0,Email
5722,785,323,2024-10-31,3,283.86,39,1,Social
5723,769,195,2024-03-21,1,705.94,15,0,Direct
5724,823,337,2024-02-26,5,160.81,2,0,Email
5725,283,341,2024-11-09,4,306.91,14,1,Email
5726,264,115,2024-04-13,2,1022.13,26,1,Social
5727,971,357,2024-12-20,1,850.05,45,1,Ads
5728,336,162,2024-05-15,4,679.38,41,0,Social
5729,684,168,2024-04-06,5,132.83,48,0,Social
5730,225,211,2024-08-21,2,82.41,18,1,Email
5731,745,319,2024-11-03,1,333.4,9,1,Email
5732,219,134,2024-06-01,2,16.98,37,1,Direct
5733,363,223,2024-11-07,4,1154.12,8,1,Direct
5734,186,372,2024-10-01,5,937.14,55,0,Email
5735,487,116,2024-04-29,2,71.35,8,1,Direct
5736,520,262,2024-08-03,2,605.28,6,0,Direct
5737,348,44,2024-12-12,1,674.15,48,1,Ads
5738,277,377,2024-07-30,3,36.84,57,1,Email
5739,448,235,2024-06-12,4,943.42,49,1,Email
5740,835,130,2024-08-30,1,1121.12,2,1,Direct
5741,475,161,2024-03-12,5,1054.37,55,0,Email
5742,205,25,2024-02-29,4,994.59,22,1,Ads
5743,996,129,2024-08-18,2,304.85,47,1,Email
5744,717,114,2024-03-05,3,534.59,44,0,Email
5745,404,342,2024-10-05,3,553.34,29,0,Email
5746,83,257,2024-03-04,4,790.02,12,0,Email
5747,190,165,2024-03-04,2,673.97,7,0,Social
5748,779,302,2024-12-19,2,173.64,10,1,Direct
5749,96,1,2024-04-24,1,552.23,23,0,Social
5750,211,356,2024-01-17,4,561.08,24,0,Ads
5751,995,183,2024-10-24,5,983.31,21,0,Direct
5752,962,351,2024-04-23,4,543.38,11,0,Ads
5753,413,207,2024-07-12,5,283.18,60,0,Social
5754,404,354,2024-08-28,2,839.48,47,1,Email
5755,938,374,2024-06-26,4,565.23,52,0,Social
5756,48,242,2024-10-03,1,1073.32,14,1,Direct
5757,375,135,2024-12-24,3,571.89,38,0,Social
5758,51,78,2024-04-17,4,309.3,58,1,Email
5759,851,327,2024-11-08,2,484.91,26,0,Social
5760,562,394,2024-02-29,1,916.21,38,0,Email
5761,476,397,2024-03-07,1,388.19,11,0,Social
5762,200,327,2024-06-05,2,280.92,2,0,Ads
5763,57,28,2024-07-09,3,612.11,46,0,Ads
5764,592,147,2024-05-18,2,235.09,33,0,Direct
5765,747,71,2024-03-10,4,283.18,39,0,Email
5766,836,322,2024-08-27,1,387.38,8,0,Email
5767,603,120,2024-03-06,1,651.95,26,0,Social
5768,107,225,2024-02-02,5,1180.22,46,0,Direct
5769,710,278,2024-11-08,5,983.97,1,1,Social
5770,411,307,2024-06-25,2,820.02,26,1,Direct
5771,236,272,2024-01-09,5,1176.81,23,0,Email
5772,559,298,2024-02-01,3,923.86,20,1,Social
5773,38,163,2024-11-20,3,945.16,29,0,Ads
5774,276,377,2024-06-24,4,789.93,51,0,Direct
5775,201,148,2024-12-09,4,895.33,34,0,Social
5776,80,395,2024-02-17,5,652.12,17,1,Email
5777,934,175,2024-11-24,4,66.75,46,0,Direct
5778,957,221,2024-01-07,4,611.1,54,1,Email
5779,174,215,2024-11-08,2,383.3,20,1,Direct
5780,143,228,2024-04-17,1,747.26,19,0,Direct
5781,546,244,2024-04-01,2,1057.94,59,0,Ads
5782,982,142,2024-07-04,4,221.84,39,0,Social
5783,701,44,2024-02-28,3,949.52,53,0,Direct
5784,556,125,2024-10-09,5,808.9,19,0,Ads
5785,972,206,2024-12-15,5,714.9,16,0,Direct
5786,553,65,2024-03-29,5,669.32,24,0,Social
5787,99,163,2024-02-11,4,1082.37,60,1,Social
5788,265,120,2024-10-23,3,123.27,49,1,Direct
5789,46,113,2024-09-21,4,1116.93,1,0,Ads
5790,240,140,2024-11-28,4,431.21,18,0,Ads
5791,466,114,2024-09-07,3,235.17,29,0,Direct
5792,1000,284,2024-04-24,4,710.02,16,1,Ads
5793,838,382,2024-01-28,2,746.99,18,0,Ads
5794,776,122,2024-03-21,3,387.58,39,0,Ads
5795,621,314,2024-04-02,2,539.81,21,1,Ads
5796,842,6,2024-09-18,2,227.03,30,0,Direct
5797,173,247,2024-11-08,5,247.49,17,0,Ads
5798,830,77,2024-02-10,5,1088.67,23,0,Direct
5799,654,78,2024-02-22,2,238.18,19,1,Direct
5800,26,333,2024-01-26,5,971.55,20,1,Social
5801,941,369,2024-07-25,5,140.03,54,0,Ads
5802,376,279,2024-02-09,3,662.15,30,1,Social
5803,78,4,2024-10-05,4,926.68,55,0,Ads
5804,756,230,2024-03-11,3,269.98,40,0,Social
5805,753,141,2024-12-03,4,965.87,33,0,Email
5806,71,47,2024-07-09,5,1133.27,17,0,Email
5807,923,65,2024-08-09,5,1038.66,7,1,Direct
5808,773,270,2024-03-24,4,496.73,38,1,Ads
5809,159,46,2024-02-15,1,1162.89,3,0,Email
5810,349,366,2024-07-03,4,66.62,14,0,Ads
5811,231,326,2024-04-27,5,541.48,53,0,Social
5812,172,286,2024-03-04,4,1176.57,10,1,Ads
5813,943,339,2024-08-26,5,1002.58,54,1,Ads
5814,377,313,2024-04-18,4,935.11,30,1,Social
5815,732,15,2024-02-05,3,287.7,14,0,Social
5816,551,257,2024-04-18,4,343.16,12,0,Email
5817,652,356,2024-01-10,5,959.67,4,1,Ads
5818,690,151,2024-03-31,4,626.26,39,1,Ads
5819,230,141,2024-09-25,1,556.26,2,1,Social
5820,754,221,2024-06-26,2,931.55,13,1,Email
5821,257,195,2024-03-03,2,271.6,38,1,Social
5822,872,152,2024-12-01,3,1078.02,48,1,Direct
5823,986,56,2024-03-29,1,991.41,20,0,Ads
5824,899,337,2024-09-23,4,174.75,30,1,Email
5825,166,162,2024-10-11,1,1090.76,37,1,Ads
5826,280,262,2024-08-08,2,716.48,31,0,Email
5827,207,371,2024-01-17,4,1131.35,17,1,Ads
5828,316,144,2024-10-25,1,315.41,22,0,Social
5829,698,128,2024-09-11,4,107.9,48,0,Email
5830,973,151,2024-03-05,1,1190.46,25,0,Direct
5831,788,213,2024-03-23,1,772.46,52,0,Ads
5832,226,17,2024-08-25,2,164.23,38,1,Ads
5833,127,58,2024-12-03,1,184.19,19,1,Ads
5834,640,228,2024-06-28,1,211.26,18,0,Email
5835,820,388,2024-11-08,4,746.36,49,1,Email
5836,493,125,2024-06-23,2,60.6,28,1,Direct
5837,315,208,2024-04-14,2,1073.16,29,1,Ads
5838,930,96,2024-09-12,3,595.06,26,0,Ads
5839,217,211,2024-01-21,2,335.1,6,0,Email
5840,945,155,2024-05-11,5,1123.22,30,0,Ads
5841,391,382,2024-05-31,4,73.2,45,0,Direct
5842,729,170,2024-12-13,3,621.82,1,1,Social
5843,152,119,2024-07-16,4,908.87,34,1,Direct
5844,250,154,2024-04-07,2,710.66,16,1,Direct
5845,256,76,2024-02-09,4,94.19,29,1,Email
5846,413,351,2024-12-26,4,88.38,33,0,Social
5847,722,225,2024-11-16,4,860.7,9,1,Direct
5848,556,377,2024-02-14,3,410.38,5,1,Ads
5849,1000,193,2024-12-25,5,1116.17,19,0,Direct
5850,702,325,2024-09-06,2,166.05,15,0,Ads
5851,277,198,2024-06-26,2,167.46,2,1,Ads
5852,953,360,2024-05-18,2,96.85,29,1,Ads
5853,519,50,2024-06-09,3,93.37,34,1,Direct
5854,787,66,2024-06-13,5,447.46,46,1,Email
5855,196,256,2024-05-16,2,558.76,16,1,Social
5856,321,136,2024-12-25,2,90.15,48,1,Social
5857,238,125,2024-04-05,2,541.75,14,0,Email
5858,291,2,2024-08-23,2,788.62,16,0,Social
5859,89,229,2024-02-26,4,555.6,46,0,Direct
5860,100,11,2024-05-10,4,1177.08,5,0,Ads
5861,719,234,2024-11-24,4,153.13,21,1,Direct
5862,742,162,2024-07-19,5,970.55,60,1,Ads
5863,310,215,2024-05-19,4,377.43,15,1,Ads
5864,820,238,2024-04-20,2,380.49,49,0,Direct
5865,602,225,2024-10-12,1,555.06,49,0,Direct
5866,48,279,2024-02-07,1,233.25,57,0,Direct
5867,871,208,2024-07-28,3,587.25,4,0,Ads
5868,383,287,2024-09-02,4,1193.64,54,0,Ads
5869,657,17,2024-07-15,5,17.22,35,0,Ads
5870,68,57,2024-09-28,2,1165.35,32,1,Social
5871,108,350,2024-01-12,1,409.66,53,0,Social
5872,192,256,2024-11-12,2,835.05,22,0,Email
5873,441,394,2024-05-13,4,651.06,39,1,Ads
5874,320,130,2024-08-02,5,780.54,6,0,Social
5875,946,309,2024-10-03,4,535.16,58,1,Email
5876,909,344,2024-08-14,3,429.93,27,1,Direct
5877,145,157,2024-11-28,3,455.53,55,0,Email
5878,931,334,2024-08-17,2,669.85,50,0,Social
5879,697,309,2024-06-04,4,913.99,10,1,Direct
5880,937,382,2024-09-13,4,1138.01,22,0,Email
5881,611,145,2024-06-05,4,517.41,40,0,Ads
5882,322,351,2024-10-24,3,423.47,28,1,Ads
5883,170,89,2024-05-09,4,913.55,51,1,Direct
5884,754,238,2024-03-24,3,629.74,55,0,Direct
5885,424,320,2024-11-30,2,158.07,43,0,Direct
5886,555,301,2024-05-27,5,537.9,34,0,Email
5887,507,322,2024-05-25,4,812.79,43,1,Email
5888,952,312,2024-10-16,5,260.3,18,0,Direct
5889,52,370,2024-08-01,1,141.78,50,0,Ads
5890,769,369,2024-03-30,2,846.94,18,1,Social
5891,141,341,2024-10-31,3,954.3,58,1,Social
5892,762,3,2024-02-23,1,890.49,12,1,Ads
5893,195,244,2024-10-14,3,342.86,10,0,Direct
5894,69,273,2024-04-17,4,1125.23,46,1,Social
5895,127,77,2024-05-09,5,578.74,58,0,Email
5896,434,36,2024-09-02,1,387.63,12,0,Direct
5897,712,321,2024-05-26,5,1073.77,7,0,Direct
5898,51,80,2024-08-13,4,563.39,47,1,Email
5899,111,184,2024-12-22,1,1125.27,38,1,Email
5900,302,151,2024-06-12,1,407.52,46,0,Social
5901,812,151,2024-11-28,4,1013.21,29,0,Email
5902,544,201,2024-08-03,1,981.0,49,1,Social
5903,897,297,2024-05-25,5,546.91,43,1,Direct
5904,469,228,2024-11-08,5,33.87,40,0,Direct
5905,350,178,2024-11-19,5,635.56,29,0,Social
5906,839,233,2024-04-09,4,995.57,48,0,Ads
5907,547,119,2024-11-19,3,834.31,3,1,Social
5908,666,379,2024-07-04,4,200.8,49,0,Direct
5909,250,189,2024-03-09,1,636.64,49,1,Social
5910,716,55,2024-12-23,4,551.66,17,1,Direct
5911,552,79,2024-05-30,1,1102.08,17,0,Ads
5912,242,316,2024-08-18,5,714.37,21,0,Ads
5913,765,52,2024-09-03,4,530.53,37,0,Social
5914,17,106,2024-10-04,1,920.87,42,1,Direct
5915,268,137,2024-03-25,5,586.19,25,1,Email
5916,266,262,2024-02-19,3,258.29,47,1,Ads
5917,172,24,2024-10-21,3,474.63,11,1,Email
5918,384,350,2024-01-28,5,109.2,47,0,Direct
5919,67,13,2024-08-04,1,694.55,60,1,Ads
5920,428,399,2024-04-23,4,793.56,29,1,Social
5921,684,195,2024-01-18,3,422.25,1,1,Ads
5922,173,380,2024-04-04,5,477.13,2,1,Social
5923,989,29,2024-12-16,4,642.46,22,1,Social
5924,220,222,2024-03-11,4,464.33,3,1,Email
5925,209,131,2024-12-21,2,209.67,41,0,Email
5926,249,56,2024-12-24,5,474.63,36,0,Email
5927,455,211,2024-01-16,5,778.84,41,0,Social
5928,317,65,2024-10-25,1,630.93,55,1,Direct
5929,280,219,2024-07-10,4,430.37,14,0,Email
5930,263,383,2024-11-22,5,467.89,41,0,Direct
5931,656,49,2024-05-28,5,996.47,2,1,Direct
5932,172,337,2024-04-25,4,1009.31,21,0,Email
5933,330,132,2024-05-07,2,267.55,11,0,Email
5934,68,132,2024-11-18,1,1192.7,48,1,Social
5935,518,302,2024-05-18,4,80.75,47,0,Email
5936,177,187,2024-01-07,5,270.65,50,1,Email
5937,163,152,2024-08-19,2,990.1,33,0,Direct
5938,569,10,2024-01-29,3,669.03,13,0,Ads
5939,955,372,2024-04-18,4,759.86,46,0,Ads
5940,431,364,2024-04-10,4,1012.06,42,1,Direct
5941,188,185,2024-11-26,3,1189.56,58,1,Direct
5942,812,267,2024-04-08,1,798.12,45,0,Email
5943,306,394,2024-09-02,2,1111.89,42,0,Direct
5944,318,102,2024-09-28,1,86.7,46,0,Ads
5945,735,50,2024-09-24,5,635.13,2,1,Ads
5946,430,19,2024-05-14,3,315.18,57,1,Email
5947,510,114,2024-11-11,2,799.01,52,0,Ads
5948,240,149,2024-01-03,1,1093.3,48,0,Email
5949,389,3,2024-12-23,5,1010.28,20,0,Email
5950,969,297,2024-10-15,4,43.94,49,1,Ads
5951,308,172,2024-12-13,1,1162.68,22,1,Direct
5952,609,198,2024-01-14,5,442.51,23,0,Email
5953,299,216,2024-10-29,4,401.39,46,1,Ads
5954,325,37,2024-02-22,4,500.32,53,0,Direct
5955,606,319,2024-03-16,4,596.26,28,0,Email
5956,616,329,2024-03-13,1,1021.73,60,1,Email
5957,965,99,2024-05-15,1,953.79,53,0,Ads
5958,169,178,2024-08-31,3,862.59,33,1,Ads
5959,430,359,2024-03-03,1,198.17,15,0,Email
5960,603,236,2024-12-31,3,670.39,19,1,Direct
5961,553,176,2024-02-22,4,218.6,23,1,Direct
5962,408,15,2024-03-30,2,405.55,54,1,Direct
5963,526,359,2024-07-29,3,785.22,42,1,Email
5964,946,196,2024-11-01,1,937.13,16,0,Email
5965,211,139,2024-03-01,2,674.2,18,0,Direct
5966,596,2,2024-03-01,5,844.5,53,1,Ads
5967,165,9,2024-11-17,1,1101.15,19,0,Social
5968,397,233,2024-07-23,2,300.96,43,1,Email
5969,275,136,2024-07-16,4,674.83,56,0,Email
5970,842,190,2024-12-16,5,371.85,6,0,Ads
5971,438,262,2024-05-08,1,1026.48,12,1,Direct
5972,884,247,2024-12-08,4,1119.64,57,1,Ads
5973,909,263,2024-02-22,1,973.13,7,0,Social
5974,73,216,2024-05-10,3,921.28,6,1,Ads
5975,126,320,2024-03-30,3,1026.4,26,1,Social
5976,569,79,2024-04-01,4,590.52,36,1,Ads
5977,781,157,2024-11-09,4,448.27,34,1,Ads
5978,819,354,2024-04-27,1,668.6,9,0,Social
5979,366,316,2024-06-12,5,134.41,29,1,Ads
5980,1000,395,2024-03-30,2,409.73,52,1,Ads
5981,53,229,2024-01-12,5,238.39,58,0,Social
5982,260,400,2024-06-20,4,218.57,42,0,Email
5983,369,198,2024-10-01,1,909.48,49,0,Ads
5984,129,98,2024-01-23,3,736.85,6,1,Social
5985,628,91,2024-11-23,5,328.44,21,0,Email
5986,836,174,2024-03-29,4,616.27,31,0,Social
5987,75,19,2024-02-20,4,683.64,16,0,Social
5988,40,111,2024-06-22,3,63.4,45,1,Social
5989,781,305,2024-07-27,3,815.43,54,0,Email
5990,232,334,2024-04-02,5,871.66,21,1,Social
5991,726,218,2024-11-19,5,466.34,36,0,Social
5992,694,174,2024-03-12,2,851.69,21,1,Social
5993,666,161,2024-06-13,3,149.32,13,0,Direct
5994,419,267,2024-04-12,4,638.41,50,1,Email
5995,679,327,2024-10-03,4,963.92,43,1,Email
5996,420,287,2024-07-29,5,381.02,3,0,Email
5997,78,197,2024-02-11,4,812.55,11,0,Direct
5998,199,85,2024-03-17,4,58.6,50,0,Email
5999,1000,386,2024-02-23,3,611.03,26,0,Email
6000,264,163,2024-09-03,4,853.93,1,1,Social
6001,464,97,2024-07-13,3,894.79,55,1,Social
6002,486,209,2024-04-20,3,638.37,25,1,Ads
6003,129,79,2024-05-08,3,810.02,6,1,Ads
6004,224,26,2024-05-30,2,982.95,8,1,Direct
6005,487,232,2024-06-13,5,105.3,57,0,Email
6006,618,95,2024-12-10,1,265.32,43,1,Direct
6007,33,387,2024-01-16,2,1107.7,52,1,Direct
6008,227,239,2024-06-09,3,520.08,2,1,Ads
6009,609,392,2024-10-18,5,1192.48,24,0,Ads
6010,623,21,2024-12-19,2,991.39,35,1,Direct
6011,405,328,2024-03-05,5,337.72,34,1,Ads
6012,641,36,2024-04-14,2,321.81,31,1,Social
6013,969,179,2024-08-28,3,833.39,40,1,Email
6014,505,251,2024-03-08,5,64.75,46,1,Direct
6015,137,102,2024-09-16,2,283.47,32,1,Social
6016,562,296,2024-06-15,5,851.43,43,1,Direct
6017,102,304,2024-11-10,3,906.67,4,1,Social
6018,456,348,2024-11-19,3,100.42,13,1,Direct
6019,6,203,2024-07-08,3,150.17,19,1,Ads
6020,517,237,2024-11-01,1,1147.08,52,1,Email
6021,750,153,2024-11-30,1,905.17,25,0,Direct
6022,956,230,2024-12-08,1,205.71,19,0,Social
6023,305,188,2024-03-22,2,65.33,54,0,Ads
6024,630,28,2024-02-18,1,692.87,34,0,Social
6025,770,130,2024-11-13,4,1160.03,35,0,Email
6026,489,270,2024-07-28,5,1075.75,20,1,Social
6027,497,12,2024-06-13,5,557.83,3,0,Social
6028,111,44,2024-03-01,5,407.99,39,0,Email
6029,276,65,2024-09-03,4,515.22,14,0,Direct
6030,177,164,2024-05-05,3,1166.97,30,1,Social
6031,809,383,2024-03-12,2,219.47,9,0,Direct
6032,647,170,2024-10-01,3,70.18,29,1,Email
6033,31,128,2024-02-24,1,978.59,35,0,Direct
6034,594,77,2024-10-28,5,347.51,55,1,Social
6035,548,365,2024-08-19,1,901.08,38,1,Direct
6036,839,152,2024-03-19,5,536.26,7,0,Direct
6037,611,347,2024-10-16,3,1112.01,14,1,Ads
6038,154,278,2024-06-23,4,354.82,8,1,Direct
6039,987,200,2024-08-16,2,833.92,30,0,Ads
6040,725,31,2024-07-02,5,176.02,40,1,Email
6041,809,208,2024-06-08,3,464.95,46,0,Ads
6042,583,179,2024-07-04,5,926.89,53,0,Direct
6043,852,29,2024-05-29,3,645.82,21,1,Ads
6044,112,377,2024-11-13,4,159.93,58,0,Social
6045,374,46,2024-10-15,5,797.39,25,0,Ads
6046,673,187,2024-10-25,2,934.57,28,1,Direct
6047,445,306,2024-02-04,2,1091.49,38,0,Email
6048,304,135,2024-03-08,2,1106.87,49,1,Direct
6049,366,82,2024-12-19,3,773.1,50,0,Ads
6050,45,245,2024-06-29,3,189.38,31,1,Email
6051,169,50,2024-08-13,5,595.09,3,0,Ads
6052,709,282,2024-01-19,5,335.5,10,0,Direct
6053,265,61,2024-10-31,2,325.8,57,0,Direct
6054,291,298,2024-11-11,3,363.35,56,1,Email
6055,68,34,2024-03-29,1,776.9,41,1,Email
6056,235,72,2024-07-13,5,883.37,55,0,Direct
6057,181,148,2024-10-28,5,725.15,38,0,Email
6058,834,105,2024-04-01,3,1153.59,43,1,Email
6059,903,300,2024-10-12,5,189.5,2,1,Social
6060,107,345,2024-03-12,5,481.33,8,1,Social
6061,990,71,2024-01-30,1,899.77,37,0,Social
6062,839,240,2024-09-15,1,142.42,11,0,Email
6063,145,363,2024-11-28,2,224.86,57,1,Email
6064,932,26,2024-09-11,4,1026.65,30,1,Direct
6065,404,294,2024-11-13,2,1070.86,16,0,Social
6066,368,356,2024-12-28,2,68.1,40,0,Direct
6067,520,30,2024-03-02,5,1143.09,23,1,Ads
6068,412,46,2024-06-15,3,150.01,13,0,Social
6069,903,114,2024-01-06,3,860.25,57,0,Email
6070,455,256,2024-06-26,5,228.06,59,1,Social
6071,760,119,2024-05-04,4,1023.19,19,0,Email
6072,999,374,2024-04-05,4,344.96,43,1,Direct
6073,256,221,2024-07-20,5,330.22,46,0,Direct
6074,539,370,2024-08-23,5,559.63,4,1,Direct
6075,810,10,2024-07-01,1,1001.07,33,1,Social
6076,679,117,2024-07-09,5,997.67,14,1,Direct
6077,715,87,2024-05-17,1,677.85,55,1,Social
6078,410,100,2024-10-13,2,579.5,24,0,Email
6079,237,281,2024-06-16,3,1113.44,29,1,Direct
6080,145,308,2024-09-19,4,425.85,3,1,Direct
6081,246,55,2024-01-31,1,794.2,13,0,Direct
6082,942,123,2024-03-07,2,1153.62,27,1,Email
6083,852,251,2024-05-08,1,387.59,40,1,Email
6084,360,273,2024-08-04,3,57.52,20,1,Ads
6085,274,376,2024-11-11,4,308.61,25,1,Ads
6086,777,86,2024-08-04,3,569.12,40,0,Ads
6087,309,295,2024-04-06,4,770.31,53,1,Social
6088,3,294,2024-11-10,3,608.84,35,0,Direct
6089,176,39,2024-04-17,1,1115.83,12,1,Email
6090,698,204,2024-08-01,3,530.02,7,1,Social
6091,966,151,2024-08-05,4,359.61,27,1,Direct
6092,360,373,2024-05-12,1,152.71,47,1,Social
6093,716,197,2024-04-16,1,446.22,21,0,Direct
6094,945,154,2024-03-14,3,144.07,13,0,Email
6095,906,279,2024-10-07,1,93.35,55,0,Direct
6096,987,352,2024-11-05,4,1039.45,37,1,Email
6097,926,214,2024-10-25,4,1150.94,45,1,Email
6098,735,10,2024-04-25,3,548.24,26,1,Social
6099,518,215,2024-06-08,1,585.05,56,1,Ads
6100,63,371,2024-06-06,1,410.98,58,1,Email
6101,39,116,2024-02-28,3,418.3,12,0,Social
6102,438,23,2024-12-01,5,981.81,5,0,Ads
6103,594,287,2024-10-31,5,508.39,46,1,Ads
6104,180,339,2024-09-08,4,507.42,54,1,Email
6105,945,28,2024-03-12,5,334.94,36,0,Email
6106,762,50,2024-09-20,5,1037.18,12,1,Ads
6107,641,307,2024-09-29,4,471.1,40,0,Social
6108,934,14,2024-07-06,1,1040.7,20,0,Ads
6109,253,103,2024-08-29,4,750.32,18,1,Email
6110,381,236,2024-08-27,4,421.39,9,0,Ads
6111,797,56,2024-10-24,1,582.9,30,1,Direct
6112,816,277,2024-04-19,4,253.67,9,1,Email
6113,31,337,2024-12-09,2,57.24,1,0,Social
6114,427,370,2024-10-30,2,1019.4,41,0,Ads
6115,634,223,2024-12-11,1,1159.59,19,0,Social
6116,500,258,2024-03-25,5,842.03,54,0,Social
6117,924,67,2024-09-24,4,934.41,12,1,Social
6118,505,387,2024-12-21,4,314.91,58,0,Social
6119,356,93,2024-01-12,1,889.08,41,1,Direct
6120,481,257,2024-10-27,1,987.05,16,0,Social
6121,102,261,2024-05-31,3,584.86,13,0,Social
6122,368,324,2024-10-09,2,197.21,54,0,Social
6123,436,297,2024-09-14,5,1127.36,47,1,Email
6124,115,92,2024-01-09,4,1035.04,28,1,Ads
6125,487,212,2024-08-12,4,897.36,27,0,Email
6126,994,3,2024-04-16,5,465.7,7,0,Social
6127,528,367,2024-08-06,4,666.78,10,0,Direct
6128,273,42,2024-09-24,3,96.07,14,0,Social
6129,29,141,2024-05-07,2,1124.75,10,0,Ads
6130,808,316,2024-11-12,2,884.38,11,1,Social
6131,728,249,2024-06-01,1,311.56,4,0,Direct
6132,997,94,2024-05-07,4,197.41,4,0,Social
6133,465,107,2024-08-23,4,1129.44,13,0,Direct
6134,82,200,2024-10-24,1,970.89,8,0,Direct
6135,125,137,2024-11-13,2,465.2,11,1,Direct
6136,283,107,2024-11-19,1,1084.6,43,0,Ads
6137,453,153,2024-08-19,5,150.7,50,0,Ads
6138,363,357,2024-08-08,5,587.64,26,0,Direct
6139,352,14,2024-03-07,4,610.7,33,0,Email
6140,440,76,2024-10-17,2,966.64,5,1,Social
6141,711,215,2024-09-11,2,1053.82,14,0,Social
6142,835,54,2024-02-17,1,893.27,10,0,Ads
6143,685,347,2024-08-14,4,256.22,10,1,Direct
6144,302,221,2024-12-04,3,381.55,51,0,Social
6145,643,319,2024-05-19,5,1143.42,57,1,Social
6146,335,44,2024-12-06,3,52.05,48,1,Direct
6147,694,297,2024-06-11,1,579.37,21,1,Social
6148,457,196,2024-10-25,2,394.47,42,1,Email
6149,911,162,2024-04-10,4,852.82,7,1,Social
6150,828,368,2024-03-18,4,815.93,6,0,Ads
6151,719,163,2024-06-02,1,909.54,43,0,Direct
6152,541,25,2024-01-05,4,124.31,46,1,Social
6153,267,6,2024-05-19,1,215.41,37,0,Direct
6154,160,264,2024-06-25,5,1005.83,31,0,Direct
6155,879,209,2024-07-10,3,942.46,46,1,Direct
6156,702,138,2024-05-19,1,628.95,8,0,Email
6157,97,131,2024-01-05,4,741.93,21,0,Ads
6158,599,188,2024-07-16,1,381.68,40,1,Email
6159,638,15,2024-08-02,5,425.31,11,0,Social
6160,88,117,2024-07-13,2,1026.37,36,1,Social
6161,1000,315,2024-06-17,1,620.23,25,0,Email
6162,47,274,2024-09-17,1,170.54,48,1,Direct
6163,37,344,2024-10-17,1,459.42,38,0,Direct
6164,136,153,2024-10-09,1,814.05,2,1,Ads
6165,517,294,2024-10-17,2,728.79,17,1,Social
6166,53,134,2024-08-21,3,646.1,16,1,Email
6167,104,6,2024-07-18,4,78.02,30,0,Ads
6168,495,19,2024-12-16,5,93.63,42,0,Ads
6169,680,15,2024-07-24,5,83.26,51,0,Direct
6170,654,25,2024-11-16,2,457.48,3,0,Ads
6171,64,141,2024-11-03,1,116.46,1,1,Direct
6172,951,381,2024-04-08,2,770.38,12,1,Direct
6173,303,390,2024-06-13,1,17.85,27,0,Email
6174,622,264,2024-11-08,3,329.42,27,0,Email
6175,71,257,2024-04-11,4,796.16,28,1,Social
6176,775,328,2024-11-15,2,377.79,26,0,Email
6177,212,7,2024-02-26,3,338.81,32,0,Email
6178,451,135,2024-12-07,4,979.31,33,0,Social
6179,325,109,2024-07-03,1,889.85,43,0,Direct
6180,292,80,2024-02-29,2,650.05,24,1,Email
6181,516,175,2024-07-04,4,613.31,28,1,Ads
6182,185,132,2024-08-16,1,1096.11,50,1,Email
6183,600,272,2024-06-29,4,257.02,41,1,Ads
6184,788,58,2024-04-17,2,458.14,52,0,Social
6185,635,251,2024-11-30,2,21.53,48,1,Direct
6186,460,380,2024-07-05,4,235.41,47,1,Ads
6187,501,71,2024-02-05,3,1172.82,42,1,Email
6188,671,156,2024-08-12,1,797.15,12,1,Direct
6189,256,314,2024-04-15,4,22.69,48,1,Direct
6190,458,136,2024-11-05,2,603.41,10,0,Social
6191,694,86,2024-08-09,2,892.93,34,0,Email
6192,740,99,2024-03-11,1,539.1,19,0,Social
6193,464,273,2024-01-21,4,630.14,53,0,Ads
6194,217,316,2024-08-10,5,757.74,23,1,Email
6195,704,25,2024-11-01,2,391.72,38,0,Email
6196,889,376,2024-08-28,5,289.61,41,0,Ads
6197,864,77,2024-11-13,3,24.47,35,1,Ads
6198,305,254,2024-04-01,2,1030.04,7,0,Email
6199,460,193,2024-02-26,2,761.43,17,1,Direct
6200,717,68,2024-05-29,1,777.61,17,1,Social
6201,789,217,2024-06-25,3,208.48,33,1,Email
6202,333,367,2024-09-05,2,222.34,38,0,Ads
6203,338,301,2024-08-22,5,174.1,42,1,Direct
6204,291,373,2024-05-09,3,115.22,54,1,Social
6205,14,352,2024-01-30,1,382.79,47,1,Social
6206,76,375,2024-05-10,5,653.84,36,0,Social
6207,296,275,2024-06-16,5,195.92,31,1,Ads
6208,364,53,2024-08-23,2,857.65,9,1,Email
6209,439,343,2024-02-23,2,310.56,35,0,Email
6210,205,212,2024-10-31,4,838.18,11,1,Direct
6211,142,64,2024-04-21,1,412.0,42,0,Social
6212,841,94,2024-09-20,1,862.84,32,0,Email
6213,334,315,2024-03-14,2,886.65,12,0,Ads
6214,16,182,2024-07-09,2,607.73,17,0,Direct
6215,333,252,2024-04-28,4,737.44,32,1,Email
6216,596,338,2024-11-03,2,272.87,57,1,Email
6217,665,260,2024-12-14,1,960.72,46,1,Social
6218,261,185,2024-01-09,4,270.47,57,1,Ads
6219,37,238,2024-11-19,1,415.41,18,0,Social
6220,295,372,2024-05-31,3,1157.09,15,0,Email
6221,751,14,2024-02-28,5,927.85,10,1,Social
6222,245,70,2024-08-02,5,1024.09,51,1,Email
6223,739,61,2024-04-07,3,73.62,34,1,Direct
6224,761,341,2024-09-25,3,961.49,14,1,Social
6225,378,163,2024-11-28,2,668.14,20,1,Ads
6226,547,393,2024-09-10,4,897.04,8,0,Direct
6227,250,340,2024-07-12,1,383.77,32,1,Social
6228,620,197,2024-06-21,4,615.86,10,0,Email
6229,307,253,2024-12-12,2,559.73,20,1,Email
6230,314,268,2024-05-11,1,880.87,18,0,Social
6231,407,367,2024-08-01,3,1001.66,45,0,Direct
6232,32,179,2024-08-30,5,305.6,50,0,Social
6233,690,366,2024-10-30,2,288.83,60,1,Email
6234,674,297,2024-11-12,4,416.26,57,0,Direct
6235,894,36,2024-04-06,2,708.72,49,0,Direct
6236,275,227,2024-05-06,5,1193.32,34,1,Ads
6237,621,293,2024-11-23,2,930.64,10,1,Direct
6238,115,323,2024-10-03,1,1123.31,60,1,Direct
6239,570,157,2024-03-12,1,149.83,20,0,Email
6240,71,253,2024-02-24,3,62.93,50,1,Ads
6241,968,167,2024-02-01,1,739.93,34,1,Ads
6242,133,132,2024-08-31,1,939.57,15,0,Direct
6243,935,296,2024-03-27,4,952.74,59,1,Email
6244,933,378,2024-09-10,5,452.87,13,1,Social
6245,410,120,2024-02-02,2,423.15,32,0,Ads
6246,526,91,2024-11-22,1,1182.88,41,1,Email
6247,521,270,2024-12-19,4,486.57,8,0,Email
6248,344,302,2024-10-04,1,891.84,25,1,Email
6249,508,146,2024-03-04,1,735.93,33,1,Email
6250,11,314,2024-09-22,2,401.8,53,0,Direct
6251,619,320,2024-08-18,5,1092.18,28,1,Email
6252,318,142,2024-04-15,2,328.01,19,0,Social
6253,74,169,2024-09-01,3,873.43,51,1,Ads
6254,775,1,2024-04-10,1,217.07,47,1,Social
6255,165,396,2024-11-07,2,800.08,31,1,Ads
6256,371,4,2024-12-08,4,1171.81,29,1,Social
6257,995,295,2024-08-04,2,468.23,5,0,Direct
6258,221,52,2024-12-08,4,741.2,39,0,Direct
6259,110,382,2024-06-07,2,523.8,51,1,Email
6260,675,239,2024-09-24,5,627.66,2,1,Direct
6261,828,147,2024-05-12,1,581.99,28,0,Email
6262,91,233,2024-07-07,5,275.78,26,0,Email
6263,918,178,2024-04-14,5,469.72,28,0,Email
6264,345,237,2024-12-07,3,1146.84,57,0,Social
6265,999,194,2024-07-25,3,102.64,55,1,Direct
6266,710,263,2024-12-06,5,859.44,2,1,Direct
6267,376,117,2024-04-28,4,1021.53,1,1,Email
6268,631,289,2024-11-23,3,734.29,14,0,Email
6269,620,327,2024-07-18,3,677.6,41,1,Social
6270,368,103,2024-12-29,2,1064.31,52,1,Direct
6271,125,78,2024-05-05,3,935.29,30,0,Social
6272,813,229,2024-05-05,2,662.71,3,1,Ads
6273,816,310,2024-09-29,1,759.1,5,1,Ads
6274,524,214,2024-03-12,1,819.47,26,1,Ads
6275,269,197,2024-03-08,1,132.21,4,0,Ads
6276,378,115,2024-05-08,5,742.24,39,0,Ads
6277,21,356,2024-08-13,3,560.0,2,0,Email
6278,860,266,2024-10-28,5,1149.13,43,0,Ads
6279,446,367,2024-10-05,4,1116.18,45,0,Ads
6280,208,375,2024-03-09,4,696.38,43,1,Email
6281,565,37,2024-11-24,1,278.48,55,1,Direct
6282,769,217,2024-07-12,2,728.85,55,1,Direct
6283,891,7,2024-09-15,3,816.27,39,1,Ads
6284,244,201,2024-09-21,5,444.55,60,0,Ads
6285,655,9,2024-02-18,2,1124.79,40,0,Email
6286,59,381,2024-01-13,2,231.74,14,0,Direct
6287,517,252,2024-03-13,2,727.25,38,0,Direct
6288,486,128,2024-07-30,4,717.25,42,1,Email
6289,980,162,2024-04-30,3,339.86,42,1,Ads
6290,459,179,2024-02-15,1,1154.91,56,1,Email
6291,330,75,2024-05-23,3,825.13,56,0,Direct
6292,582,1,2024-11-29,4,488.28,21,1,Social
6293,503,359,2024-11-15,2,269.28,2,1,Social
6294,665,166,2024-08-21,1,529.65,14,0,Direct
6295,693,216,2024-02-13,1,916.83,38,1,Direct
6296,685,220,2024-05-23,1,1009.4,46,0,Social
6297,425,24,2024-10-03,5,318.8,35,1,Email
6298,291,134,2024-07-18,3,237.83,10,0,Direct
6299,267,256,2024-05-28,4,602.63,10,1,Social
6300,154,339,2024-06-04,4,550.15,35,0,Direct
6301,442,236,2024-01-14,5,436.75,46,0,Ads
6302,179,91,2024-07-31,3,29.83,35,1,Email
6303,804,182,2024-07-26,2,771.64,57,0,Email
6304,602,91,2024-06-15,3,862.77,53,0,Ads
6305,583,231,2024-09-09,2,1015.45,16,0,Email
6306,707,298,2024-04-07,3,647.42,48,1,Social
6307,43,278,2024-11-15,2,919.68,23,1,Direct
6308,292,331,2024-09-19,4,901.35,3,0,Ads
6309,688,241,2024-12-24,1,210.05,4,1,Email
6310,455,24,2024-10-22,3,1168.76,53,1,Social
6311,841,198,2024-04-18,2,1064.55,44,0,Social
6312,29,287,2024-06-02,5,177.93,36,1,Social
6313,797,62,2024-09-10,5,1045.48,48,1,Direct
6314,142,222,2024-06-20,5,960.59,18,0,Direct
6315,672,246,2024-09-25,2,283.35,42,1,Direct
6316,480,43,2024-06-03,1,660.05,53,0,Social
6317,816,258,2024-01-27,2,499.81,24,1,Social
6318,744,145,2024-10-09,4,784.79,43,0,Direct
6319,389,18,2024-06-04,4,145.89,9,0,Ads
6320,746,377,2024-05-22,2,424.55,57,1,Email
6321,693,33,2024-08-30,3,820.83,3,1,Direct
6322,726,308,2024-05-19,3,301.44,8,0,Social
6323,272,261,2024-12-25,2,571.59,48,0,Direct
6324,478,365,2024-03-18,2,457.02,23,0,Ads
6325,707,168,2024-06-21,4,637.33,42,1,Direct
6326,760,89,2024-01-30,3,1128.16,35,1,Direct
6327,881,199,2024-09-01,5,744.21,34,1,Direct
6328,50,355,2024-03-31,5,831.29,39,0,Ads
6329,251,40,2024-09-16,5,977.1,35,0,Social
6330,608,211,2024-11-06,5,1159.9,31,1,Email
6331,314,311,2024-07-12,3,153.47,31,0,Email
6332,550,131,2024-01-27,3,823.11,35,0,Direct
6333,163,229,2024-04-14,4,64.13,53,1,Social
6334,603,76,2024-12-05,2,476.7,60,0,Social
6335,449,273,2024-07-09,3,68.15,39,1,Social
6336,629,332,2024-03-09,1,556.2,35,0,Direct
6337,929,251,2024-01-09,3,543.38,27,1,Social
6338,37,33,2024-07-09,5,1026.01,56,0,Direct
6339,609,37,2024-06-11,2,705.83,17,1,Ads
6340,362,251,2024-05-24,2,19.07,12,1,Ads
6341,58,393,2024-02-26,1,222.7,38,0,Email
6342,939,32,2024-03-02,3,356.04,32,0,Ads
6343,422,9,2024-12-15,4,568.41,26,1,Ads
6344,509,376,2024-09-08,5,874.1,21,1,Email
6345,772,9,2024-04-12,2,122.47,14,0,Direct
6346,817,7,2024-06-24,1,455.74,24,0,Ads
6347,354,353,2024-11-21,1,510.46,28,0,Direct
6348,855,347,2024-08-13,5,212.98,13,1,Email
6349,490,352,2024-08-13,4,952.87,28,0,Email
6350,827,98,2024-11-15,4,549.12,19,1,Social
6351,30,332,2024-05-28,5,216.57,34,1,Email
6352,60,16,2024-10-20,2,1174.88,17,0,Social
6353,562,280,2024-01-29,5,658.94,2,0,Direct
6354,439,366,2024-07-14,5,495.51,51,1,Ads
6355,530,174,2024-02-17,3,776.25,14,1,Social
6356,769,84,2024-04-09,5,630.34,11,0,Direct
6357,260,29,2024-06-12,2,1194.34,44,1,Social
6358,127,285,2024-09-30,2,1131.07,27,0,Ads
6359,573,231,2024-03-16,3,640.57,11,1,Social
6360,51,51,2024-08-01,2,438.96,50,1,Direct
6361,626,102,2024-02-05,2,468.86,8,1,Ads
6362,250,387,2024-10-28,1,1190.57,47,1,Direct
6363,612,275,2024-01-12,1,317.87,19,0,Email
6364,603,167,2024-05-23,3,50.41,4,0,Direct
6365,658,398,2024-01-08,3,931.47,58,0,Direct
6366,229,200,2024-02-23,3,1180.51,13,1,Social
6367,408,368,2024-08-08,2,854.79,1,1,Ads
6368,486,111,2024-06-10,3,147.09,52,1,Social
6369,914,34,2024-12-11,3,767.3,45,1,Email
6370,238,300,2024-12-29,3,678.19,55,1,Email
6371,242,71,2024-10-30,2,365.69,3,0,Direct
6372,732,72,2024-06-13,3,321.16,49,1,Email
6373,822,2,2024-02-06,3,188.23,48,0,Direct
6374,802,214,2024-09-04,1,604.59,4,1,Social
6375,884,140,2024-10-11,5,658.03,5,1,Email
6376,34,66,2024-03-26,4,817.37,7,0,Direct
6377,845,362,2024-03-05,2,940.81,49,1,Direct
6378,449,248,2024-04-23,3,1099.71,48,1,Ads
6379,843,333,2024-12-07,5,379.29,44,1,Social
6380,331,86,2024-12-15,2,48.12,53,0,Social
6381,188,185,2024-01-14,4,376.42,38,0,Email
6382,25,234,2024-07-26,3,583.84,27,0,Email
6383,474,354,2024-03-29,5,796.92,36,0,Ads
6384,382,369,2024-11-02,2,35.64,16,0,Email
6385,567,253,2024-09-29,4,1066.55,15,1,Email
6386,733,360,2024-01-29,2,1032.4,53,1,Ads
6387,434,18,2024-03-08,1,834.75,16,1,Direct
6388,564,23,2024-07-27,1,232.11,36,0,Direct
6389,192,187,2024-05-31,5,491.12,6,0,Ads
6390,849,224,2024-01-12,1,605.1,39,1,Direct
6391,651,291,2024-09-20,4,975.25,22,0,Social
6392,798,111,2024-11-06,3,239.62,12,1,Ads
6393,896,342,2024-11-16,2,1164.96,8,1,Social
6394,57,74,2024-09-09,5,438.46,23,0,Ads
6395,103,17,2024-09-27,3,374.3,56,1,Email
6396,158,379,2024-04-08,1,102.93,23,0,Ads
6397,226,256,2024-09-28,5,1191.16,24,1,Social
6398,271,291,2024-11-12,3,780.76,13,1,Direct
6399,550,350,2024-11-23,5,934.9,17,0,Social
6400,639,176,2024-07-12,4,955.17,28,0,Ads
6401,276,396,2024-06-20,1,474.31,39,0,Ads
6402,64,342,2024-06-02,1,1094.42,18,1,Social
6403,165,57,2024-11-08,2,119.91,57,1,Social
6404,212,6,2024-09-01,5,622.28,26,1,Email
6405,317,171,2024-12-13,1,1004.56,54,1,Direct
6406,460,200,2024-10-07,1,224.08,51,1,Social
6407,396,272,2024-01-15,1,39.8,4,1,Direct
6408,83,321,2024-11-27,2,663.41,60,1,Ads
6409,606,73,2024-08-02,4,312.89,60,1,Ads
6410,694,375,2024-04-29,3,1065.3,14,0,Direct
6411,587,369,2024-05-07,1,63.25,14,0,Direct
6412,236,263,2024-12-12,1,565.1,41,0,Direct
6413,696,323,2024-06-23,3,167.28,42,1,Direct
6414,444,44,2024-10-03,3,929.9,51,1,Email
6415,726,38,2024-06-29,1,67.1,32,1,Ads
6416,212,385,2024-08-18,1,617.94,41,0,Email
6417,971,374,2024-02-08,2,1126.52,54,1,Ads
6418,103,95,2024-06-07,5,912.62,50,0,Email
6419,951,299,2024-06-08,1,68.53,55,0,Ads
6420,768,48,2024-04-24,3,89.13,47,1,Social
6421,427,346,2024-05-11,1,557.9,35,0,Email
6422,91,43,2024-02-23,5,93.17,50,1,Direct
6423,578,317,2024-03-18,4,500.07,25,0,Ads
6424,421,181,2024-08-24,3,990.54,1,0,Email
6425,286,306,2024-08-22,5,1001.9,51,0,Email
6426,405,252,2024-12-20,2,1054.71,31,1,Social
6427,960,33,2024-10-16,2,602.38,21,0,Ads
6428,919,226,2024-03-10,4,268.37,55,1,Email
6429,46,24,2024-04-18,3,51.87,29,0,Direct
6430,252,159,2024-05-27,2,428.7,49,1,Ads
6431,498,229,2024-12-21,2,1135.06,53,1,Social
6432,938,242,2024-10-12,5,1160.95,15,1,Direct
6433,791,332,2024-01-25,2,819.94,38,1,Direct
6434,519,242,2024-12-10,2,221.88,11,1,Email
6435,679,296,2024-08-09,5,783.89,50,1,Email
6436,636,350,2024-02-19,3,166.27,40,1,Ads
6437,345,150,2024-03-30,1,93.34,57,1,Social
6438,627,288,2024-08-30,2,902.8,28,0,Ads
6439,964,328,2024-10-18,3,113.66,4,1,Direct
6440,904,247,2024-07-11,2,761.04,16,0,Social
6441,967,75,2024-01-21,4,1062.29,13,0,Direct
6442,578,269,2024-10-17,4,1087.95,49,1,Direct
6443,266,140,2024-04-24,3,795.31,18,0,Direct
6444,732,356,2024-08-27,5,334.01,9,1,Ads
6445,587,155,2024-05-16,5,1128.1,60,0,Direct
6446,887,67,2024-04-27,1,889.95,37,1,Email
6447,407,361,2024-01-10,3,32.02,7,1,Ads
6448,957,239,2024-02-13,3,562.37,44,0,Social
6449,462,7,2024-08-27,1,521.71,54,1,Direct
6450,466,374,2024-03-01,1,229.09,14,0,Social
6451,443,273,2024-07-31,3,702.93,6,1,Social
6452,789,181,2024-11-15,2,282.57,37,0,Social
6453,777,44,2024-01-05,1,415.73,23,0,Direct
6454,750,196,2024-01-16,2,750.5,14,1,Email
6455,355,142,2024-06-24,1,463.94,40,0,Direct
6456,660,102,2024-10-12,3,54.07,28,1,Ads
6457,813,89,2024-02-24,4,30.94,48,1,Email
6458,952,333,2024-06-26,5,382.05,56,0,Ads
6459,582,216,2024-03-03,2,840.24,60,1,Ads
6460,268,11,2024-08-30,5,1031.81,58,0,Ads
6461,287,248,2024-07-25,1,106.17,48,0,Social
6462,387,147,2024-11-30,4,97.9,26,0,Ads
6463,81,358,2024-01-14,2,583.81,6,1,Email
6464,520,371,2024-04-14,2,470.09,15,1,Direct
6465,807,221,2024-03-03,3,213.08,11,0,Direct
6466,206,25,2024-01-09,4,962.89,30,1,Email
6467,911,245,2024-02-29,2,458.06,5,1,Ads
6468,356,193,2024-05-14,5,607.92,59,1,Direct
6469,729,266,2024-05-15,3,486.61,22,1,Direct
6470,81,18,2024-10-26,2,113.64,35,0,Social
6471,846,64,2024-06-16,4,152.69,34,1,Social
6472,432,376,2024-07-19,2,266.9,21,0,Email
6473,125,394,2024-09-10,3,270.11,47,0,Social
6474,152,211,2024-10-10,3,62.27,8,1,Direct
6475,369,221,2024-02-16,2,1064.96,58,1,Email
6476,647,74,2024-07-14,4,191.58,32,1,Direct
6477,326,188,2024-11-23,1,570.74,27,1,Social
6478,177,376,2024-04-04,5,680.69,43,1,Social
6479,28,366,2024-03-06,5,588.97,1,0,Social
6480,249,167,2024-11-12,4,1042.69,13,0,Email
6481,127,270,2024-07-23,1,1061.38,59,1,Ads
6482,454,47,2024-02-09,3,632.5,21,0,Email
6483,544,290,2024-08-05,1,239.16,50,0,Email
6484,968,201,2024-12-01,5,454.82,1,0,Direct
6485,642,373,2024-04-23,4,1069.03,43,1,Direct
6486,159,346,2024-06-27,1,306.51,17,0,Social
6487,62,274,2024-12-06,5,130.98,21,1,Ads
6488,483,294,2024-01-11,4,435.48,31,1,Direct
6489,626,179,2024-02-27,5,109.51,22,0,Email
6490,150,231,2024-12-25,5,411.57,38,0,Email
6491,420,72,2024-06-21,2,452.2,15,0,Ads
6492,159,148,2024-02-02,5,831.27,35,0,Social
6493,380,177,2024-02-18,5,493.0,24,1,Ads
6494,555,16,2024-06-02,1,632.93,19,0,Ads
6495,219,176,2024-01-18,5,50.94,21,1,Direct
6496,919,70,2024-12-19,5,934.74,51,0,Ads
6497,614,156,2024-03-09,2,493.0,58,0,Direct
6498,872,43,2024-12-26,2,522.66,18,0,Direct
6499,681,137,2024-07-22,2,356.36,45,0,Social
6500,323,286,2024-01-31,4,225.73,53,1,Email
6501,475,390,2024-08-04,2,1089.51,15,0,Social
6502,755,151,2024-12-07,5,794.4,23,0,Social
6503,625,108,2024-04-02,4,1116.51,11,1,Ads
6504,572,233,2024-12-01,1,296.36,13,1,Direct
6505,999,179,2024-03-20,5,434.6,26,1,Email
6506,690,33,2024-02-23,2,207.88,46,0,Social
6507,482,38,2024-05-17,4,619.04,33,0,Ads
6508,923,25,2024-09-22,5,927.68,26,1,Social
6509,817,298,2024-04-13,2,892.23,44,1,Email
6510,987,263,2024-01-04,5,89.25,32,0,Ads
6511,354,370,2024-10-18,2,1125.22,45,1,Direct
6512,861,380,2024-10-23,4,572.98,59,1,Ads
6513,986,17,2024-02-23,2,360.81,17,1,Email
6514,649,262,2024-11-14,1,430.5,19,1,Social
6515,88,299,2024-05-25,2,973.01,10,0,Email
6516,460,261,2024-01-20,3,558.44,52,0,Direct
6517,900,97,2024-03-06,2,889.06,55,1,Direct
6518,1000,17,2024-11-08,3,403.42,56,1,Social
6519,340,203,2024-08-22,5,758.87,26,0,Ads
6520,280,326,2024-03-12,4,72.7,23,0,Social
6521,229,211,2024-04-29,2,1111.8,19,0,Ads
6522,463,398,2024-02-11,2,1059.82,49,1,Direct
6523,256,93,2024-09-06,1,952.97,46,0,Direct
6524,238,360,2024-05-26,5,1120.79,31,0,Social
6525,179,294,2024-06-24,1,557.23,39,0,Ads
6526,494,145,2024-05-05,4,519.57,18,0,Ads
6527,714,349,2024-12-21,2,876.8,8,1,Email
6528,653,67,2024-08-13,5,957.92,28,0,Direct
6529,169,357,2024-10-12,1,211.27,35,0,Email
6530,256,147,2024-08-01,3,847.01,60,0,Direct
6531,785,123,2024-06-18,2,1105.44,48,1,Direct
6532,976,36,2024-04-11,1,168.32,41,1,Ads
6533,736,19,2024-08-20,5,1082.15,52,1,Direct
6534,384,204,2024-07-14,5,783.96,47,1,Social
6535,194,112,2024-04-10,5,1085.21,17,0,Ads
6536,720,58,2024-10-09,2,459.86,15,1,Email
6537,701,29,2024-03-16,2,1197.31,15,1,Direct
6538,927,323,2024-01-28,1,716.82,54,0,Direct
6539,866,55,2024-10-03,1,514.21,35,1,Email
6540,675,98,2024-02-23,4,545.92,6,0,Email
6541,797,315,2024-11-11,3,222.57,8,0,Direct
6542,883,324,2024-03-04,2,898.57,53,0,Email
6543,722,355,2024-11-29,5,383.95,39,0,Ads
6544,855,256,2024-12-10,5,673.38,53,0,Ads
6545,405,244,2024-12-05,2,29.87,27,0,Email
6546,684,105,2024-11-29,4,669.06,38,0,Social
6547,556,363,2024-11-14,3,1024.48,11,0,Ads
6548,401,90,2024-05-19,3,563.26,57,0,Direct
6549,34,133,2024-10-26,1,348.02,31,0,Ads
6550,66,300,2024-10-07,2,1185.23,59,1,Ads
6551,451,231,2024-06-20,4,1172.78,34,1,Email
6552,190,376,2024-10-15,4,1180.28,13,1,Direct
6553,676,119,2024-03-13,3,532.73,22,1,Email
6554,839,354,2024-10-20,2,1059.64,38,1,Social
6555,730,14,2024-07-10,5,1123.8,41,0,Email
6556,130,303,2024-12-31,5,640.73,19,1,Direct
6557,431,204,2024-12-08,4,296.7,46,1,Ads
6558,404,340,2024-03-31,1,364.21,25,1,Direct
6559,292,377,2024-05-28,5,791.08,56,1,Direct
6560,790,330,2024-03-18,5,976.23,36,0,Direct
6561,207,263,2024-01-02,4,1112.84,51,1,Email
6562,435,144,2024-08-16,4,637.63,58,0,Email
6563,126,321,2024-03-05,1,756.44,44,0,Email
6564,96,373,2024-11-14,5,162.35,54,1,Ads
6565,468,385,2024-12-06,1,356.02,29,0,Email
6566,18,297,2024-01-04,3,476.89,44,0,Ads
6567,382,73,2024-06-23,2,668.26,46,1,Social
6568,127,337,2024-06-02,1,1066.5,14,0,Email
6569,271,397,2024-07-17,5,896.67,29,0,Ads
6570,135,306,2024-12-25,3,202.92,27,0,Email
6571,552,72,2024-05-22,3,272.13,45,1,Social
6572,175,248,2024-07-10,3,485.29,28,1,Email
6573,876,307,2024-05-20,3,531.02,3,1,Email
6574,353,186,2024-09-30,3,549.14,3,1,Social
6575,615,186,2024-01-18,1,610.4,28,0,Direct
6576,672,247,2024-12-14,2,461.95,43,1,Direct
6577,611,186,2024-03-20,5,710.97,49,0,Ads
6578,620,269,2024-12-06,4,391.77,39,1,Ads
6579,240,384,2024-08-13,1,73.62,2,1,Direct
6580,840,91,2024-03-07,1,1012.3,44,0,Email
6581,508,357,2024-06-19,4,116.85,6,0,Social
6582,764,393,2024-04-21,2,719.25,45,1,Direct
6583,216,188,2024-07-29,5,943.06,10,0,Social
6584,386,165,2024-10-17,5,893.81,2,0,Ads
6585,264,64,2024-04-22,4,343.52,31,0,Email
6586,69,353,2024-12-20,1,1160.03,51,0,Social
6587,811,256,2024-04-04,2,805.25,39,1,Email
6588,349,65,2024-08-03,5,135.48,16,0,Ads
6589,931,215,2024-08-17,4,181.5,48,1,Direct
6590,338,181,2024-02-05,5,729.5,47,1,Email
6591,707,42,2024-01-23,5,720.83,43,0,Ads
6592,370,363,2024-05-24,4,776.42,28,1,Email
6593,113,29,2024-10-26,5,156.5,2,1,Email
6594,45,179,2024-02-20,4,628.47,23,1,Ads
6595,893,392,2024-06-07,2,1091.36,40,1,Ads
6596,182,158,2024-09-11,1,211.66,34,0,Email
6597,606,154,2024-11-12,4,863.8,26,0,Email
6598,664,303,2024-03-09,5,275.87,35,1,Ads
6599,911,131,2024-04-10,5,671.22,7,0,Email
6600,77,238,2024-05-23,3,66.27,1,0,Social
6601,89,398,2024-07-03,4,308.57,1,1,Email
6602,148,99,2024-04-20,2,774.87,39,0,Ads
6603,732,345,2024-04-12,3,668.12,1,0,Email
6604,693,125,2024-06-28,5,902.25,58,1,Social
6605,868,228,2024-10-02,2,192.52,7,0,Email
6606,641,399,2024-07-15,3,1016.88,34,1,Direct
6607,26,221,2024-09-07,2,693.62,33,1,Ads
6608,183,14,2024-10-27,5,1062.04,55,1,Email
6609,590,99,2024-03-10,1,987.53,27,1,Direct
6610,688,356,2024-04-05,1,931.92,3,0,Ads
6611,983,293,2024-09-20,2,305.57,17,0,Social
6612,552,312,2024-12-20,2,371.23,1,1,Email
6613,66,19,2024-01-26,5,617.8,44,0,Email
6614,433,80,2024-01-14,5,212.39,56,1,Email
6615,554,259,2024-02-29,3,461.54,13,1,Ads
6616,36,181,2024-07-01,4,279.75,11,0,Ads
6617,292,116,2024-05-23,4,942.78,50,0,Email
6618,820,245,2024-07-21,2,520.12,1,1,Direct
6619,728,393,2024-07-28,5,826.41,32,1,Ads
6620,404,102,2024-02-12,4,818.15,35,0,Email
6621,735,176,2024-01-10,5,971.54,11,0,Social
6622,448,26,2024-10-01,2,435.57,21,1,Email
6623,506,261,2024-05-12,1,109.71,20,0,Social
6624,147,51,2024-05-10,4,755.78,6,1,Email
6625,932,55,2024-02-15,2,624.74,24,1,Ads
6626,258,31,2024-12-21,4,743.96,3,0,Ads
6627,274,97,2024-11-22,5,486.68,23,0,Ads
6628,783,378,2024-03-23,1,747.98,33,1,Social
6629,724,62,2024-07-22,2,1019.71,27,0,Ads
6630,181,270,2024-06-02,2,1014.66,35,1,Ads
6631,580,279,2024-02-29,2,334.21,35,0,Direct
6632,246,368,2024-07-22,1,189.47,44,1,Social
6633,712,96,2024-11-11,4,905.54,38,0,Ads
6634,740,352,2024-04-27,1,438.24,34,0,Email
6635,99,41,2024-07-10,1,604.25,57,0,Email
6636,288,141,2024-02-28,1,66.58,23,1,Email
6637,731,203,2024-06-27,5,1050.72,46,1,Ads
6638,238,371,2024-08-24,5,835.71,18,0,Social
6639,492,58,2024-06-10,1,818.99,1,1,Ads
6640,382,33,2024-11-01,5,1194.67,58,1,Ads
6641,931,302,2024-10-27,5,750.19,9,0,Email
6642,170,379,2024-01-08,5,967.7,6,0,Ads
6643,29,138,2024-06-23,5,735.35,36,0,Direct
6644,213,164,2024-11-09,1,912.69,28,1,Ads
6645,87,181,2024-06-07,2,305.06,45,0,Social
6646,312,82,2024-01-17,4,228.17,13,1,Email
6647,671,80,2024-07-11,2,705.91,3,1,Social
6648,430,390,2024-11-07,4,309.05,16,1,Ads
6649,143,29,2024-03-17,4,230.65,37,0,Social
6650,706,8,2024-11-26,4,1074.81,41,1,Social
6651,511,104,2024-07-27,5,216.67,35,0,Email
6652,797,142,2024-05-04,3,1120.72,44,1,Direct
6653,168,198,2024-09-24,1,184.64,29,0,Ads
6654,241,399,2024-10-20,3,1076.47,48,0,Social
6655,302,386,2024-09-23,3,393.27,34,0,Direct
6656,230,224,2024-05-25,3,876.29,15,1,Email
6657,921,230,2024-09-16,3,198.47,54,0,Social
6658,512,371,2024-01-24,5,627.86,41,0,Ads
6659,825,296,2024-11-10,2,542.17,14,1,Ads
6660,300,259,2024-06-13,1,368.14,39,0,Ads
6661,360,344,2024-11-14,1,564.43,47,0,Ads
6662,261,165,2024-02-20,2,69.45,11,0,Ads
6663,641,144,2024-11-21,3,254.43,54,1,Email
6664,332,346,2024-08-14,5,730.36,35,1,Direct
6665,990,390,2024-11-18,1,642.34,15,1,Email
6666,15,321,2024-07-17,2,214.29,52,0,Ads
6667,103,8,2024-11-13,4,374.47,54,1,Direct
6668,987,189,2024-04-21,5,290.35,36,1,Direct
6669,774,240,2024-10-09,2,854.03,2,1,Direct
6670,571,77,2024-10-05,5,323.83,50,0,Social
6671,256,171,2024-11-14,4,844.29,58,0,Direct
6672,454,375,2024-05-28,3,125.44,52,0,Ads
6673,958,103,2024-12-14,4,249.5,17,0,Direct
6674,192,332,2024-11-22,3,622.4,35,1,Ads
6675,921,44,2024-12-21,3,29.92,31,0,Direct
6676,253,133,2024-12-20,3,1120.44,54,0,Ads
6677,735,104,2024-08-20,4,444.35,8,0,Ads
6678,302,388,2024-11-14,5,1120.94,46,1,Ads
6679,732,376,2024-04-08,3,293.77,60,0,Social
6680,299,140,2024-03-25,1,126.28,41,0,Social
6681,572,326,2024-01-23,5,1171.65,24,0,Social
6682,658,130,2024-11-19,4,805.19,13,1,Email
6683,379,342,2024-11-29,4,543.93,10,1,Direct
6684,917,27,2024-12-10,5,995.26,13,0,Ads
6685,683,93,2024-04-17,4,533.61,12,0,Ads
6686,160,321,2024-04-02,4,1080.0,22,1,Email
6687,504,196,2024-10-24,5,429.83,36,1,Email
6688,848,389,2024-06-25,3,21.24,26,1,Ads
6689,560,282,2024-08-04,1,645.96,19,0,Ads
6690,767,181,2024-11-12,2,640.9,2,0,Social
6691,680,297,2024-05-23,3,467.62,38,1,Direct
6692,327,233,2024-08-03,2,112.44,50,0,Email
6693,19,248,2024-07-05,4,980.16,54,1,Ads
6694,884,37,2024-10-30,2,970.43,33,0,Ads
6695,492,292,2024-10-05,1,520.25,53,1,Email
6696,480,160,2024-09-24,4,742.49,42,0,Ads
6697,264,70,2024-11-20,2,357.52,25,0,Ads
6698,529,356,2024-02-13,3,826.1,12,0,Direct
6699,458,40,2024-06-04,1,83.03,42,1,Direct
6700,560,95,2024-12-23,5,133.81,35,0,Direct
6701,577,316,2024-12-06,2,211.13,42,0,Social
6702,197,236,2024-02-02,3,481.12,35,0,Ads
6703,614,27,2024-06-24,1,786.0,30,1,Direct
6704,733,14,2024-06-05,1,1088.0,15,1,Ads
6705,437,119,2024-07-03,2,622.89,45,1,Email
6706,533,361,2024-05-15,1,1185.46,7,0,Social
6707,416,217,2024-01-18,3,569.36,55,1,Direct
6708,392,97,2024-03-16,2,911.11,53,1,Email
6709,48,223,2024-12-20,4,30.26,44,0,Email
6710,805,318,2024-05-29,3,425.14,39,1,Email
6711,416,382,2024-09-05,2,220.49,19,1,Direct
6712,217,94,2024-01-19,4,888.26,21,1,Ads
6713,639,31,2024-01-19,5,131.28,33,1,Social
6714,309,43,2024-07-25,4,480.17,13,0,Ads
6715,686,213,2024-04-18,3,1044.47,17,1,Ads
6716,358,173,2024-07-01,2,61.4,5,0,Ads
6717,509,36,2024-03-24,2,1151.35,41,0,Direct
6718,983,75,2024-07-13,5,261.8,18,1,Ads
6719,234,198,2024-11-04,2,645.0,17,1,Ads
6720,971,247,2024-07-08,1,1033.01,6,0,Ads
6721,297,197,2024-01-19,3,924.85,34,0,Email
6722,839,123,2024-02-01,4,26.37,18,1,Direct
6723,257,292,2024-05-05,3,186.51,12,1,Ads
6724,254,397,2024-11-25,5,884.04,8,0,Direct
6725,155,199,2024-04-25,2,284.61,55,0,Email
6726,603,307,2024-05-02,3,626.25,3,0,Email
6727,630,198,2024-07-14,1,356.88,36,0,Social
6728,311,171,2024-03-29,1,981.56,5,1,Social
6729,738,244,2024-03-28,3,433.2,9,0,Direct
6730,649,117,2024-03-27,4,255.55,30,1,Ads
6731,926,62,2024-05-20,1,210.85,49,1,Ads
6732,788,365,2024-12-27,5,1069.25,16,1,Social
6733,210,204,2024-10-04,4,613.99,33,1,Direct
6734,979,12,2024-03-14,2,714.73,55,1,Direct
6735,988,52,2024-04-21,4,490.73,3,1,Direct
6736,465,261,2024-12-31,2,226.76,15,0,Direct
6737,823,283,2024-03-03,3,413.92,41,1,Ads
6738,742,312,2024-09-17,4,585.37,51,1,Ads
6739,815,26,2024-10-21,3,829.75,17,1,Ads
6740,334,59,2024-03-01,2,354.27,55,1,Social
6741,195,250,2024-11-29,2,360.89,32,0,Email
6742,72,9,2024-09-27,2,1120.05,19,1,Email
6743,176,289,2024-11-17,4,839.04,47,0,Direct
6744,300,181,2024-12-18,5,747.35,57,0,Social
6745,511,128,2024-03-04,5,218.11,48,1,Direct
6746,507,118,2024-04-16,1,1023.38,53,0,Direct
6747,563,111,2024-09-25,1,1051.36,9,0,Social
6748,5,222,2024-09-13,3,699.31,2,1,Ads
6749,25,385,2024-09-27,4,117.71,57,1,Email
6750,995,6,2024-09-01,3,347.45,31,1,Direct
6751,971,388,2024-06-29,1,610.72,31,1,Direct
6752,666,375,2024-06-07,2,668.31,3,1,Ads
6753,622,251,2024-06-14,3,1149.9,49,0,Email
6754,212,232,2024-03-11,1,980.92,15,0,Email
6755,159,135,2024-03-02,3,978.33,51,0,Ads
6756,84,236,2024-05-05,2,1109.45,43,0,Email
6757,621,48,2024-06-10,2,1080.56,24,1,Social
6758,959,217,2024-08-31,1,1022.4,24,1,Email
6759,293,312,2024-07-06,3,449.24,9,0,Direct
6760,580,388,2024-10-09,1,513.08,38,0,Direct
6761,427,148,2024-11-17,1,574.43,54,1,Email
6762,454,201,2024-11-05,3,818.41,55,0,Social
6763,617,259,2024-09-03,1,736.34,16,0,Social
6764,174,396,2024-01-17,5,991.44,7,1,Social
6765,257,241,2024-01-22,2,827.95,58,0,Email
6766,455,299,2024-08-23,3,979.83,12,1,Direct
6767,46,124,2024-03-17,1,1177.95,53,1,Ads
6768,782,391,2024-03-12,4,667.97,30,0,Social
6769,968,161,2024-07-16,5,665.35,38,1,Ads
6770,211,387,2024-08-12,4,1066.46,59,0,Social
6771,63,301,2024-03-14,5,321.99,16,0,Email
6772,944,331,2024-07-08,1,858.36,28,0,Email
6773,972,271,2024-09-30,3,1037.26,22,0,Email
6774,553,50,2024-09-11,3,697.78,4,0,Direct
6775,352,296,2024-09-12,1,923.07,50,0,Ads
6776,884,47,2024-04-09,2,122.51,9,0,Social
6777,357,202,2024-06-04,1,749.09,12,0,Social
6778,910,172,2024-09-04,5,1121.08,37,1,Ads
6779,980,145,2024-05-21,2,928.51,50,1,Ads
6780,312,353,2024-09-30,5,1020.15,9,1,Direct
6781,931,293,2024-11-13,2,523.68,39,0,Email
6782,193,84,2024-01-04,2,686.67,39,1,Direct
6783,109,301,2024-04-28,3,996.81,19,0,Email
6784,339,240,2024-12-18,5,372.88,43,0,Ads
6785,209,208,2024-09-18,2,978.99,11,0,Ads
6786,439,141,2024-11-06,4,126.88,17,0,Email
6787,965,142,2024-09-24,5,281.34,24,0,Direct
6788,615,320,2024-04-02,5,24.55,42,0,Direct
6789,512,351,2024-07-03,2,848.11,27,0,Social
6790,483,230,2024-09-08,1,295.8,24,0,Email
6791,456,289,2024-05-15,3,123.23,10,1,Direct
6792,583,291,2024-10-07,4,512.69,55,0,Ads
6793,929,311,2024-01-05,4,20.56,53,1,Ads
6794,860,77,2024-05-10,4,981.12,15,0,Direct
6795,31,390,2024-10-26,2,1146.22,13,1,Direct
6796,459,383,2024-12-22,1,1104.71,29,1,Email
6797,484,255,2024-12-04,4,478.88,38,1,Ads
6798,649,216,2024-10-27,2,542.25,14,1,Email
6799,857,357,2024-02-06,5,970.05,45,0,Ads
6800,274,236,2024-07-25,2,289.73,34,0,Social
6801,437,174,2024-05-19,4,62.55,8,1,Email
6802,399,203,2024-11-08,3,969.38,39,0,Direct
6803,227,333,2024-01-30,5,58.74,34,0,Ads
6804,699,312,2024-11-27,5,1004.86,34,1,Direct
6805,571,29,2024-01-05,1,583.79,35,0,Direct
6806,165,137,2024-12-20,5,532.63,58,1,Direct
6807,636,308,2024-03-07,4,1031.65,24,1,Email
6808,565,277,2024-11-05,2,354.0,16,0,Email
6809,877,86,2024-12-19,4,776.98,55,1,Ads
6810,880,182,2024-08-25,1,645.82,59,1,Ads
6811,239,63,2024-12-11,2,857.42,45,0,Social
6812,220,318,2024-06-02,5,378.86,7,0,Ads
6813,360,329,2024-07-05,5,170.0,45,1,Email
6814,537,113,2024-12-10,4,688.29,25,1,Ads
6815,694,92,2024-05-29,1,790.6,3,1,Email
6816,984,350,2024-01-18,3,379.15,41,1,Email
6817,86,318,2024-02-04,2,543.49,4,1,Ads
6818,268,5,2024-06-14,5,770.8,55,1,Social
6819,963,347,2024-01-23,2,554.91,37,1,Ads
6820,139,227,2024-04-03,1,338.21,39,0,Ads
6821,556,297,2024-11-23,3,74.62,25,0,Direct
6822,400,30,2024-08-04,4,1104.04,23,1,Social
6823,81,131,2024-11-11,3,744.89,6,1,Email
6824,796,325,2024-08-07,5,999.89,24,0,Ads
6825,576,49,2024-03-30,1,194.4,45,1,Ads
6826,855,284,2024-09-04,1,925.72,48,0,Ads
6827,602,81,2024-01-02,2,733.63,16,1,Email
6828,337,137,2024-11-24,4,1017.75,3,1,Ads
6829,769,228,2024-01-16,3,1057.13,45,1,Ads
6830,916,225,2024-08-15,3,939.79,24,1,Social
6831,897,195,2024-09-20,4,416.44,22,1,Social
6832,10,299,2024-01-27,4,183.76,59,0,Email
6833,951,330,2024-11-18,2,340.52,35,1,Ads
6834,796,358,2024-07-14,1,390.6,59,0,Social
6835,392,192,2024-09-23,1,429.7,16,0,Social
6836,553,183,2024-12-13,1,457.41,60,0,Social
6837,877,37,2024-05-05,4,1148.87,49,0,Email
6838,696,388,2024-10-16,3,263.45,26,0,Email
6839,952,66,2024-11-24,4,1197.34,37,1,Email
6840,304,188,2024-11-12,1,518.47,36,0,Direct
6841,84,356,2024-08-17,3,717.42,54,0,Ads
6842,878,381,2024-12-27,1,373.05,28,1,Direct
6843,513,202,2024-11-16,3,1162.54,4,1,Direct
6844,482,272,2024-07-23,3,797.47,50,1,Social
6845,500,91,2024-12-25,3,1166.21,49,1,Ads
6846,196,172,2024-05-12,2,53.01,15,1,Direct
6847,902,145,2024-08-24,4,994.35,59,1,Ads
6848,546,218,2024-04-07,3,851.95,36,1,Ads
6849,108,96,2024-07-17,3,800.82,3,0,Email
6850,564,324,2024-08-17,1,461.29,50,1,Email
6851,338,63,2024-05-26,4,964.95,11,0,Direct
6852,222,326,2024-05-31,3,85.11,2,0,Social
6853,41,182,2024-12-12,3,1005.48,1,1,Ads
6854,880,323,2024-04-25,3,473.45,26,0,Direct
6855,389,26,2024-02-01,3,327.08,21,1,Email
6856,9,35,2024-05-25,5,320.01,9,1,Social
6857,185,215,2024-08-16,5,557.05,49,1,Social
6858,495,318,2024-02-21,2,615.98,56,0,Ads
6859,891,82,2024-09-13,5,1106.63,42,0,Email
6860,267,308,2024-07-13,1,702.03,31,1,Direct
6861,543,166,2024-03-22,2,830.69,47,0,Ads
6862,673,356,2024-05-23,1,401.58,32,1,Email
6863,103,183,2024-11-01,3,353.58,4,0,Ads
6864,919,183,2024-04-12,1,1186.4,33,1,Email
6865,468,322,2024-05-27,3,796.7,24,0,Direct
6866,11,64,2024-11-20,2,745.99,34,0,Direct
6867,161,258,2024-06-18,4,399.98,31,1,Social
6868,261,186,2024-01-16,4,435.3,22,0,Direct
6869,971,391,2024-04-10,4,495.12,21,1,Ads
6870,878,214,2024-03-18,1,610.29,49,1,Direct
6871,520,202,2024-06-22,4,704.42,15,0,Direct
6872,162,10,2024-08-15,5,164.65,22,0,Ads
6873,22,275,2024-02-19,3,786.78,36,0,Ads
6874,608,1,2024-06-22,2,108.31,54,1,Social
6875,458,58,2024-07-20,5,489.73,59,1,Social
6876,322,96,2024-05-12,1,108.36,37,1,Ads
6877,125,312,2024-03-31,5,34.74,55,0,Ads
6878,183,398,2024-04-21,1,801.13,2,0,Email
6879,230,146,2024-05-13,5,386.94,8,0,Direct
6880,78,338,2024-08-21,4,1054.3,42,1,Email
6881,638,331,2024-05-13,3,280.67,45,1,Social
6882,749,223,2024-06-07,5,916.64,38,1,Email
6883,559,304,2024-09-18,4,191.1,34,1,Ads
6884,749,288,2024-08-18,3,607.74,2,1,Ads
6885,502,76,2024-03-29,3,746.43,7,1,Email
6886,727,28,2024-11-14,5,1063.73,7,0,Direct
6887,526,67,2024-02-04,3,804.86,45,0,Ads
6888,959,25,2024-05-02,1,1188.35,51,1,Ads
6889,872,227,2024-07-21,2,1140.62,2,0,Direct
6890,568,284,2024-10-19,3,169.68,26,1,Email
6891,850,126,2024-02-20,2,139.46,15,0,Ads
6892,745,361,2024-08-25,2,41.42,60,1,Direct
6893,504,327,2024-09-07,2,198.09,59,0,Email
6894,415,194,2024-03-03,4,181.39,41,1,Social
6895,556,259,2024-02-19,3,718.47,30,0,Direct
6896,682,235,2024-11-04,5,943.84,19,0,Social
6897,214,260,2024-04-05,4,1130.5,30,1,Ads
6898,530,162,2024-12-20,1,351.52,60,1,Email
6899,255,317,2024-01-28,4,110.01,21,1,Email
6900,465,262,2024-11-10,2,120.13,19,0,Social
6901,344,380,2024-05-12,5,772.68,28,0,Email
6902,588,169,2024-04-15,4,362.02,33,0,Social
6903,660,98,2024-12-18,5,1122.91,17,0,Ads
6904,111,139,2024-01-04,3,1044.38,20,0,Ads
6905,517,43,2024-03-08,3,1088.4,22,0,Email
6906,469,389,2024-03-16,5,872.64,19,0,Ads
6907,605,136,2024-02-06,3,25.32,13,1,Social
6908,20,110,2024-10-03,4,265.83,52,0,Direct
6909,835,360,2024-04-01,1,987.41,28,0,Email
6910,701,387,2024-04-12,2,354.63,39,1,Direct
6911,748,157,2024-11-19,3,1016.51,49,0,Email
6912,353,205,2024-02-21,5,725.73,48,1,Direct
6913,265,346,2024-07-16,4,959.59,54,0,Social
6914,342,49,2024-12-19,1,978.47,6,1,Direct
6915,862,334,2024-01-09,1,749.5,27,0,Social
6916,341,166,2024-12-10,1,1111.63,12,1,Direct
6917,519,102,2024-11-16,2,81.07,38,1,Email
6918,851,241,2024-02-17,4,520.24,44,0,Ads
6919,976,144,2024-07-15,2,32.91,24,1,Social
6920,112,51,2024-05-06,3,487.52,44,0,Social
6921,979,172,2024-03-14,1,825.23,44,0,Ads
6922,126,397,2024-11-06,4,1053.29,38,1,Email
6923,583,296,2024-07-05,1,1064.5,33,1,Direct
6924,880,356,2024-05-13,3,504.88,46,1,Email
6925,297,161,2024-10-21,5,555.03,56,0,Ads
6926,186,240,2024-07-10,4,471.52,58,0,Social
6927,222,123,2024-05-11,4,316.77,6,0,Email
6928,263,99,2024-10-24,2,60.02,6,1,Direct
6929,199,109,2024-02-20,2,387.43,14,0,Direct
6930,755,204,2024-12-18,3,1108.95,2,0,Social
6931,420,88,2024-11-17,4,209.6,29,1,Ads
6932,80,13,2024-01-27,4,1101.91,25,1,Ads
6933,20,190,2024-08-07,1,799.62,21,0,Direct
6934,876,366,2024-07-03,5,204.32,8,1,Social
6935,514,310,2024-07-25,5,488.81,25,0,Email
6936,947,212,2024-08-11,4,369.7,3,1,Direct
6937,113,55,2024-09-02,2,1106.56,52,0,Ads
6938,106,18,2024-03-03,4,1024.81,11,1,Direct
6939,741,80,2024-06-19,3,823.97,7,1,Social
6940,233,297,2024-03-13,1,225.87,1,1,Email
6941,440,364,2024-03-19,3,273.98,46,0,Email
6942,2,75,2024-12-13,3,118.43,21,1,Email
6943,864,32,2024-09-30,2,924.17,46,0,Direct
6944,608,82,2024-06-08,3,175.25,55,0,Email
6945,476,165,2024-01-31,4,98.6,27,0,Social
6946,853,232,2024-03-11,3,380.62,33,1,Ads
6947,167,386,2024-04-25,2,1147.61,32,1,Direct
6948,161,234,2024-09-01,3,1010.21,41,1,Social
6949,454,254,2024-11-19,2,682.03,13,1,Direct
6950,485,379,2024-02-13,1,30.93,30,1,Ads
6951,31,295,2024-09-15,4,1103.03,18,1,Social
6952,972,175,2024-04-24,3,213.4,27,0,Email
6953,785,59,2024-08-29,1,1003.18,41,1,Ads
6954,250,124,2024-07-15,3,968.46,57,1,Email
6955,792,4,2024-02-01,5,356.04,30,0,Email
6956,192,28,2024-05-27,2,958.71,16,0,Ads
6957,243,122,2024-09-03,1,857.6,35,0,Email
6958,376,207,2024-01-13,5,146.6,10,0,Email
6959,894,159,2024-04-17,1,449.52,37,1,Ads
6960,174,106,2024-08-18,3,827.28,25,1,Direct
6961,983,148,2024-10-12,4,524.22,28,0,Social
6962,795,166,2024-09-04,5,283.92,26,1,Ads
6963,712,379,2024-05-28,5,296.63,31,1,Social
6964,885,64,2024-09-08,4,169.5,45,0,Direct
6965,99,135,2024-10-13,1,1159.03,58,1,Email
6966,937,213,2024-02-11,5,546.49,56,1,Direct
6967,614,265,2024-06-10,5,933.34,50,0,Email
6968,87,33,2024-12-20,3,912.28,32,1,Direct
6969,882,287,2024-05-02,1,29.15,59,1,Direct
6970,118,146,2024-10-02,4,1110.01,31,1,Direct
6971,196,56,2024-11-11,1,366.82,16,1,Ads
6972,117,26,2024-11-27,3,686.39,9,0,Ads
6973,822,44,2024-02-09,3,841.83,48,1,Direct
6974,162,315,2024-02-28,1,849.18,40,0,Ads
6975,1,318,2024-07-18,1,224.5,13,0,Email
6976,732,116,2024-02-15,4,581.67,39,1,Email
6977,847,216,2024-04-11,5,807.8,59,1,Email
6978,580,73,2024-03-01,5,1021.32,57,0,Email
6979,851,378,2024-10-14,4,1131.64,31,0,Direct
6980,417,226,2024-06-23,5,302.22,14,0,Social
6981,502,179,2024-09-03,2,352.73,6,1,Direct
6982,16,348,2024-05-14,5,354.09,47,1,Social
6983,756,273,2024-02-04,2,71.77,22,0,Email
6984,459,162,2024-10-14,1,1080.26,11,1,Direct
6985,656,313,2024-09-17,4,378.61,55,0,Direct
6986,805,131,2024-03-10,2,297.07,58,1,Social
6987,511,211,2024-07-18,5,726.99,49,1,Social
6988,357,151,2024-11-07,2,396.54,55,0,Ads
6989,964,343,2024-12-31,4,274.07,29,1,Social
6990,166,12,2024-11-04,2,1189.31,9,0,Social
6991,799,4,2024-10-27,5,87.83,49,1,Social
6992,186,113,2024-08-10,1,457.34,37,0,Ads
6993,22,314,2024-01-14,3,461.48,38,0,Ads
6994,124,296,2024-02-26,5,357.91,51,1,Social
6995,932,39,2024-06-07,1,524.12,12,1,Ads
6996,500,259,2024-07-05,4,363.05,53,1,Ads
6997,355,189,2024-03-29,3,118.95,23,0,Ads
6998,562,282,2024-06-10,5,1018.38,51,0,Direct
6999,564,186,2024-11-30,4,732.27,27,0,Email
7000,422,120,2024-06-06,3,731.61,56,1,Email
7001,518,178,2024-12-26,5,152.05,17,0,Ads
7002,229,213,2024-04-06,4,934.27,28,0,Direct
7003,934,156,2024-02-05,4,705.38,58,1,Email
7004,940,59,2024-09-10,4,1111.71,17,1,Email
7005,13,307,2024-12-02,1,375.39,11,0,Social
7006,879,279,2024-06-03,2,603.47,52,0,Direct
7007,489,328,2024-04-09,1,190.48,15,0,Direct
7008,25,397,2024-07-04,4,207.0,38,0,Email
7009,987,31,2024-12-24,4,761.35,50,1,Email
7010,941,295,2024-04-28,1,1041.07,10,0,Direct
7011,299,246,2024-09-18,4,263.63,13,0,Direct
7012,358,207,2024-11-25,1,673.43,44,0,Email
7013,151,340,2024-02-22,2,777.55,46,0,Email
7014,610,46,2024-07-26,1,815.47,18,0,Direct
7015,555,387,2024-08-26,1,1150.91,41,1,Direct
7016,679,272,2024-10-08,5,1049.87,12,0,Email
7017,72,229,2024-05-09,5,1054.36,49,1,Direct
7018,995,202,2024-07-20,2,988.87,45,1,Email
7019,856,400,2024-09-23,3,928.59,3,0,Ads
7020,844,76,2024-03-23,5,548.51,33,1,Direct
7021,208,283,2024-08-16,2,550.06,11,1,Ads
7022,305,9,2024-01-11,5,176.18,36,0,Social
7023,462,226,2024-01-20,2,776.47,19,1,Direct
7024,576,251,2024-09-13,1,233.43,31,1,Email
7025,297,51,2024-05-01,4,218.5,14,0,Social
7026,296,119,2024-04-13,3,1004.72,32,1,Ads
7027,973,385,2024-07-22,3,850.09,9,0,Email
7028,201,189,2024-12-10,3,643.47,6,0,Direct
7029,8,42,2024-03-26,2,88.45,48,0,Social
7030,776,252,2024-02-14,1,482.1,1,0,Direct
7031,179,195,2024-07-16,3,110.37,8,1,Email
7032,990,363,2024-11-02,4,349.02,38,1,Social
7033,556,169,2024-04-11,5,969.54,16,0,Direct
7034,639,278,2024-08-05,1,180.83,58,0,Email
7035,77,3,2024-11-19,1,168.3,15,1,Email
7036,582,16,2024-06-30,1,118.17,4,1,Ads
7037,203,173,2024-03-09,3,1005.4,14,1,Direct
7038,534,116,2024-07-21,3,765.1,50,0,Social
7039,36,190,2024-01-30,1,85.81,19,1,Ads
7040,170,1,2024-09-15,5,1099.2,14,0,Social
7041,994,293,2024-05-20,5,211.24,2,0,Email
7042,849,113,2024-04-22,5,952.04,6,0,Social
7043,571,142,2024-07-25,5,629.03,9,0,Social
7044,944,267,2024-10-20,2,728.41,8,1,Email
7045,691,165,2024-05-15,2,1021.83,59,0,Social
7046,679,308,2024-11-26,5,21.14,38,0,Ads
7047,256,25,2024-08-04,4,1044.29,29,0,Email
7048,77,52,2024-04-11,1,325.56,55,1,Email
7049,370,145,2024-02-02,3,827.54,33,0,Direct
7050,728,174,2024-02-17,4,625.64,42,0,Ads
7051,512,114,2024-06-19,2,941.06,30,1,Ads
7052,488,344,2024-03-27,3,666.54,23,1,Ads
7053,784,220,2024-01-22,1,77.23,47,0,Direct
7054,731,294,2024-01-11,5,854.48,12,1,Direct
7055,870,377,2024-06-24,1,185.72,25,0,Social
7056,201,113,2024-10-05,3,245.46,43,1,Email
7057,934,185,2024-07-23,4,85.77,49,1,Direct
7058,312,88,2024-09-04,5,603.91,11,1,Social
7059,650,211,2024-02-25,4,517.53,7,1,Direct
7060,816,188,2024-11-22,4,777.69,23,1,Email
7061,642,104,2024-04-28,1,99.14,26,0,Social
7062,96,23,2024-01-31,1,883.08,9,0,Email
7063,929,16,2024-03-03,5,629.59,39,0,Social
7064,269,109,2024-07-22,1,1197.04,14,0,Social
7065,416,1,2024-06-12,1,831.65,3,0,Social
7066,582,53,2024-12-28,3,101.87,41,0,Email
7067,174,150,2024-02-09,3,983.87,46,1,Social
7068,309,350,2024-05-30,2,229.89,16,0,Direct
7069,340,314,2024-05-09,1,1153.91,53,1,Direct
7070,652,378,2024-03-11,1,514.39,9,0,Social
7071,326,20,2024-09-17,1,436.18,9,1,Social
7072,458,326,2024-08-12,1,632.15,56,1,Email
7073,899,62,2024-01-30,1,912.8,42,1,Direct
7074,463,270,2024-01-26,5,231.05,42,0,Email
7075,820,157,2024-10-17,5,401.31,60,0,Social
7076,433,239,2024-03-26,5,944.64,29,0,Email
7077,480,42,2024-07-18,3,665.93,56,1,Ads
7078,793,82,2024-07-16,2,1117.55,46,1,Email
7079,871,263,2024-08-03,2,1060.96,43,0,Social
7080,850,359,2024-01-07,2,575.74,48,1,Email
7081,125,217,2024-02-28,3,1104.25,26,1,Social
7082,920,262,2024-07-06,3,1001.08,11,1,Email
7083,4,239,2024-01-22,5,452.15,53,0,Ads
7084,136,233,2024-04-21,1,574.73,43,1,Direct
7085,487,59,2024-02-20,4,890.0,31,1,Email
7086,261,40,2024-04-23,3,271.07,47,1,Direct
7087,670,356,2024-08-31,1,181.81,30,0,Direct
7088,683,79,2024-04-11,3,901.9,48,0,Ads
7089,768,310,2024-06-29,1,253.31,37,0,Ads
7090,472,114,2024-01-08,5,684.3,1,0,Social
7091,592,84,2024-04-22,4,138.82,22,0,Social
7092,331,342,2024-03-31,3,152.29,13,1,Social
7093,599,210,2024-02-19,2,510.5,58,0,Social
7094,982,52,2024-03-27,5,84.99,3,0,Direct
7095,398,129,2024-08-08,1,929.1,52,0,Direct
7096,467,28,2024-10-23,4,78.2,53,0,Email
7097,207,344,2024-03-19,5,967.83,22,1,Email
7098,169,23,2024-11-14,4,847.03,12,1,Ads
7099,233,154,2024-07-16,2,1070.98,9,0,Ads
7100,824,99,2024-09-11,4,1125.79,50,1,Ads
7101,207,319,2024-06-05,5,487.26,46,1,Email
7102,331,28,2024-03-18,4,810.38,51,0,Direct
7103,361,378,2024-10-04,2,754.42,48,0,Email
7104,173,240,2024-03-05,4,973.63,58,1,Ads
7105,58,4,2024-10-07,5,978.11,45,0,Ads
7106,558,303,2024-02-02,3,17.49,43,0,Email
7107,157,179,2024-05-13,2,189.11,49,1,Direct
7108,217,291,2024-03-31,2,1008.79,42,0,Social
7109,994,126,2024-04-20,1,706.84,53,0,Ads
7110,588,346,2024-07-11,2,1031.74,52,0,Email
7111,172,326,2024-11-20,2,172.2,37,1,Email
7112,559,310,2024-05-22,1,945.06,34,0,Ads
7113,292,167,2024-08-02,2,913.65,58,0,Email
7114,802,263,2024-02-08,1,813.82,15,1,Direct
7115,828,384,2024-08-06,2,202.54,31,1,Direct
7116,561,371,2024-11-11,5,396.92,19,0,Email
7117,466,291,2024-07-05,5,1082.28,31,1,Email
7118,467,296,2024-08-15,5,833.95,38,0,Social
7119,785,377,2024-11-05,2,1098.59,37,0,Ads
7120,217,4,2024-12-19,2,403.2,24,1,Social
7121,331,139,2024-09-23,3,500.89,28,0,Direct
7122,460,21,2024-06-06,1,953.85,53,1,Direct
7123,766,256,2024-03-10,4,205.33,17,0,Email
7124,58,74,2024-05-09,2,1179.05,1,1,Direct
7125,467,48,2024-04-24,2,703.11,1,1,Email
7126,167,326,2024-02-14,3,255.2,20,0,Social
7127,788,259,2024-06-26,1,230.95,41,1,Email
7128,64,146,2024-05-26,5,534.21,1,1,Direct
7129,322,354,2024-10-09,2,963.32,11,1,Ads
7130,100,178,2024-01-15,5,986.63,42,0,Ads
7131,866,113,2024-02-03,1,1091.74,39,0,Direct
7132,576,141,2024-07-04,2,529.63,42,1,Ads
7133,947,226,2024-03-08,4,1199.08,50,1,Email
7134,293,39,2024-01-30,3,267.22,50,0,Social
7135,635,266,2024-08-22,5,1035.23,19,1,Email
7136,818,237,2024-06-19,2,253.4,8,1,Social
7137,392,255,2024-08-22,3,916.86,31,0,Email
7138,218,136,2024-11-25,3,228.79,49,1,Email
7139,103,102,2024-10-09,2,909.31,3,0,Direct
7140,274,67,2024-01-20,4,170.14,17,1,Direct
7141,870,124,2024-03-18,1,1182.79,11,1,Email
7142,186,365,2024-09-24,4,93.58,3,1,Direct
7143,166,173,2024-01-26,3,1073.25,20,0,Ads
7144,995,75,2024-06-23,1,1141.98,52,1,Ads
7145,238,19,2024-09-06,2,666.57,20,1,Email
7146,323,257,2024-04-10,5,402.92,49,1,Social
7147,855,213,2024-08-09,5,504.85,17,0,Ads
7148,80,336,2024-12-05,1,261.76,38,1,Direct
7149,735,294,2024-07-12,2,498.92,39,0,Ads
7150,144,382,2024-12-13,1,433.64,59,0,Ads
7151,591,358,2024-03-23,5,1057.89,25,0,Ads
7152,166,324,2024-06-08,1,15.75,19,1,Email
7153,513,137,2024-06-04,3,1036.11,39,1,Direct
7154,471,296,2024-06-30,3,358.92,6,0,Social
7155,368,163,2024-05-21,1,146.85,55,0,Direct
7156,92,198,2024-05-07,1,606.93,51,1,Direct
7157,420,54,2024-06-15,4,228.67,15,0,Email
7158,505,188,2024-07-12,2,1043.98,48,1,Direct
7159,322,123,2024-02-20,5,21.68,42,0,Email
7160,342,176,2024-12-08,1,130.42,16,0,Direct
7161,840,307,2024-02-03,4,658.53,44,1,Direct
7162,998,77,2024-12-16,1,98.6,53,1,Ads
7163,700,214,2024-10-01,5,451.97,8,1,Direct
7164,42,165,2024-04-19,2,592.72,13,1,Ads
7165,886,102,2024-02-17,4,758.81,9,1,Direct
7166,488,284,2024-10-08,2,515.86,11,0,Ads
7167,677,82,2024-03-30,3,644.93,57,1,Social
7168,863,242,2024-06-24,5,95.7,33,0,Ads
7169,358,4,2024-10-27,4,577.48,14,1,Ads
7170,651,46,2024-10-04,5,619.65,4,1,Ads
7171,756,85,2024-10-01,4,1125.6,14,1,Social
7172,432,89,2024-07-01,3,1051.65,3,0,Ads
7173,872,30,2024-03-20,2,992.4,45,0,Direct
7174,250,142,2024-10-28,5,1051.9,41,1,Direct
7175,254,104,2024-03-19,4,463.26,26,1,Direct
7176,510,361,2024-05-02,4,909.3,50,0,Social
7177,255,318,2024-08-07,3,100.15,15,1,Direct
7178,983,97,2024-12-06,2,267.8,29,0,Social
7179,130,393,2024-04-16,3,240.42,20,1,Social
7180,593,219,2024-08-25,1,296.62,14,0,Social
7181,296,92,2024-01-04,5,143.26,10,0,Email
7182,478,350,2024-05-26,2,36.41,1,1,Ads
7183,290,279,2024-01-04,3,842.77,49,0,Social
7184,132,289,2024-10-23,5,1030.04,36,0,Ads
7185,614,134,2024-01-18,1,1029.69,16,1,Social
7186,885,206,2024-11-20,1,164.34,20,1,Ads
7187,553,249,2024-05-24,4,503.5,9,1,Direct
7188,255,296,2024-12-04,2,494.47,34,1,Direct
7189,423,336,2024-08-27,3,466.93,48,0,Social
7190,126,246,2024-01-29,2,1045.58,3,1,Direct
7191,961,347,2024-08-19,2,175.99,28,1,Social
7192,225,184,2024-07-08,3,952.14,17,1,Email
7193,408,44,2024-12-01,5,866.71,22,1,Email
7194,581,324,2024-02-07,4,357.58,28,0,Social
7195,582,326,2024-04-20,4,347.72,42,0,Email
7196,969,26,2024-06-06,4,204.01,51,0,Direct
7197,130,309,2024-02-10,4,882.6,35,1,Direct
7198,170,391,2024-12-14,3,1174.62,47,1,Ads
7199,501,299,2024-02-17,2,1134.18,16,0,Ads
7200,385,399,2024-07-29,5,991.13,33,0,Direct
7201,446,199,2024-04-17,1,1061.78,9,0,Social
7202,438,16,2024-09-15,1,773.4,19,0,Direct
7203,953,264,2024-11-10,2,1075.64,7,0,Ads
7204,735,346,2024-02-07,3,935.23,8,0,Email
7205,876,42,2024-05-24,5,17.82,39,0,Direct
7206,948,319,2024-07-13,5,313.62,26,1,Ads
7207,663,36,2024-06-04,4,231.12,34,1,Ads
7208,60,193,2024-07-16,5,882.27,52,0,Direct
7209,140,386,2024-09-23,1,137.44,19,1,Social
7210,646,83,2024-10-26,1,329.18,29,1,Direct
7211,154,204,2024-10-07,2,640.73,26,0,Social
7212,916,209,2024-07-09,5,311.81,7,0,Direct
7213,801,331,2024-04-23,2,933.44,27,1,Email
7214,106,364,2024-07-15,5,333.46,38,0,Direct
7215,844,279,2024-04-30,4,474.16,32,0,Social
7216,954,398,2024-04-15,1,580.68,21,0,Direct
7217,694,155,2024-09-24,2,672.91,21,0,Direct
7218,581,96,2024-09-03,2,496.49,45,0,Ads
7219,640,169,2024-05-09,1,1023.68,2,0,Social
7220,493,385,2024-06-16,2,708.12,31,1,Social
7221,685,116,2024-02-18,3,1161.22,37,0,Social
7222,852,33,2024-08-21,5,1189.88,16,1,Social
7223,414,271,2024-08-04,1,880.95,54,0,Ads
7224,894,308,2024-08-12,5,582.17,57,0,Social
7225,307,1,2024-02-19,4,26.8,44,0,Social
7226,37,239,2024-11-08,1,555.49,44,1,Social
7227,917,297,2024-10-15,2,943.82,60,0,Direct
7228,91,305,2024-12-03,2,601.21,44,1,Email
7229,433,21,2024-07-12,2,176.44,7,1,Email
7230,436,261,2024-12-03,4,308.04,2,0,Social
7231,95,136,2024-11-30,5,119.37,58,1,Email
7232,1,270,2024-05-04,5,104.55,35,1,Direct
7233,714,255,2024-06-06,1,1067.29,46,1,Ads
7234,591,356,2024-12-10,1,242.55,4,1,Email
7235,359,189,2024-09-20,2,746.98,20,0,Direct
7236,434,164,2024-06-24,3,336.53,18,0,Ads
7237,978,132,2024-08-16,5,344.66,60,0,Direct
7238,30,273,2024-12-02,4,546.98,53,0,Ads
7239,590,154,2024-03-28,5,1026.6,30,1,Direct
7240,635,399,2024-06-11,4,550.96,13,0,Social
7241,473,121,2024-03-11,3,142.41,24,0,Direct
7242,244,231,2024-01-26,1,205.11,38,1,Social
7243,449,41,2024-11-04,4,357.38,55,1,Ads
7244,961,180,2024-12-09,4,546.46,41,0,Ads
7245,513,124,2024-05-15,2,1105.67,2,1,Social
7246,715,216,2024-10-16,3,1065.24,58,1,Social
7247,355,255,2024-05-13,1,238.82,55,0,Email
7248,28,126,2024-02-09,2,917.07,21,1,Direct
7249,699,257,2024-11-21,1,799.0,58,0,Email
7250,407,135,2024-02-02,2,1044.27,9,1,Social
7251,311,89,2024-05-04,5,44.34,56,1,Direct
7252,648,327,2024-01-10,4,60.54,26,0,Social
7253,731,142,2024-06-18,4,522.8,11,1,Ads
7254,689,97,2024-08-10,2,1122.8,39,0,Direct
7255,794,166,2024-11-12,1,965.83,46,0,Social
7256,456,186,2024-01-16,1,896.83,37,0,Ads
7257,355,89,2024-12-09,2,214.22,50,0,Email
7258,942,202,2024-06-22,4,1118.02,55,1,Ads
7259,810,316,2024-08-03,5,601.8,18,1,Direct
7260,140,390,2024-12-23,5,636.31,41,1,Ads
7261,677,312,2024-02-07,1,960.57,51,0,Email
7262,395,157,2024-10-31,2,504.7,42,1,Social
7263,14,326,2024-03-29,1,708.94,11,1,Social
7264,565,399,2024-05-31,3,687.17,50,1,Ads
7265,138,281,2024-05-19,1,483.86,42,1,Direct
7266,839,392,2024-01-24,5,549.64,13,1,Ads
7267,256,203,2024-10-21,1,191.41,38,1,Direct
7268,926,187,2024-05-03,3,255.61,10,0,Direct
7269,375,17,2024-10-16,1,331.29,12,1,Social
7270,103,103,2024-09-08,4,830.48,46,1,Direct
7271,879,302,2024-03-04,2,792.03,48,0,Ads
7272,414,57,2024-06-27,5,1053.33,4,0,Ads
7273,245,276,2024-08-31,5,1068.52,55,1,Social
7274,97,341,2024-02-17,2,633.74,16,1,Social
7275,760,380,2024-09-17,3,59.31,45,0,Email
7276,988,173,2024-01-25,2,176.77,40,1,Email
7277,293,386,2024-07-05,3,109.85,9,0,Social
7278,490,330,2024-12-21,3,286.37,5,1,Direct
7279,720,66,2024-06-12,3,244.52,28,1,Direct
7280,279,140,2024-08-20,3,317.63,59,0,Ads
7281,615,225,2024-11-29,2,306.19,1,1,Direct
7282,338,27,2024-12-01,3,227.63,4,0,Ads
7283,317,206,2024-07-26,2,61.08,40,0,Social
7284,104,158,2024-05-16,3,418.3,58,0,Ads
7285,134,329,2024-06-23,1,549.14,6,0,Social
7286,443,161,2024-10-21,1,234.0,2,1,Email
7287,653,12,2024-01-12,5,87.29,38,0,Email
7288,672,27,2024-10-31,3,56.56,50,0,Social
7289,875,341,2024-02-26,4,188.93,46,0,Email
7290,732,233,2024-11-10,2,235.94,51,0,Direct
7291,701,129,2024-09-22,2,150.55,16,0,Ads
7292,251,249,2024-04-19,4,516.2,22,0,Direct
7293,973,283,2024-10-31,5,935.49,27,1,Social
7294,951,199,2024-01-26,5,1142.65,47,0,Email
7295,626,236,2024-06-21,5,673.01,14,0,Social
7296,370,388,2024-02-01,5,147.44,47,0,Ads
7297,683,354,2024-04-28,4,637.12,14,1,Direct
7298,222,379,2024-01-07,1,1008.34,38,1,Social
7299,712,171,2024-01-12,4,670.76,41,0,Social
7300,251,144,2024-04-11,1,582.6,15,0,Email
7301,42,305,2024-10-05,4,1027.62,34,1,Ads
7302,215,158,2024-09-30,5,643.94,49,0,Social
7303,36,379,2024-02-08,2,53.86,26,1,Social
7304,427,240,2024-04-14,5,309.42,48,0,Social
7305,780,288,2024-03-31,5,1169.55,3,1,Direct
7306,424,99,2024-10-12,1,80.83,52,0,Email
7307,626,112,2024-05-05,1,279.44,18,0,Email
7308,223,127,2024-04-19,5,646.88,24,1,Email
7309,612,178,2024-08-24,1,262.76,5,1,Email
7310,516,287,2024-08-09,1,373.44,19,0,Direct
7311,397,124,2024-09-27,4,48.37,55,1,Direct
7312,733,153,2024-10-25,2,559.28,2,1,Ads
7313,385,145,2024-03-26,1,504.13,58,1,Email
7314,885,308,2024-06-11,5,1011.55,26,0,Ads
7315,398,144,2024-04-11,3,690.78,23,1,Ads
7316,659,360,2024-01-05,5,90.12,10,1,Ads
7317,546,207,2024-07-26,1,587.58,5,1,Social
7318,883,388,2024-12-11,1,468.54,23,0,Email
7319,28,294,2024-01-17,1,843.63,57,0,Ads
7320,694,258,2024-06-09,1,172.82,33,0,Email
7321,2,64,2024-02-09,1,571.98,32,1,Direct
7322,327,372,2024-05-22,4,118.2,37,1,Social
7323,336,136,2024-06-02,2,1129.36,12,1,Social
7324,420,28,2024-08-19,5,191.21,42,0,Direct
7325,243,98,2024-02-03,2,1082.28,57,0,Email
7326,417,129,2024-05-14,1,518.22,27,1,Ads
7327,430,382,2024-09-10,3,282.6,24,1,Ads
7328,845,386,2024-05-12,1,610.32,28,1,Email
7329,892,107,2024-07-13,4,276.19,51,0,Direct
7330,265,170,2024-01-22,2,479.75,40,0,Email
7331,306,334,2024-04-10,4,460.02,56,0,Social
7332,726,289,2024-06-03,2,98.05,2,1,Ads
7333,170,224,2024-03-20,4,507.91,40,1,Social
7334,503,165,2024-01-16,1,432.53,40,1,Email
7335,54,95,2024-12-01,3,663.71,49,0,Direct
7336,963,72,2024-07-30,4,883.59,14,1,Direct
7337,196,244,2024-10-22,5,847.63,48,0,Ads
7338,684,377,2024-02-12,1,623.92,17,1,Email
7339,87,175,2024-03-04,4,378.14,55,1,Direct
7340,510,262,2024-03-17,4,704.83,58,0,Email
7341,388,345,2024-03-02,3,306.98,9,1,Social
7342,330,227,2024-06-09,2,1140.66,21,1,Direct
7343,107,262,2024-03-22,3,1118.68,30,0,Social
7344,314,160,2024-09-02,1,499.61,1,0,Social
7345,216,381,2024-01-20,3,725.92,49,1,Email
7346,617,88,2024-05-31,2,468.44,19,0,Email
7347,713,203,2024-05-27,5,833.99,14,1,Ads
7348,422,395,2024-05-09,2,953.91,22,1,Direct
7349,311,209,2024-09-06,5,917.34,20,0,Social
7350,795,214,2024-03-28,5,354.72,42,0,Direct
7351,919,21,2024-05-02,4,343.32,60,0,Ads
7352,611,121,2024-01-24,5,421.81,14,1,Social
7353,862,26,2024-10-28,3,141.82,47,0,Email
7354,474,123,2024-03-28,1,977.49,19,0,Direct
7355,392,293,2024-02-05,3,1055.47,43,1,Email
7356,634,10,2024-04-02,4,531.38,5,1,Social
7357,501,181,2024-06-25,2,943.64,58,1,Direct
7358,681,300,2024-04-06,5,1084.6,14,1,Social
7359,281,123,2024-11-28,2,551.74,32,1,Social
7360,371,160,2024-09-25,1,317.14,39,1,Social
7361,439,163,2024-12-01,4,635.12,12,0,Social
7362,686,327,2024-02-10,4,1152.49,41,1,Social
7363,646,111,2024-03-17,5,1056.68,29,0,Direct
7364,382,231,2024-04-09,3,848.13,43,1,Direct
7365,797,10,2024-03-11,5,799.95,8,0,Social
7366,945,351,2024-11-22,2,45.52,12,0,Direct
7367,317,275,2024-02-13,4,278.84,26,0,Direct
7368,459,93,2024-01-05,3,475.01,9,0,Ads
7369,712,299,2024-03-03,4,509.28,11,1,Social
7370,730,166,2024-11-02,2,138.95,11,0,Email
7371,151,195,2024-06-20,3,678.34,38,0,Email
7372,804,170,2024-12-23,4,903.3,13,0,Direct
7373,190,302,2024-07-29,2,404.83,42,0,Direct
7374,533,318,2024-05-27,4,638.12,5,1,Ads
7375,605,264,2024-12-23,3,925.51,18,1,Social
7376,153,128,2024-09-19,2,245.16,5,1,Social
7377,729,241,2024-07-06,4,74.16,57,1,Social
7378,588,251,2024-05-31,2,843.9,55,1,Direct
7379,325,40,2024-06-28,2,1019.87,20,0,Direct
7380,460,218,2024-10-10,3,625.82,40,0,Direct
7381,454,292,2024-08-05,1,311.25,52,1,Ads
7382,90,55,2024-04-03,5,371.47,40,1,Email
7383,959,125,2024-03-21,2,435.41,25,1,Ads
7384,554,250,2024-12-22,4,328.79,8,0,Social
7385,629,152,2024-02-11,2,554.55,56,0,Direct
7386,415,89,2024-03-25,3,282.11,15,1,Direct
7387,104,308,2024-09-28,1,24.35,3,0,Ads
7388,78,213,2024-05-20,2,699.29,9,0,Email
7389,785,377,2024-01-09,2,367.24,8,1,Email
7390,935,78,2024-10-21,4,1170.27,57,0,Direct
7391,876,386,2024-04-19,2,942.96,27,0,Social
7392,481,193,2024-05-12,4,207.37,46,1,Social
7393,547,394,2024-10-09,3,1070.05,32,1,Direct
7394,51,328,2024-08-04,2,902.02,19,0,Ads
7395,283,95,2024-09-13,5,251.32,5,0,Ads
7396,844,298,2024-02-15,4,715.28,33,0,Ads
7397,733,315,2024-08-28,5,570.01,36,1,Direct
7398,571,398,2024-08-01,4,1163.8,42,1,Ads
7399,374,374,2024-06-29,5,294.31,38,1,Email
7400,218,183,2024-09-17,4,1131.79,27,1,Direct
7401,47,220,2024-09-06,5,42.87,6,0,Direct
7402,495,64,2024-09-03,5,416.88,32,0,Email
7403,596,192,2024-05-09,4,291.52,48,0,Ads
7404,287,344,2024-11-30,5,1115.23,27,1,Email
7405,78,25,2024-09-13,5,120.78,43,0,Social
7406,217,179,2024-02-03,1,769.36,7,0,Email
7407,194,236,2024-08-09,3,370.14,20,0,Email
7408,602,223,2024-11-09,4,967.47,17,0,Direct
7409,720,162,2024-12-01,1,705.14,4,1,Ads
7410,878,118,2024-11-23,4,123.74,57,1,Email
7411,408,28,2024-05-11,3,713.12,46,0,Ads
7412,752,164,2024-03-17,1,75.87,43,1,Email
7413,263,241,2024-11-28,4,494.69,24,0,Email
7414,397,56,2024-03-19,2,909.9,2,0,Email
7415,695,50,2024-09-29,1,587.78,14,0,Direct
7416,1000,343,2024-01-09,1,442.77,30,0,Ads
7417,107,140,2024-01-20,3,681.55,3,1,Direct
7418,699,229,2024-08-12,1,80.59,54,0,Email
7419,726,388,2024-09-13,5,896.35,29,0,Direct
7420,470,370,2024-07-17,2,352.19,11,0,Direct
7421,929,110,2024-05-06,4,1044.31,35,0,Social
7422,901,82,2024-01-31,3,642.97,21,0,Social
7423,357,61,2024-01-16,1,402.44,45,1,Email
7424,157,291,2024-01-18,4,1079.17,38,0,Ads
7425,912,373,2024-07-01,1,999.0,59,0,Social
7426,316,310,2024-12-02,3,1016.69,23,0,Social
7427,124,353,2024-09-14,1,1187.6,1,1,Email
7428,316,168,2024-01-12,5,233.34,54,1,Direct
7429,820,216,2024-01-28,3,1106.84,2,1,Ads
7430,35,115,2024-11-21,5,389.64,21,0,Direct
7431,456,385,2024-04-27,2,1026.64,48,1,Email
7432,163,268,2024-08-08,1,1129.35,10,0,Ads
7433,682,265,2024-09-22,5,850.98,19,0,Direct
7434,598,16,2024-01-04,1,287.99,28,0,Email
7435,948,66,2024-11-01,4,590.09,49,0,Social
7436,751,153,2024-02-14,1,1064.94,10,1,Email
7437,365,148,2024-10-16,3,735.07,58,0,Ads
7438,926,399,2024-07-19,2,565.99,39,1,Direct
7439,655,158,2024-11-02,5,863.64,29,1,Direct
7440,296,389,2024-05-19,4,335.99,35,0,Direct
7441,925,11,2024-12-09,4,263.92,41,0,Social
7442,472,288,2024-12-18,2,121.44,58,0,Direct
7443,648,72,2024-11-22,3,526.78,6,0,Direct
7444,673,82,2024-10-16,2,614.28,54,1,Ads
7445,285,321,2024-04-05,3,404.89,5,0,Ads
7446,185,100,2024-02-16,5,704.55,23,1,Email
7447,858,163,2024-02-26,5,283.7,47,0,Email
7448,385,262,2024-06-21,1,355.18,52,1,Direct
7449,434,312,2024-01-02,4,1041.23,54,1,Direct
7450,380,103,2024-01-31,4,206.61,15,0,Email
7451,186,178,2024-06-28,2,664.11,9,0,Ads
7452,8,326,2024-06-13,5,341.42,45,0,Social
7453,436,145,2024-05-29,1,278.84,49,1,Ads
7454,447,389,2024-08-15,1,1092.05,51,1,Direct
7455,298,334,2024-11-22,2,1036.39,20,1,Ads
7456,379,261,2024-12-01,3,930.1,15,0,Email
7457,895,220,2024-05-13,3,106.85,54,1,Ads
7458,971,57,2024-01-04,1,149.02,19,0,Email
7459,639,272,2024-01-04,1,973.4,58,1,Social
7460,516,377,2024-04-10,3,1124.49,27,0,Email
7461,639,165,2024-05-24,3,1119.5,15,0,Direct
7462,491,399,2024-09-07,2,299.33,51,0,Email
7463,425,289,2024-03-20,2,266.05,21,0,Direct
7464,411,201,2024-06-21,1,859.26,14,1,Social
7465,764,35,2024-06-03,2,190.47,15,1,Email
7466,178,18,2024-02-23,5,230.0,24,0,Social
7467,463,85,2024-02-10,5,587.68,12,1,Direct
7468,898,343,2024-03-11,3,375.15,36,1,Email
7469,48,378,2024-09-13,4,621.35,42,0,Direct
7470,110,329,2024-09-15,1,947.37,41,1,Social
7471,624,247,2024-04-07,5,780.07,14,1,Email
7472,220,267,2024-08-06,1,315.89,38,0,Ads
7473,177,11,2024-09-08,4,1187.12,23,0,Direct
7474,794,39,2024-10-04,4,155.81,2,0,Direct
7475,106,121,2024-04-25,4,168.21,49,1,Direct
7476,257,199,2024-11-26,1,420.01,53,1,Ads
7477,166,30,2024-12-21,5,340.73,53,1,Direct
7478,864,198,2024-04-02,2,200.8,60,1,Social
7479,140,237,2024-01-05,2,732.11,15,1,Ads
7480,443,77,2024-08-15,5,253.66,60,1,Ads
7481,867,246,2024-04-24,3,562.46,1,1,Ads
7482,623,2,2024-02-21,3,18.35,5,1,Email
7483,808,98,2024-11-29,1,208.38,53,0,Ads
7484,971,317,2024-10-31,3,1159.74,34,0,Social
7485,359,214,2024-08-16,1,85.56,35,1,Direct
7486,610,389,2024-05-10,3,46.7,22,1,Email
7487,88,281,2024-01-12,1,955.91,5,1,Social
7488,179,160,2024-07-22,5,1004.08,12,1,Direct
7489,940,360,2024-12-20,5,748.91,43,0,Email
7490,244,323,2024-11-14,2,143.9,45,0,Direct
7491,342,360,2024-12-04,2,846.8,22,0,Ads
7492,1000,35,2024-11-19,2,984.74,53,1,Social
7493,93,337,2024-12-30,3,189.77,35,0,Email
7494,904,199,2024-08-11,2,871.29,36,0,Ads
7495,869,140,2024-07-18,2,66.62,52,1,Direct
7496,174,334,2024-05-15,2,945.38,8,1,Email
7497,698,220,2024-04-09,1,707.95,40,0,Social
7498,868,129,2024-07-12,4,643.11,8,1,Social
7499,867,306,2024-10-24,1,935.59,40,1,Ads
7500,698,249,2024-06-19,2,542.41,49,0,Direct
7501,303,164,2024-09-04,1,214.23,52,1,Ads
7502,179,2,2024-09-28,5,474.83,38,1,Ads
7503,868,221,2024-05-24,4,338.64,35,1,Ads
7504,966,84,2024-03-12,4,191.18,56,0,Direct
7505,337,135,2024-05-28,3,671.92,52,0,Ads
7506,895,102,2024-06-30,1,70.08,7,1,Email
7507,160,37,2024-12-26,1,290.03,17,1,Direct
7508,617,269,2024-10-08,2,1099.55,37,0,Social
7509,398,320,2024-05-30,2,1070.23,46,1,Social
7510,385,229,2024-07-30,4,218.33,30,1,Email
7511,213,72,2024-11-16,4,368.89,6,0,Ads
7512,432,387,2024-10-02,1,440.96,22,1,Social
7513,236,219,2024-05-20,1,1080.63,41,1,Email
7514,212,262,2024-09-28,3,323.41,16,1,Direct
7515,569,273,2024-01-23,1,447.98,15,1,Ads
7516,23,231,2024-10-29,1,962.16,1,1,Social
7517,502,222,2024-09-04,3,1001.24,14,1,Direct
7518,244,41,2024-10-21,5,709.46,21,0,Ads
7519,693,332,2024-08-24,4,1142.67,49,0,Ads
7520,217,105,2024-10-31,5,957.18,39,1,Direct
7521,733,343,2024-12-24,4,1052.41,12,1,Email
7522,750,397,2024-03-17,1,1175.7,18,0,Email
7523,232,348,2024-08-19,4,428.22,36,1,Social
7524,921,208,2024-03-13,4,366.98,58,0,Social
7525,330,87,2024-03-17,5,338.86,45,1,Email
7526,452,397,2024-08-08,1,664.55,19,1,Direct
7527,87,288,2024-04-12,1,1022.94,25,0,Email
7528,513,375,2024-07-17,4,885.79,6,0,Ads
7529,236,341,2024-06-11,5,1097.56,10,0,Direct
7530,358,380,2024-10-27,3,1175.05,59,0,Ads
7531,162,290,2024-01-02,3,1109.81,38,1,Direct
7532,299,138,2024-10-04,3,593.19,4,0,Ads
7533,298,95,2024-11-06,5,312.26,39,0,Social
7534,429,91,2024-01-21,3,625.32,28,1,Email
7535,299,6,2024-01-12,2,862.29,35,0,Social
7536,995,28,2024-06-16,4,98.55,48,0,Direct
7537,463,68,2024-05-07,4,370.57,10,1,Social
7538,636,343,2024-06-17,4,273.31,49,0,Social
7539,214,330,2024-10-28,5,869.43,40,1,Email
7540,931,240,2024-11-07,2,130.29,42,1,Ads
7541,78,18,2024-05-28,4,312.35,53,0,Direct
7542,963,109,2024-04-30,4,866.46,42,0,Ads
7543,416,286,2024-02-10,3,361.27,8,0,Direct
7544,553,280,2024-08-22,3,643.69,34,0,Direct
7545,501,239,2024-06-22,1,473.18,45,0,Direct
7546,38,279,2024-07-26,2,910.96,25,0,Direct
7547,942,147,2024-06-09,1,809.71,35,1,Direct
7548,269,197,2024-06-25,1,200.32,44,1,Email
7549,565,205,2024-10-25,2,171.53,46,1,Direct
7550,290,4,2024-12-04,5,488.7,45,1,Direct
7551,234,351,2024-11-16,1,1029.96,30,1,Direct
7552,853,13,2024-04-19,1,438.19,2,0,Social
7553,632,100,2024-05-27,2,879.25,45,1,Ads
7554,391,76,2024-05-19,2,1159.36,18,0,Email
7555,649,308,2024-12-15,4,532.09,32,1,Ads
7556,743,296,2024-10-08,2,417.5,31,0,Direct
7557,551,167,2024-03-21,3,565.84,28,0,Ads
7558,504,383,2024-12-08,1,529.4,59,1,Social
7559,249,338,2024-07-04,2,683.55,5,1,Direct
7560,268,213,2024-05-28,4,76.84,31,0,Ads
7561,442,391,2024-09-05,2,88.32,25,0,Social
7562,821,178,2024-09-11,3,136.32,24,1,Direct
7563,545,104,2024-09-23,1,125.15,46,1,Ads
7564,532,164,2024-09-09,2,441.56,51,0,Social
7565,617,19,2024-10-13,5,275.72,35,1,Social
7566,481,313,2024-01-07,4,1022.48,10,1,Ads
7567,856,153,2024-02-18,2,1134.38,20,0,Email
7568,791,104,2024-01-11,2,1013.58,20,1,Email
7569,11,172,2024-05-03,1,450.23,16,0,Email
7570,258,202,2024-04-14,3,618.4,22,0,Email
7571,929,317,2024-09-27,1,424.2,50,0,Social
7572,483,282,2024-06-14,4,31.92,4,0,Ads
7573,508,393,2024-08-08,5,870.53,5,0,Email
7574,657,109,2024-08-30,4,863.94,5,1,Email
7575,671,60,2024-11-20,5,1010.09,21,1,Email
7576,871,166,2024-06-03,2,163.49,42,1,Ads
7577,953,74,2024-12-02,4,772.9,42,0,Ads
7578,581,377,2024-08-23,2,472.5,55,1,Ads
7579,746,218,2024-09-02,3,754.71,40,1,Ads
7580,296,39,2024-05-31,5,85.87,37,1,Direct
7581,825,371,2024-09-18,1,453.45,12,1,Direct
7582,903,195,2024-11-17,5,1008.48,10,1,Ads
7583,654,350,2024-12-22,4,355.85,28,0,Email
7584,601,357,2024-10-07,2,281.16,20,1,Direct
7585,689,204,2024-08-18,5,1186.01,23,0,Ads
7586,882,307,2024-03-29,3,621.36,36,0,Social
7587,37,62,2024-09-02,5,678.32,8,1,Direct
7588,983,33,2024-12-17,3,246.06,12,0,Direct
7589,903,257,2024-01-04,1,402.88,12,1,Social
7590,934,247,2024-07-10,1,344.71,56,0,Social
7591,894,50,2024-02-04,1,579.95,33,1,Email
7592,31,53,2024-11-08,4,274.58,49,1,Direct
7593,297,134,2024-05-04,2,756.77,28,0,Direct
7594,605,287,2024-07-01,5,997.69,17,1,Social
7595,141,366,2024-05-10,1,756.66,54,0,Email
7596,751,196,2024-11-27,5,1190.64,42,1,Direct
7597,103,75,2024-05-18,4,447.55,59,1,Ads
7598,143,43,2024-10-02,2,721.7,57,1,Social
7599,398,88,2024-05-15,1,664.62,12,1,Ads
7600,560,83,2024-06-17,5,251.08,18,1,Direct
7601,412,66,2024-01-29,4,643.52,51,0,Direct
7602,431,385,2024-07-01,1,881.18,42,1,Email
7603,578,382,2024-11-10,3,90.94,13,0,Direct
7604,837,276,2024-07-14,1,945.37,30,1,Email
7605,363,283,2024-10-10,1,122.75,9,0,Email
7606,903,274,2024-05-08,5,356.96,16,0,Email
7607,464,22,2024-05-26,5,1110.57,26,0,Social
7608,749,268,2024-06-03,2,616.0,11,0,Social
7609,958,390,2024-01-20,3,559.64,13,0,Email
7610,865,73,2024-03-17,3,934.44,55,1,Direct
7611,322,9,2024-08-07,5,1126.41,29,0,Direct
7612,284,394,2024-04-06,2,1022.02,59,1,Social
7613,79,294,2024-07-09,2,1051.32,49,0,Social
7614,108,112,2024-05-04,2,158.43,37,1,Ads
7615,91,269,2024-08-24,3,908.82,53,0,Direct
7616,489,290,2024-05-04,5,835.25,27,1,Social
7617,88,396,2024-10-01,5,83.05,11,0,Email
7618,65,242,2024-07-13,1,1128.63,24,1,Email
7619,433,205,2024-01-06,5,16.63,21,1,Ads
7620,716,119,2024-05-18,1,208.84,47,1,Email
7621,802,299,2024-11-09,1,48.27,10,0,Direct
7622,475,195,2024-06-06,1,284.93,20,0,Ads
7623,221,331,2024-04-25,4,345.72,39,0,Ads
7624,284,178,2024-04-05,4,80.33,5,0,Email
7625,175,105,2024-03-03,3,999.63,15,1,Direct
7626,289,125,2024-02-11,4,297.01,55,0,Ads
7627,288,231,2024-05-27,1,860.13,15,1,Social
7628,453,276,2024-05-23,3,707.52,16,0,Email
7629,210,302,2024-05-14,5,101.15,25,1,Direct
7630,597,273,2024-12-06,4,316.83,3,0,Social
7631,629,283,2024-11-01,3,524.03,33,1,Direct
7632,978,347,2024-08-18,2,43.72,48,0,Ads
7633,830,44,2024-01-14,3,783.34,35,0,Social
7634,45,145,2024-10-14,2,854.63,50,0,Ads
7635,590,217,2024-05-06,5,742.58,47,0,Email
7636,381,66,2024-02-15,5,594.58,60,1,Social
7637,629,316,2024-09-04,3,616.62,30,1,Ads
7638,366,362,2024-03-30,1,216.24,36,1,Ads
7639,317,40,2024-08-13,1,917.66,43,1,Direct
7640,949,67,2024-01-21,3,405.97,21,0,Ads
7641,546,71,2024-08-02,1,246.22,59,0,Email
7642,531,296,2024-08-28,2,566.98,45,0,Direct
7643,37,195,2024-04-07,2,669.64,21,1,Ads
7644,867,386,2024-03-18,1,583.76,29,0,Social
7645,372,90,2024-04-20,5,881.74,13,0,Direct
7646,127,150,2024-09-17,2,167.15,53,0,Email
7647,125,101,2024-04-11,1,720.62,31,0,Direct
7648,617,335,2024-05-29,3,694.73,57,0,Direct
7649,402,344,2024-03-17,5,29.17,34,1,Social
7650,420,306,2024-03-06,3,69.69,45,0,Email
7651,569,347,2024-09-04,4,575.03,24,0,Ads
7652,283,78,2024-08-21,1,524.7,47,1,Email
7653,325,379,2024-10-06,1,326.22,12,1,Email
7654,975,20,2024-04-06,5,904.36,26,0,Ads
7655,644,277,2024-01-25,3,358.91,2,0,Direct
7656,467,179,2024-09-17,3,168.38,57,1,Social
7657,430,262,2024-10-18,2,1169.12,44,0,Social
7658,901,210,2024-10-14,1,266.96,27,0,Ads
7659,49,53,2024-03-17,3,170.15,40,1,Social
7660,610,3,2024-09-27,2,1077.46,57,0,Email
7661,333,288,2024-08-11,4,551.1,8,1,Email
7662,803,96,2024-11-28,3,337.01,36,0,Ads
7663,760,149,2024-03-22,1,261.16,30,0,Email
7664,68,10,2024-03-03,3,233.34,18,1,Social
7665,289,374,2024-01-17,5,766.77,58,1,Ads
7666,255,19,2024-07-06,2,1181.64,34,0,Social
7667,29,308,2024-09-23,4,431.37,13,1,Ads
7668,762,155,2024-02-12,5,57.91,36,1,Ads
7669,767,267,2024-08-01,2,577.3,7,1,Social
7670,849,135,2024-05-31,5,503.14,56,0,Social
7671,89,335,2024-09-29,5,471.19,48,1,Direct
7672,544,388,2024-04-13,4,1079.49,20,0,Email
7673,963,146,2024-01-02,4,1079.58,40,1,Ads
7674,909,281,2024-05-29,5,1191.19,26,1,Email
7675,184,225,2024-11-19,4,856.35,39,1,Direct
7676,374,91,2024-04-08,2,703.54,33,1,Email
7677,903,165,2024-07-03,4,112.42,6,1,Ads
7678,200,229,2024-05-21,4,1043.61,8,0,Email
7679,300,244,2024-11-24,2,954.01,58,1,Direct
7680,477,76,2024-03-15,4,569.38,33,0,Ads
7681,872,292,2024-03-24,3,1073.83,38,1,Social
7682,815,103,2024-04-28,3,1145.67,9,1,Social
7683,555,20,2024-12-20,4,1159.31,39,1,Social
7684,906,117,2024-12-31,5,1096.73,24,1,Email
7685,310,297,2024-05-23,1,1075.12,27,0,Social
7686,433,192,2024-07-06,3,208.42,20,1,Ads
7687,714,100,2024-04-17,1,797.92,56,1,Direct
7688,410,223,2024-09-11,2,1195.33,15,0,Email
7689,550,28,2024-05-16,1,755.65,14,0,Email
7690,916,310,2024-05-23,5,536.69,2,0,Email
7691,886,344,2024-03-09,2,994.51,56,0,Email
7692,107,105,2024-02-22,2,44.82,39,1,Social
7693,360,386,2024-10-19,5,119.05,58,1,Direct
7694,516,329,2024-01-13,2,350.97,7,1,Email
7695,32,196,2024-04-09,3,1014.23,56,1,Direct
7696,48,59,2024-11-06,1,297.19,8,0,Email
7697,208,278,2024-04-29,2,357.1,38,0,Direct
7698,937,138,2024-10-24,4,306.64,8,1,Ads
7699,167,345,2024-06-20,3,480.76,55,1,Direct
7700,955,186,2024-07-27,3,944.51,54,0,Social
7701,892,318,2024-03-26,3,1007.03,14,0,Direct
7702,12,316,2024-11-28,1,1114.27,52,0,Email
7703,192,315,2024-02-17,1,200.26,30,1,Social
7704,350,48,2024-07-18,5,854.68,56,0,Direct
7705,717,60,2024-04-29,1,33.32,15,0,Email
7706,377,307,2024-05-02,2,774.5,6,0,Direct
7707,626,186,2024-01-02,5,922.01,30,0,Social
7708,543,212,2024-06-15,3,418.03,16,0,Direct
7709,2,204,2024-02-27,5,209.52,17,0,Ads
7710,882,120,2024-09-07,2,672.12,13,1,Email
7711,713,218,2024-03-03,2,178.19,29,1,Social
7712,88,152,2024-03-20,5,839.74,36,0,Social
7713,351,329,2024-12-15,5,112.28,24,0,Direct
7714,59,360,2024-01-14,1,234.56,42,1,Email
7715,693,306,2024-06-01,1,955.28,19,1,Social
7716,220,283,2024-06-15,4,1120.57,24,1,Direct
7717,131,252,2024-12-02,3,775.85,44,0,Social
7718,992,301,2024-04-21,3,1085.15,6,0,Direct
7719,341,249,2024-11-11,2,1093.42,48,0,Ads
7720,57,44,2024-08-27,1,577.96,47,0,Ads
7721,505,18,2024-12-06,5,893.86,48,0,Direct
7722,666,181,2024-01-09,5,1074.72,58,0,Ads
7723,513,78,2024-11-07,3,1036.82,52,0,Social
7724,958,315,2024-08-23,3,1003.91,48,1,Direct
7725,100,36,2024-08-31,5,1061.85,31,1,Direct
7726,28,346,2024-01-16,5,380.64,8,0,Email
7727,299,113,2024-06-21,1,987.31,54,0,Ads
7728,577,398,2024-05-18,4,1111.73,12,1,Ads
7729,921,273,2024-04-04,1,1156.95,43,0,Ads
7730,653,17,2024-11-28,4,666.97,58,1,Direct
7731,285,322,2024-11-01,1,633.87,49,1,Email
7732,331,279,2024-11-24,5,454.69,13,0,Direct
7733,868,310,2024-12-07,5,917.86,56,1,Direct
7734,385,246,2024-06-03,4,723.48,43,1,Direct
7735,124,58,2024-05-20,3,738.53,25,1,Ads
7736,242,32,2024-02-19,3,1014.92,34,1,Social
7737,622,182,2024-10-16,3,931.46,25,0,Social
7738,43,112,2024-12-25,4,26.75,30,0,Ads
7739,56,363,2024-02-28,5,410.67,59,1,Ads
7740,692,36,2024-09-25,3,530.68,8,1,Social
7741,92,301,2024-01-11,3,447.68,57,1,Social
7742,955,107,2024-10-27,3,401.82,32,0,Ads
7743,914,388,2024-11-23,2,245.51,52,1,Ads
7744,740,107,2024-11-22,1,224.77,57,1,Direct
7745,299,73,2024-04-03,4,997.63,1,0,Direct
7746,196,103,2024-06-27,5,872.25,15,0,Social
7747,733,221,2024-02-14,5,1009.9,31,1,Email
7748,60,292,2024-06-22,5,618.37,4,0,Social
7749,477,333,2024-01-25,4,78.78,58,1,Ads
7750,507,158,2024-08-25,4,352.95,6,1,Ads
7751,274,176,2024-06-30,1,364.97,4,0,Social
7752,372,346,2024-05-22,5,48.82,48,0,Ads
7753,504,239,2024-07-17,3,356.53,19,1,Social
7754,148,208,2024-03-24,4,635.27,58,0,Direct
7755,356,45,2024-12-01,2,44.17,27,1,Ads
7756,651,108,2024-06-20,5,41.99,48,0,Direct
7757,282,48,2024-11-07,4,1050.87,25,0,Direct
7758,42,312,2024-07-09,4,768.94,5,0,Email
7759,562,177,2024-05-21,4,613.96,53,0,Direct
7760,380,139,2024-11-12,5,898.1,13,0,Email
7761,713,113,2024-12-10,2,253.23,28,0,Ads
7762,311,153,2024-01-20,1,781.98,9,1,Email
7763,735,115,2024-11-13,5,94.41,35,0,Social
7764,369,15,2024-07-14,5,491.41,40,0,Social
7765,523,43,2024-09-24,5,937.37,3,0,Direct
7766,765,165,2024-11-06,3,911.9,41,1,Ads
7767,77,22,2024-08-13,5,1047.85,20,0,Email
7768,18,107,2024-06-06,1,38.46,56,0,Email
7769,467,201,2024-06-17,2,927.08,39,0,Ads
7770,104,210,2024-01-07,2,1148.58,15,0,Social
7771,445,332,2024-12-30,1,332.34,53,0,Social
7772,349,370,2024-09-13,1,849.75,11,1,Direct
7773,910,136,2024-01-17,3,792.15,57,1,Direct
7774,964,154,2024-02-16,4,631.72,20,1,Email
7775,101,173,2024-09-25,4,944.39,18,1,Direct
7776,332,40,2024-08-10,1,103.61,24,0,Email
7777,838,109,2024-06-06,4,283.93,33,0,Social
7778,614,7,2024-01-09,1,46.13,40,1,Social
7779,77,244,2024-10-20,5,464.99,14,0,Ads
7780,95,23,2024-01-31,5,772.67,20,1,Direct
7781,455,208,2024-06-23,3,546.14,19,1,Direct
7782,238,19,2024-12-02,2,452.31,47,1,Email
7783,483,242,2024-08-03,2,64.65,1,0,Social
7784,554,114,2024-10-02,2,777.17,44,1,Social
7785,597,29,2024-12-08,3,113.38,55,0,Email
7786,345,172,2024-11-27,2,347.13,55,0,Email
7787,780,76,2024-04-18,4,365.85,3,1,Social
7788,122,160,2024-08-24,1,437.43,52,1,Direct
7789,140,92,2024-08-07,1,138.58,10,1,Ads
7790,925,129,2024-07-27,5,1087.96,41,1,Direct
7791,929,133,2024-08-18,4,311.97,5,1,Social
7792,760,346,2024-09-03,3,429.77,40,1,Email
7793,850,276,2024-02-03,5,1108.63,14,1,Email
7794,174,327,2024-10-06,3,342.66,40,0,Social
7795,293,181,2024-05-28,5,157.14,45,1,Ads
7796,490,177,2024-02-13,3,215.78,5,0,Social
7797,658,20,2024-07-10,5,676.33,58,1,Ads
7798,324,6,2024-03-27,2,1068.83,2,0,Direct
7799,778,348,2024-11-30,2,380.15,6,1,Ads
7800,413,250,2024-12-17,1,273.35,14,0,Ads
7801,792,306,2024-05-28,3,1030.76,35,0,Email
7802,541,152,2024-09-23,3,517.27,34,1,Email
7803,636,284,2024-02-10,4,922.97,38,0,Social
7804,750,150,2024-10-19,4,892.85,60,1,Ads
7805,9,291,2024-12-27,2,1169.61,48,0,Direct
7806,803,49,2024-08-29,5,368.16,3,1,Ads
7807,229,347,2024-08-07,1,1147.3,26,0,Direct
7808,156,143,2024-02-08,2,199.9,54,1,Ads
7809,353,64,2024-02-03,5,952.42,45,1,Email
7810,650,164,2024-08-27,4,793.15,34,0,Email
7811,146,113,2024-04-08,3,819.55,33,0,Direct
7812,531,378,2024-02-20,4,395.97,48,1,Ads
7813,510,373,2024-01-31,1,728.36,14,1,Email
7814,31,51,2024-12-27,3,1068.78,22,1,Email
7815,694,314,2024-12-12,1,73.35,32,1,Ads
7816,430,205,2024-04-28,2,778.8,52,0,Ads
7817,700,207,2024-01-07,2,534.89,24,1,Ads
7818,555,336,2024-10-11,3,219.55,15,1,Email
7819,159,131,2024-07-16,2,1044.57,49,0,Email
7820,812,92,2024-10-24,4,506.46,36,0,Direct
7821,54,318,2024-10-30,2,82.29,41,1,Email
7822,392,18,2024-07-22,1,460.92,10,0,Email
7823,163,208,2024-12-16,1,137.83,30,1,Ads
7824,66,31,2024-01-13,5,328.42,2,0,Email
7825,858,124,2024-08-22,5,110.58,46,0,Direct
7826,330,253,2024-04-11,5,95.22,40,0,Ads
7827,791,93,2024-12-02,2,1080.07,23,1,Email
7828,564,396,2024-05-01,2,1025.9,16,1,Social
7829,301,217,2024-03-27,2,1057.26,5,0,Email
7830,24,255,2024-12-16,3,683.86,24,0,Direct
7831,795,333,2024-09-14,4,1159.75,40,0,Direct
7832,142,383,2024-05-15,1,254.15,57,0,Social
7833,939,177,2024-08-22,3,465.4,11,0,Ads
7834,614,259,2024-09-06,5,1009.26,10,1,Email
7835,250,187,2024-07-04,1,1036.47,21,0,Email
7836,113,342,2024-01-06,5,802.65,4,0,Social
7837,375,341,2024-05-11,5,396.08,45,0,Email
7838,670,66,2024-12-22,3,1027.13,47,0,Ads
7839,587,128,2024-08-09,5,196.29,56,0,Email
7840,479,134,2024-12-14,1,580.32,4,0,Direct
7841,395,25,2024-01-30,1,366.55,15,1,Social
7842,472,221,2024-05-14,2,500.13,16,1,Ads
7843,817,302,2024-04-21,1,894.27,36,1,Ads
7844,541,96,2024-11-05,3,254.33,19,0,Ads
7845,642,302,2024-07-24,2,59.69,27,0,Email
7846,259,188,2024-05-15,1,812.41,19,1,Email
7847,249,206,2024-10-09,2,159.28,50,1,Ads
7848,834,116,2024-11-21,1,25.65,49,0,Email
7849,462,212,2024-01-17,2,957.03,5,1,Email
7850,643,238,2024-08-03,1,550.67,2,1,Email
7851,446,377,2024-02-26,3,483.94,44,1,Social
7852,737,3,2024-07-12,1,499.7,46,1,Direct
7853,105,390,2024-06-09,1,189.91,7,1,Email
7854,777,324,2024-01-03,1,625.28,9,1,Ads
7855,909,273,2024-02-21,5,1142.94,60,0,Email
7856,992,44,2024-02-23,1,1048.78,25,1,Email
7857,809,331,2024-09-25,2,671.62,35,1,Ads
7858,797,76,2024-02-04,5,550.38,50,1,Email
7859,419,142,2024-06-16,2,373.88,38,0,Direct
7860,414,320,2024-03-27,3,427.3,22,1,Social
7861,144,280,2024-07-28,1,38.16,33,0,Email
7862,238,93,2024-05-11,1,236.02,10,0,Ads
7863,933,14,2024-10-25,1,906.49,37,1,Direct
7864,829,301,2024-10-11,2,102.05,30,1,Ads
7865,164,396,2024-01-26,5,1008.8,31,0,Email
7866,615,208,2024-05-21,4,953.26,28,1,Direct
7867,647,49,2024-07-12,1,1023.43,20,0,Social
7868,413,3,2024-01-21,5,198.81,30,1,Ads
7869,230,15,2024-08-25,1,26.03,56,1,Social
7870,739,146,2024-01-16,5,846.32,50,0,Direct
7871,113,39,2024-09-08,3,832.52,40,1,Direct
7872,874,283,2024-01-30,4,721.95,10,0,Social
7873,741,305,2024-07-24,2,725.63,50,1,Ads
7874,691,262,2024-05-25,5,18.07,55,0,Direct
7875,484,234,2024-11-30,3,470.95,23,0,Ads
7876,458,311,2024-05-30,5,927.31,11,0,Social
7877,368,50,2024-02-25,5,156.04,57,1,Social
7878,282,212,2024-01-31,3,1009.21,28,0,Email
7879,308,285,2024-05-21,5,793.73,3,1,Direct
7880,189,256,2024-10-21,5,1184.5,43,0,Direct
7881,769,101,2024-06-25,2,370.9,43,0,Email
7882,439,157,2024-07-24,2,572.57,60,0,Social
7883,57,283,2024-07-02,1,920.1,12,1,Social
7884,880,320,2024-05-13,2,373.34,46,0,Ads
7885,39,272,2024-10-22,3,588.35,35,1,Email
7886,990,173,2024-06-14,5,238.88,44,1,Ads
7887,555,297,2024-10-11,2,1043.88,18,1,Direct
7888,108,365,2024-08-27,5,421.09,18,0,Direct
7889,86,4,2024-01-27,4,667.76,45,1,Direct
7890,1,66,2024-03-28,3,732.59,11,1,Ads
7891,506,34,2024-02-03,5,336.12,32,0,Direct
7892,842,373,2024-03-11,3,825.9,49,0,Ads
7893,706,363,2024-01-15,3,1006.18,37,1,Email
7894,422,372,2024-02-15,4,1044.81,45,1,Social
7895,171,62,2024-07-29,5,398.2,20,0,Ads
7896,412,13,2024-11-24,1,647.68,43,0,Social
7897,476,314,2024-01-09,3,618.59,20,0,Ads
7898,743,241,2024-12-27,4,485.06,15,1,Ads
7899,41,31,2024-12-17,3,181.0,49,0,Social
7900,853,144,2024-12-09,5,552.88,46,0,Direct
7901,218,235,2024-02-20,1,110.36,31,0,Social
7902,871,200,2024-06-19,2,485.63,37,0,Ads
7903,740,234,2024-09-08,4,1074.88,46,0,Email
7904,52,147,2024-12-20,3,589.36,7,0,Social
7905,623,89,2024-03-01,2,75.55,35,1,Direct
7906,448,83,2024-11-21,1,1142.56,17,1,Direct
7907,267,101,2024-05-25,5,153.8,56,1,Ads
7908,869,383,2024-06-24,3,832.83,48,0,Direct
7909,932,285,2024-08-13,1,934.2,3,1,Direct
7910,674,341,2024-02-20,1,1095.09,28,0,Social
7911,250,154,2024-06-05,5,504.84,18,1,Ads
7912,577,188,2024-05-14,1,387.48,40,0,Direct
7913,25,35,2024-02-20,1,395.48,54,1,Ads
7914,109,68,2024-12-18,5,787.82,3,1,Social
7915,863,208,2024-01-04,1,268.18,7,0,Social
7916,313,321,2024-02-26,4,152.94,6,1,Email
7917,953,96,2024-01-28,5,732.99,52,1,Social
7918,273,70,2024-04-09,4,1018.73,56,1,Ads
7919,842,309,2024-06-02,2,820.8,52,0,Ads
7920,623,70,2024-11-16,2,315.85,52,1,Direct
7921,593,379,2024-01-14,2,336.43,35,1,Ads
7922,76,180,2024-12-01,5,641.94,15,0,Ads
7923,490,369,2024-09-14,4,330.88,34,1,Ads
7924,508,153,2024-02-02,1,441.79,15,0,Direct
7925,597,264,2024-04-27,4,410.51,12,0,Direct
7926,383,381,2024-03-04,4,776.42,13,0,Direct
7927,79,231,2024-03-10,3,163.79,20,1,Ads
7928,833,89,2024-07-08,4,254.72,34,1,Direct
7929,150,232,2024-01-06,5,894.42,10,1,Social
7930,622,363,2024-11-24,1,219.9,30,0,Email
7931,218,381,2024-03-16,1,663.95,47,1,Email
7932,951,278,2024-09-18,4,1194.89,10,0,Email
7933,77,110,2024-04-04,4,578.8,55,0,Direct
7934,81,134,2024-08-09,5,219.38,55,1,Direct
7935,774,317,2024-11-12,4,26.85,29,1,Direct
7936,222,206,2024-06-05,1,460.8,34,0,Ads
7937,763,270,2024-12-25,2,196.73,15,0,Direct
7938,624,187,2024-02-18,4,1018.23,51,1,Direct
7939,416,212,2024-08-18,4,702.99,26,0,Direct
7940,48,33,2024-01-30,1,411.51,37,1,Email
7941,136,305,2024-09-25,1,489.54,57,0,Ads
7942,217,377,2024-04-11,4,1071.98,48,1,Email
7943,737,84,2024-11-13,4,59.4,57,1,Social
7944,926,353,2024-10-13,4,325.96,35,0,Ads
7945,312,371,2024-06-19,5,720.0,52,0,Ads
7946,494,347,2024-01-11,3,997.99,52,0,Ads
7947,436,365,2024-04-18,4,574.17,35,0,Social
7948,536,114,2024-06-27,4,508.73,9,1,Email
7949,294,166,2024-10-31,4,418.56,8,1,Direct
7950,393,302,2024-03-13,2,990.54,53,1,Email
7951,938,164,2024-05-27,5,739.7,55,1,Ads
7952,564,210,2024-07-30,1,626.01,34,0,Email
7953,236,16,2024-10-30,5,36.91,45,0,Direct
7954,935,46,2024-12-01,2,296.87,36,1,Social
7955,512,7,2024-11-02,1,929.27,9,0,Email
7956,739,59,2024-12-28,1,1104.36,9,0,Social
7957,514,34,2024-06-05,4,1198.38,36,1,Email
7958,856,249,2024-06-13,1,1162.54,9,0,Social
7959,893,263,2024-10-20,2,257.03,58,0,Ads
7960,101,38,2024-12-31,4,406.79,43,0,Direct
7961,929,312,2024-09-05,4,431.03,21,0,Direct
7962,4,377,2024-02-05,5,427.84,38,0,Ads
7963,307,354,2024-08-20,1,602.94,17,0,Email
7964,626,135,2024-06-14,4,160.77,38,0,Ads
7965,166,114,2024-07-15,1,203.28,30,1,Social
7966,877,124,2024-05-03,3,628.57,27,0,Email
7967,552,144,2024-03-15,3,113.74,5,1,Social
7968,470,2,2024-01-20,5,1102.58,60,0,Social
7969,143,201,2024-05-28,3,649.71,10,0,Email
7970,6,95,2024-04-21,1,552.12,22,1,Ads
7971,930,83,2024-11-07,5,680.92,56,1,Ads
7972,626,164,2024-09-10,3,768.94,26,0,Social
7973,262,399,2024-03-13,1,1038.88,60,0,Direct
7974,149,305,2024-03-03,3,582.18,36,1,Email
7975,676,356,2024-11-22,5,241.01,32,0,Social
7976,826,378,2024-02-29,2,181.29,5,1,Email
7977,524,221,2024-12-13,3,863.44,21,1,Social
7978,355,226,2024-03-13,4,634.46,32,0,Social
7979,744,92,2024-07-16,2,278.01,33,0,Ads
7980,214,282,2024-08-02,1,380.53,3,1,Ads
7981,319,14,2024-01-05,3,1170.06,42,0,Social
7982,892,221,2024-12-05,1,1121.78,28,1,Social
7983,851,193,2024-02-04,1,1115.23,25,1,Social
7984,600,28,2024-06-24,4,527.55,23,1,Direct
7985,562,184,2024-01-02,1,702.7,53,0,Social
7986,588,74,2024-08-30,1,794.11,39,1,Ads
7987,23,177,2024-09-12,1,612.71,43,0,Email
7988,417,302,2024-01-18,1,1182.81,30,0,Ads
7989,122,163,2024-08-04,5,827.05,25,1,Email
7990,494,216,2024-11-15,2,180.32,34,0,Email
7991,973,173,2024-10-01,2,659.45,49,1,Ads
7992,101,26,2024-05-04,1,183.58,40,1,Direct
7993,850,7,2024-12-11,3,789.65,21,1,Social
7994,957,49,2024-10-23,5,1030.8,27,1,Email
7995,110,33,2024-09-04,4,709.11,21,0,Email
7996,741,259,2024-12-23,1,258.56,9,1,Email
7997,77,163,2024-10-16,5,827.89,10,1,Social
7998,819,322,2024-08-20,5,464.99,3,1,Ads
7999,123,326,2024-08-09,2,101.54,45,1,Email
8000,412,177,2024-03-08,3,1179.82,29,1,Direct
8001,370,137,2024-06-16,3,321.44,51,1,Email
8002,994,222,2024-09-05,4,580.37,24,1,Email
8003,249,19,2024-08-16,3,820.76,52,0,Social
8004,318,263,2024-09-13,4,399.55,9,1,Direct
8005,511,96,2024-02-05,5,550.96,6,0,Email
8006,78,329,2024-11-21,1,823.77,3,1,Email
8007,340,60,2024-01-15,1,397.83,22,0,Direct
8008,876,169,2024-05-05,5,256.83,31,0,Direct
8009,870,319,2024-04-09,4,207.95,35,1,Social
8010,841,384,2024-08-04,1,249.0,44,1,Direct
8011,878,193,2024-01-03,1,1001.34,21,1,Direct
8012,675,159,2024-10-14,3,497.12,42,1,Direct
8013,351,163,2024-03-07,1,361.54,22,0,Ads
8014,992,356,2024-12-24,2,1106.08,18,1,Ads
8015,77,396,2024-09-12,3,86.77,37,0,Email
8016,242,310,2024-12-30,3,522.95,39,0,Email
8017,393,263,2024-08-23,3,544.39,4,1,Ads
8018,102,57,2024-06-13,4,1199.58,53,0,Social
8019,312,205,2024-03-25,4,213.68,2,0,Social
8020,688,229,2024-02-24,4,89.71,56,0,Direct
8021,21,213,2024-05-22,2,234.88,3,0,Ads
8022,777,237,2024-06-23,5,591.64,14,1,Social
8023,85,122,2024-12-24,1,456.44,3,0,Email
8024,222,90,2024-02-07,4,166.99,8,0,Ads
8025,812,164,2024-03-13,5,121.33,16,0,Direct
8026,336,11,2024-04-04,1,687.36,52,1,Social
8027,875,178,2024-09-23,3,935.19,28,0,Ads
8028,157,216,2024-09-27,4,295.16,54,0,Ads
8029,553,342,2024-12-10,4,1148.72,52,1,Social
8030,197,90,2024-07-01,2,674.35,55,1,Social
8031,809,3,2024-04-30,3,865.83,28,1,Direct
8032,142,282,2024-05-12,2,141.94,17,0,Ads
8033,52,66,2024-01-19,4,822.34,10,1,Ads
8034,274,371,2024-06-24,2,97.69,24,0,Email
8035,911,120,2024-11-14,4,548.52,17,1,Email
8036,22,324,2024-10-04,1,907.53,31,0,Social
8037,63,243,2024-04-29,5,270.47,14,0,Social
8038,586,78,2024-09-02,3,681.69,46,0,Email
8039,962,239,2024-01-11,3,726.95,7,0,Direct
8040,361,55,2024-07-24,3,1198.34,21,0,Direct
8041,325,219,2024-12-30,5,1149.18,30,1,Social
8042,614,8,2024-11-28,1,833.21,47,1,Email
8043,646,141,2024-12-23,2,128.48,46,0,Ads
8044,531,275,2024-03-18,1,622.59,59,1,Ads
8045,705,71,2024-06-18,4,291.29,2,0,Ads
8046,946,319,2024-03-31,1,524.46,29,0,Ads
8047,934,182,2024-12-03,3,331.36,39,0,Email
8048,243,361,2024-07-16,2,1032.85,47,0,Direct
8049,950,146,2024-10-07,5,299.29,54,0,Social
8050,140,330,2024-05-16,1,115.91,35,0,Email
8051,284,158,2024-11-10,4,359.69,26,0,Email
8052,229,198,2024-05-18,5,52.14,21,0,Ads
8053,191,354,2024-03-10,4,402.78,22,1,Ads
8054,326,233,2024-04-25,4,637.12,10,0,Direct
8055,98,387,2024-11-09,2,433.63,6,0,Email
8056,851,346,2024-11-24,4,781.99,31,1,Email
8057,524,383,2024-01-01,4,959.99,52,1,Email
8058,206,146,2024-10-17,2,127.88,46,0,Ads
8059,52,231,2024-04-02,4,732.23,35,0,Ads
8060,513,11,2024-03-16,3,812.39,29,0,Social
8061,246,264,2024-08-30,2,583.98,3,1,Email
8062,122,296,2024-10-16,5,1040.99,8,0,Email
8063,760,248,2024-07-25,5,1009.47,48,0,Direct
8064,543,356,2024-07-13,2,478.78,44,0,Ads
8065,153,128,2024-08-07,5,1047.8,18,0,Social
8066,634,43,2024-06-24,5,889.86,13,1,Ads
8067,659,129,2024-09-28,2,1153.86,22,0,Ads
8068,217,16,2024-12-10,1,786.61,57,0,Direct
8069,949,74,2024-11-13,4,570.08,17,1,Direct
8070,703,301,2024-08-05,1,676.61,42,0,Ads
8071,666,378,2024-12-19,3,203.26,33,1,Direct
8072,30,211,2024-09-22,4,1062.54,7,1,Ads
8073,342,377,2024-03-31,1,923.54,18,1,Direct
8074,849,14,2024-08-04,2,834.65,36,1,Email
8075,575,303,2024-07-11,4,777.41,29,1,Direct
8076,253,66,2024-03-06,5,935.98,36,1,Ads
8077,202,130,2024-11-13,2,956.98,58,1,Direct
8078,783,192,2024-02-26,5,296.95,26,0,Social
8079,291,218,2024-05-10,3,26.36,12,0,Direct
8080,918,303,2024-05-01,2,149.06,31,0,Direct
8081,123,187,2024-10-05,4,713.42,20,1,Direct
8082,900,117,2024-06-20,1,250.67,27,1,Email
8083,65,128,2024-09-01,4,963.16,12,0,Social
8084,946,279,2024-10-01,1,897.84,56,1,Direct
8085,212,194,2024-12-13,4,245.68,20,0,Direct
8086,300,184,2024-03-16,3,773.72,47,0,Email
8087,651,295,2024-08-04,5,58.36,4,0,Email
8088,348,237,2024-04-06,3,770.64,56,1,Ads
8089,63,337,2024-12-31,4,130.37,32,1,Social
8090,212,103,2024-02-19,4,671.85,36,0,Email
8091,663,24,2024-10-11,4,428.8,30,1,Social
8092,181,176,2024-02-01,4,350.53,54,0,Email
8093,140,165,2024-09-09,3,828.52,15,0,Social
8094,285,162,2024-02-08,4,1176.21,36,0,Social
8095,899,328,2024-05-20,1,997.71,9,1,Social
8096,373,211,2024-02-06,1,534.35,18,0,Ads
8097,846,187,2024-08-20,2,625.17,58,1,Direct
8098,743,159,2024-01-26,4,1172.04,52,0,Direct
8099,639,341,2024-04-14,3,592.43,21,1,Ads
8100,809,31,2024-12-29,1,1151.76,40,0,Ads
8101,841,153,2024-09-21,2,608.76,9,0,Email
8102,926,315,2024-04-02,2,915.09,30,1,Direct
8103,869,173,2024-03-05,4,814.1,57,1,Direct
8104,610,228,2024-12-24,3,343.81,49,0,Direct
8105,575,183,2024-10-28,3,269.75,51,0,Social
8106,743,375,2024-05-18,5,621.44,11,1,Email
8107,216,393,2024-02-19,1,581.75,53,1,Email
8108,690,22,2024-10-25,2,568.64,50,1,Social
8109,768,19,2024-02-25,3,838.32,23,1,Social
8110,268,229,2024-09-13,2,311.96,56,0,Email
8111,288,364,2024-04-29,1,858.98,42,0,Direct
8112,653,337,2024-08-31,2,632.11,40,1,Ads
8113,782,326,2024-04-24,3,1197.52,55,1,Direct
8114,135,321,2024-04-04,5,181.99,9,1,Ads
8115,202,49,2024-12-20,1,25.65,38,1,Email
8116,289,263,2024-07-20,2,519.67,58,0,Ads
8117,272,399,2024-11-23,3,1135.18,8,1,Email
8118,27,58,2024-09-15,4,162.64,51,0,Direct
8119,138,346,2024-07-10,4,1194.01,60,0,Email
8120,674,167,2024-04-01,1,947.56,20,1,Social
8121,637,306,2024-03-28,4,927.26,16,0,Ads
8122,180,289,2024-01-09,5,605.0,22,1,Direct
8123,788,270,2024-06-23,3,788.48,23,1,Social
8124,447,348,2024-02-09,4,1113.46,13,1,Direct
8125,162,31,2024-11-09,1,95.96,43,0,Ads
8126,954,15,2024-05-19,3,77.24,55,0,Email
8127,713,77,2024-08-23,4,1046.45,34,1,Direct
8128,476,125,2024-04-16,3,999.26,13,1,Direct
8129,195,150,2024-10-11,4,644.82,21,1,Ads
8130,545,356,2024-10-20,5,791.64,24,1,Social
8131,974,156,2024-02-24,3,900.32,22,1,Direct
8132,153,207,2024-05-31,2,1034.97,25,1,Direct
8133,14,344,2024-10-26,5,788.09,19,1,Ads
8134,531,109,2024-08-07,1,1005.01,38,0,Email
8135,863,138,2024-07-04,1,544.25,44,0,Ads
8136,282,180,2024-12-11,1,457.48,29,0,Direct
8137,871,259,2024-07-27,3,407.54,7,0,Direct
8138,415,305,2024-11-08,2,326.83,22,0,Social
8139,926,213,2024-03-04,3,982.54,20,1,Social
8140,906,224,2024-02-09,5,345.77,13,1,Social
8141,325,186,2024-01-12,1,697.25,18,1,Email
8142,633,33,2024-05-29,1,1025.93,57,1,Direct
8143,551,379,2024-05-01,1,375.97,43,0,Direct
8144,832,389,2024-08-25,5,988.87,40,0,Social
8145,334,206,2024-09-27,4,565.69,54,1,Email
8146,808,317,2024-11-01,5,422.52,6,1,Direct
8147,550,282,2024-11-15,5,484.17,46,0,Social
8148,581,303,2024-01-23,5,431.91,2,1,Social
8149,625,399,2024-07-31,4,523.2,59,0,Email
8150,379,324,2024-09-17,1,657.31,26,1,Direct
8151,818,117,2024-06-28,3,543.87,42,0,Direct
8152,707,195,2024-02-17,3,910.86,25,0,Social
8153,335,394,2024-01-09,1,335.37,46,1,Direct
8154,192,49,2024-02-21,2,854.15,40,0,Email
8155,869,44,2024-01-13,2,680.53,38,1,Direct
8156,583,127,2024-11-18,5,914.69,38,1,Social
8157,213,315,2024-07-22,1,931.1,19,0,Social
8158,412,74,2024-09-21,1,440.58,23,0,Email
8159,416,240,2024-06-20,2,659.61,48,0,Ads
8160,552,88,2024-11-11,1,351.88,4,0,Ads
8161,316,203,2024-03-10,1,55.85,59,0,Ads
8162,415,21,2024-04-01,5,897.96,35,0,Direct
8163,126,350,2024-12-08,4,199.46,1,0,Social
8164,528,80,2024-03-29,5,248.37,57,1,Social
8165,669,149,2024-11-20,2,1038.31,45,1,Ads
8166,684,213,2024-12-07,3,411.23,7,0,Ads
8167,361,315,2024-10-16,3,15.45,35,0,Social
8168,389,56,2024-01-03,3,1148.98,35,0,Email
8169,481,236,2024-10-02,4,960.7,33,1,Direct
8170,594,150,2024-09-19,1,1096.23,55,0,Email
8171,984,193,2024-09-05,1,550.91,56,0,Direct
8172,609,111,2024-12-02,3,582.46,34,1,Social
8173,866,392,2024-05-17,5,1158.21,13,1,Direct
8174,146,283,2024-02-04,2,689.8,2,1,Direct
8175,534,133,2024-05-29,2,330.58,39,1,Social
8176,265,182,2024-03-01,3,392.95,40,0,Direct
8177,650,213,2024-10-19,3,1098.04,60,1,Direct
8178,6,286,2024-06-20,2,496.5,48,1,Ads
8179,71,192,2024-08-19,3,578.47,20,0,Ads
8180,984,213,2024-01-02,5,633.07,44,0,Ads
8181,591,196,2024-06-02,3,209.71,19,0,Email
8182,536,298,2024-06-18,3,918.14,11,1,Direct
8183,438,273,2024-04-10,2,864.73,21,1,Direct
8184,253,335,2024-09-11,5,611.21,50,0,Social
8185,541,47,2024-05-13,5,105.67,18,1,Social
8186,352,384,2024-01-13,4,1185.63,54,0,Email
8187,87,155,2024-05-11,5,766.86,47,0,Direct
8188,633,226,2024-12-20,2,1184.4,38,0,Social
8189,326,359,2024-01-05,2,1174.29,50,1,Social
8190,212,196,2024-08-05,5,220.7,39,1,Email
8191,835,16,2024-06-27,1,107.66,57,1,Social
8192,746,285,2024-09-25,5,299.52,17,1,Ads
8193,535,204,2024-06-07,1,1136.32,22,1,Email
8194,774,140,2024-04-25,2,434.11,8,1,Direct
8195,911,293,2024-07-30,4,180.54,47,1,Direct
8196,390,129,2024-03-16,3,222.1,32,0,Social
8197,786,148,2024-04-17,1,1095.63,2,0,Ads
8198,769,254,2024-12-09,1,1046.17,26,0,Ads
8199,339,292,2024-04-26,1,954.88,17,0,Direct
8200,530,320,2024-05-19,2,841.4,3,1,Ads
8201,862,286,2024-07-24,5,686.08,54,1,Social
8202,753,328,2024-04-04,5,84.55,40,0,Email
8203,638,310,2024-03-03,5,601.33,60,1,Ads
8204,369,232,2024-11-09,4,1074.82,32,1,Social
8205,704,36,2024-10-23,4,551.65,45,1,Ads
8206,633,213,2024-06-15,5,295.94,7,0,Social
8207,248,41,2024-05-23,1,1038.55,5,0,Email
8208,547,123,2024-09-08,1,339.14,32,1,Ads
8209,999,36,2024-09-06,5,1192.92,28,0,Social
8210,192,282,2024-05-10,3,380.17,49,0,Direct
8211,604,338,2024-11-08,2,1093.33,39,1,Social
8212,322,188,2024-06-15,1,607.02,26,0,Ads
8213,63,238,2024-04-04,4,980.8,51,0,Social
8214,725,329,2024-07-22,3,146.04,38,1,Ads
8215,787,285,2024-05-26,4,1191.26,20,1,Email
8216,658,344,2024-08-25,4,937.95,16,1,Email
8217,25,231,2024-09-21,5,550.55,18,1,Direct
8218,82,223,2024-07-19,5,1176.99,36,0,Ads
8219,18,197,2024-11-06,1,445.82,51,1,Direct
8220,591,163,2024-02-04,2,977.31,34,0,Social
8221,351,329,2024-10-21,4,522.93,37,0,Ads
8222,535,16,2024-02-04,1,219.65,59,1,Social
8223,216,130,2024-09-14,5,97.67,52,0,Email
8224,87,46,2024-06-23,5,360.76,55,1,Direct
8225,894,240,2024-12-30,4,568.88,25,0,Social
8226,604,168,2024-06-29,4,520.45,22,0,Direct
8227,784,296,2024-07-10,3,741.06,56,1,Email
8228,585,320,2024-07-24,2,634.73,44,1,Direct
8229,987,320,2024-02-04,4,71.64,47,1,Email
8230,244,64,2024-08-22,1,619.42,54,1,Email
8231,13,200,2024-08-08,1,568.18,7,1,Ads
8232,804,224,2024-02-23,4,512.19,17,0,Direct
8233,572,260,2024-08-19,4,505.43,12,0,Direct
8234,179,125,2024-08-02,3,594.77,21,0,Email
8235,933,26,2024-02-21,5,1109.64,24,0,Ads
8236,722,351,2024-02-23,2,331.0,22,1,Direct
8237,224,294,2024-10-27,1,808.73,28,1,Direct
8238,972,342,2024-08-13,3,30.02,27,0,Social
8239,891,352,2024-04-04,5,810.95,34,0,Social
8240,705,374,2024-01-06,2,60.64,30,0,Email
8241,934,114,2024-03-20,3,433.28,19,1,Ads
8242,250,168,2024-06-02,4,271.39,31,0,Direct
8243,997,240,2024-03-12,4,1190.8,56,1,Direct
8244,606,60,2024-11-05,2,904.67,32,1,Direct
8245,271,205,2024-12-24,1,1170.5,51,0,Ads
8246,968,197,2024-03-30,2,1053.86,54,1,Email
8247,809,63,2024-11-22,3,849.03,33,0,Email
8248,138,344,2024-07-10,1,1166.7,60,1,Direct
8249,32,385,2024-11-03,3,972.59,11,0,Email
8250,111,34,2024-12-27,2,355.88,33,1,Email
8251,378,306,2024-05-14,3,291.01,34,1,Social
8252,429,157,2024-10-08,5,1017.16,58,0,Social
8253,482,99,2024-01-09,2,318.14,22,0,Email
8254,125,7,2024-12-07,1,1154.23,16,1,Ads
8255,578,384,2024-05-03,4,896.01,37,1,Ads
8256,337,271,2024-03-02,1,1060.22,37,0,Email
8257,849,22,2024-12-12,1,241.55,53,1,Direct
8258,603,45,2024-02-07,2,285.34,14,1,Email
8259,938,199,2024-10-08,1,490.0,42,0,Ads
8260,223,380,2024-06-03,3,343.42,60,1,Social
8261,361,259,2024-10-15,1,895.68,52,0,Ads
8262,573,265,2024-08-06,3,76.29,31,0,Email
8263,979,80,2024-04-26,2,266.74,43,0,Email
8264,594,191,2024-08-19,3,1047.42,19,1,Direct
8265,405,312,2024-11-11,1,673.32,26,1,Ads
8266,595,87,2024-12-16,3,62.62,15,1,Social
8267,328,274,2024-09-21,2,642.02,29,0,Direct
8268,975,127,2024-10-14,3,180.25,22,1,Social
8269,208,54,2024-12-04,1,369.83,17,1,Social
8270,677,294,2024-04-12,2,929.53,8,1,Ads
8271,789,128,2024-01-22,3,188.05,27,1,Direct
8272,33,136,2024-05-21,3,1086.36,47,0,Direct
8273,144,339,2024-11-10,2,254.99,27,0,Ads
8274,696,309,2024-03-12,4,329.15,26,1,Direct
8275,302,390,2024-12-13,2,560.93,11,0,Email
8276,602,19,2024-06-02,4,1145.62,60,0,Direct
8277,48,12,2024-03-30,1,475.98,21,1,Direct
8278,251,39,2024-05-17,4,288.29,60,1,Ads
8279,717,309,2024-02-15,4,1142.46,52,1,Direct
8280,898,69,2024-10-04,4,947.27,21,1,Social
8281,491,283,2024-09-04,2,689.11,12,1,Direct
8282,209,225,2024-12-27,3,108.11,42,0,Email
8283,670,323,2024-08-10,4,436.53,16,0,Direct
8284,599,107,2024-12-18,2,1163.93,28,1,Direct
8285,834,146,2024-04-26,5,592.91,15,1,Social
8286,124,201,2024-04-23,3,1035.01,12,0,Email
8287,980,342,2024-04-11,5,270.23,5,0,Direct
8288,538,124,2024-05-16,4,878.21,59,1,Email
8289,965,314,2024-05-15,4,747.45,39,1,Direct
8290,817,168,2024-09-27,5,1130.7,12,0,Social
8291,709,90,2024-10-08,1,1030.89,36,1,Ads
8292,403,70,2024-02-19,1,393.81,56,0,Ads
8293,781,361,2024-06-10,5,1047.41,54,0,Direct
8294,506,123,2024-06-26,1,764.66,50,1,Social
8295,452,232,2024-09-19,5,179.76,13,1,Social
8296,190,70,2024-07-27,4,1103.84,53,1,Social
8297,145,290,2024-09-05,1,480.3,47,0,Ads
8298,704,294,2024-04-06,1,895.71,54,0,Email
8299,987,239,2024-11-25,4,1003.3,56,0,Social
8300,335,146,2024-01-09,1,811.73,58,0,Direct
8301,830,235,2024-08-05,4,479.25,3,1,Direct
8302,275,83,2024-06-05,2,240.82,5,0,Email
8303,875,152,2024-07-17,3,565.74,60,0,Social
8304,824,227,2024-09-13,1,767.71,17,0,Email
8305,927,221,2024-05-06,3,1034.02,24,1,Ads
8306,602,63,2024-01-29,1,317.27,14,1,Ads
8307,411,216,2024-10-26,1,353.4,22,0,Email
8308,25,154,2024-08-15,2,637.65,48,0,Social
8309,395,278,2024-07-22,4,541.59,60,1,Direct
8310,515,24,2024-01-16,5,633.57,34,1,Ads
8311,842,318,2024-03-11,4,820.02,49,0,Email
8312,823,147,2024-11-28,3,1023.09,50,0,Ads
8313,144,39,2024-05-31,1,71.41,2,1,Ads
8314,627,358,2024-04-26,4,378.85,19,0,Direct
8315,805,58,2024-08-03,4,639.25,47,0,Ads
8316,913,398,2024-05-16,1,66.85,23,0,Direct
8317,264,5,2024-05-07,5,722.35,21,1,Ads
8318,646,77,2024-06-23,2,803.96,27,1,Email
8319,153,202,2024-08-12,5,468.43,41,0,Email
8320,979,226,2024-12-18,1,106.63,59,1,Social
8321,227,133,2024-06-16,5,1015.43,23,0,Social
8322,658,227,2024-09-19,1,197.64,26,0,Ads
8323,331,176,2024-04-16,1,997.67,58,0,Email
8324,687,154,2024-02-22,5,202.94,25,1,Direct
8325,320,340,2024-07-05,2,91.1,24,1,Direct
8326,196,9,2024-10-11,2,68.77,32,1,Social
8327,960,247,2024-03-09,5,700.03,17,1,Social
8328,686,297,2024-04-26,4,466.54,30,1,Direct
8329,587,287,2024-10-01,5,499.99,9,1,Social
8330,851,180,2024-12-16,1,146.49,25,1,Social
8331,673,290,2024-11-18,1,1150.42,31,0,Social
8332,900,143,2024-09-21,5,429.16,35,0,Social
8333,409,304,2024-05-19,4,943.07,38,1,Ads
8334,669,384,2024-08-31,1,1136.35,26,1,Ads
8335,204,145,2024-03-30,4,1137.91,54,0,Social
8336,994,78,2024-06-25,4,501.22,54,0,Direct
8337,522,218,2024-04-29,3,852.15,27,1,Direct
8338,918,256,2024-05-28,2,559.88,6,0,Ads
8339,450,296,2024-12-15,2,118.98,24,0,Social
8340,916,267,2024-06-26,3,439.19,6,0,Direct
8341,701,210,2024-03-22,4,973.37,21,1,Ads
8342,75,151,2024-11-23,4,1116.25,59,1,Direct
8343,392,374,2024-12-09,1,438.04,42,1,Direct
8344,76,344,2024-05-09,2,508.05,55,1,Ads
8345,9,201,2024-10-02,2,331.77,42,1,Ads
8346,686,251,2024-08-16,5,1128.34,34,1,Email
8347,919,319,2024-07-11,3,539.42,25,0,Ads
8348,652,128,2024-02-18,3,639.88,22,1,Email
8349,918,335,2024-02-03,5,391.7,47,0,Email
8350,787,256,2024-09-29,3,527.09,56,0,Email
8351,515,345,2024-10-15,3,1086.55,13,1,Ads
8352,506,181,2024-06-09,4,785.64,7,0,Ads
8353,633,345,2024-02-07,1,963.62,13,0,Email
8354,803,55,2024-01-17,4,555.42,20,0,Social
8355,510,377,2024-03-18,5,75.39,9,0,Email
8356,794,224,2024-03-20,3,381.6,4,1,Direct
8357,963,263,2024-10-13,4,777.16,50,0,Direct
8358,987,152,2024-05-18,3,155.36,12,1,Social
8359,722,32,2024-09-26,2,812.03,26,1,Email
8360,832,122,2024-03-08,2,1009.9,54,1,Social
8361,343,362,2024-09-04,5,219.05,47,1,Ads
8362,773,272,2024-10-17,1,342.51,42,1,Social
8363,913,72,2024-04-11,2,1038.24,44,1,Email
8364,408,286,2024-10-25,4,85.53,13,1,Social
8365,365,104,2024-07-21,5,905.92,56,0,Email
8366,302,291,2024-11-05,3,1061.07,30,1,Social
8367,564,220,2024-08-02,5,919.14,5,0,Email
8368,513,30,2024-09-19,2,535.35,51,1,Direct
8369,589,270,2024-12-14,4,1141.62,39,1,Direct
8370,794,348,2024-02-23,2,838.49,54,0,Social
8371,159,46,2024-11-20,5,238.87,38,0,Social
8372,468,339,2024-10-02,1,921.35,3,0,Direct
8373,938,251,2024-09-19,1,1170.26,2,0,Ads
8374,693,187,2024-03-26,3,270.65,33,0,Social
8375,684,306,2024-06-07,4,985.84,47,1,Direct
8376,893,10,2024-08-14,4,1017.61,23,0,Ads
8377,664,319,2024-12-05,3,136.05,31,0,Email
8378,888,197,2024-01-14,1,242.89,37,1,Ads
8379,762,144,2024-02-27,5,964.16,13,0,Direct
8380,610,61,2024-02-09,2,903.16,41,0,Email
8381,661,394,2024-01-11,1,949.42,59,1,Email
8382,555,68,2024-08-01,4,1067.2,26,0,Social
8383,392,227,2024-10-10,2,442.55,42,1,Email
8384,337,100,2024-06-26,2,214.34,29,0,Direct
8385,658,113,2024-07-04,1,149.36,60,1,Email
8386,319,387,2024-07-11,4,816.19,33,0,Email
8387,654,376,2024-11-02,4,635.78,43,0,Ads
8388,406,124,2024-02-27,3,1113.92,6,1,Social
8389,111,348,2024-12-12,5,382.51,24,0,Ads
8390,206,70,2024-02-15,1,836.08,22,0,Direct
8391,205,81,2024-11-06,5,203.5,9,1,Social
8392,736,75,2024-05-03,1,786.49,33,0,Ads
8393,225,35,2024-02-23,5,1171.77,49,0,Social
8394,770,144,2024-11-16,4,716.48,4,1,Email
8395,392,345,2024-01-16,4,761.76,18,0,Social
8396,560,215,2024-10-16,5,1133.7,54,0,Email
8397,207,218,2024-08-13,4,650.73,42,1,Email
8398,753,168,2024-03-23,5,62.07,24,0,Social
8399,37,277,2024-07-01,5,862.33,37,0,Direct
8400,976,347,2024-11-23,2,282.24,22,1,Email
8401,629,82,2024-01-01,4,524.06,34,0,Direct
8402,251,202,2024-10-27,2,1077.03,46,0,Social
8403,487,384,2024-05-03,2,656.7,38,0,Ads
8404,395,91,2024-05-19,2,119.11,59,0,Direct
8405,713,276,2024-02-12,3,1007.29,27,1,Direct
8406,418,246,2024-08-26,5,391.74,43,0,Ads
8407,503,40,2024-03-04,5,852.21,20,0,Email
8408,317,112,2024-09-03,4,62.41,57,0,Ads
8409,267,155,2024-07-27,1,1016.35,38,1,Direct
8410,794,33,2024-11-16,3,404.85,6,1,Ads
8411,647,45,2024-04-08,1,307.42,60,1,Ads
8412,375,173,2024-02-01,1,741.03,26,0,Direct
8413,660,146,2024-10-25,4,134.44,51,0,Social
8414,78,74,2024-08-25,1,1078.98,35,1,Email
8415,400,148,2024-12-25,4,897.56,2,1,Direct
8416,258,357,2024-07-07,3,163.77,44,0,Social
8417,362,317,2024-09-20,3,517.61,26,1,Email
8418,420,120,2024-07-14,1,148.78,24,0,Email
8419,372,231,2024-04-08,3,1197.28,35,0,Direct
8420,530,338,2024-06-09,4,706.94,4,1,Direct
8421,292,386,2024-03-21,2,465.14,10,0,Direct
8422,296,8,2024-08-11,5,167.72,2,1,Direct
8423,651,253,2024-09-16,2,218.2,52,0,Email
8424,246,188,2024-12-02,3,111.76,23,0,Social
8425,144,239,2024-04-24,1,150.7,46,0,Social
8426,942,187,2024-01-09,1,669.96,42,1,Email
8427,707,322,2024-03-10,2,590.05,1,0,Direct
8428,806,181,2024-10-03,5,802.82,54,1,Social
8429,325,66,2024-01-12,2,1142.37,52,0,Direct
8430,807,179,2024-06-28,1,291.79,43,1,Social
8431,882,125,2024-04-09,2,71.9,45,1,Ads
8432,696,224,2024-09-23,1,790.92,47,0,Ads
8433,790,334,2024-02-15,2,1143.47,28,1,Email
8434,800,288,2024-02-29,1,1077.58,39,1,Email
8435,173,162,2024-01-03,1,816.46,12,0,Email
8436,995,388,2024-03-04,1,502.93,6,0,Ads
8437,651,369,2024-06-06,4,850.43,38,0,Email
8438,758,222,2024-07-15,2,117.44,47,1,Direct
8439,899,92,2024-10-21,1,1187.26,52,0,Direct
8440,164,366,2024-09-04,3,998.06,43,0,Direct
8441,64,172,2024-02-15,2,256.08,24,0,Social
8442,410,382,2024-10-12,3,321.75,26,1,Direct
8443,842,177,2024-10-04,1,974.88,17,1,Email
8444,375,153,2024-08-01,4,226.21,4,0,Email
8445,97,55,2024-02-27,5,207.63,19,0,Direct
8446,180,257,2024-02-18,2,1164.4,32,1,Social
8447,20,395,2024-07-31,1,703.88,18,1,Ads
8448,274,22,2024-03-09,3,180.7,15,0,Social
8449,775,384,2024-03-02,3,1125.48,14,1,Social
8450,432,215,2024-07-19,1,792.2,19,0,Direct
8451,655,372,2024-02-13,4,980.25,23,1,Email
8452,333,368,2024-06-22,1,682.09,50,1,Direct
8453,21,160,2024-03-21,2,684.63,16,0,Ads
8454,971,10,2024-12-29,2,484.47,38,1,Direct
8455,632,301,2024-11-03,4,458.6,42,0,Social
8456,524,340,2024-10-15,3,819.9,42,1,Direct
8457,76,37,2024-09-03,1,940.72,32,1,Social
8458,108,67,2024-11-30,3,935.03,17,1,Ads
8459,118,224,2024-05-22,2,424.11,23,0,Email
8460,515,374,2024-07-12,4,695.38,59,0,Direct
8461,289,55,2024-11-24,4,436.26,54,1,Direct
8462,400,322,2024-03-01,5,836.74,45,1,Email
8463,912,268,2024-09-26,1,1173.18,40,1,Email
8464,88,106,2024-02-27,3,410.36,8,1,Social
8465,620,315,2024-02-22,5,1010.2,46,0,Social
8466,476,272,2024-04-17,3,680.78,24,0,Email
8467,436,99,2024-11-16,4,694.71,42,1,Ads
8468,33,23,2024-06-11,3,153.85,27,1,Ads
8469,413,78,2024-03-19,1,750.97,48,0,Direct
8470,774,32,2024-07-17,5,395.86,25,1,Email
8471,922,136,2024-08-22,5,888.25,55,1,Email
8472,290,53,2024-04-11,5,360.68,7,1,Direct
8473,341,70,2024-06-06,2,212.08,37,0,Social
8474,203,295,2024-12-07,1,337.09,39,0,Ads
8475,778,318,2024-01-13,2,553.96,28,0,Email
8476,989,271,2024-11-20,4,76.68,48,1,Ads
8477,747,200,2024-06-25,2,229.74,8,0,Direct
8478,542,186,2024-10-21,4,782.62,47,1,Social
8479,707,122,2024-09-10,3,953.43,19,0,Email
8480,474,386,2024-07-16,2,536.45,44,0,Direct
8481,838,158,2024-05-06,5,614.24,21,0,Email
8482,898,322,2024-01-10,4,1109.63,39,0,Email
8483,919,200,2024-04-27,2,384.89,27,0,Email
8484,512,44,2024-12-05,2,847.61,18,0,Direct
8485,825,326,2024-04-17,3,1137.31,44,0,Direct
8486,138,357,2024-11-25,5,726.25,6,1,Direct
8487,660,224,2024-09-08,2,846.64,45,0,Direct
8488,168,306,2024-09-23,5,137.2,58,1,Ads
8489,89,37,2024-11-23,2,1175.5,55,0,Email
8490,907,267,2024-06-13,2,412.55,7,1,Social
8491,534,332,2024-12-06,5,327.11,43,0,Ads
8492,401,357,2024-10-14,4,919.07,56,0,Email
8493,853,291,2024-04-25,3,551.03,21,1,Email
8494,397,386,2024-08-21,4,1197.68,55,1,Email
8495,385,376,2024-06-23,1,797.88,30,0,Direct
8496,863,248,2024-12-19,2,227.47,48,0,Email
8497,484,297,2024-05-31,3,262.34,10,1,Ads
8498,288,102,2024-02-07,1,1086.88,60,1,Ads
8499,829,153,2024-12-05,4,710.68,42,1,Email
8500,920,196,2024-06-30,2,837.39,15,0,Email
8501,508,303,2024-12-07,2,537.92,39,0,Direct
8502,776,54,2024-06-04,5,192.5,36,0,Ads
8503,646,185,2024-02-28,5,100.29,46,0,Social
8504,578,243,2024-10-12,5,607.85,49,1,Direct
8505,65,237,2024-11-03,5,822.87,27,0,Ads
8506,479,378,2024-04-14,2,120.76,6,1,Direct
8507,70,394,2024-08-04,1,190.42,12,0,Email
8508,951,154,2024-06-17,1,32.75,46,1,Direct
8509,166,74,2024-10-23,4,891.85,39,1,Social
8510,142,168,2024-05-18,4,578.06,31,1,Direct
8511,71,85,2024-01-04,5,706.41,23,1,Ads
8512,750,275,2024-08-16,2,1116.27,9,0,Email
8513,299,200,2024-08-25,4,377.9,55,0,Email
8514,644,397,2024-12-18,5,200.11,31,1,Ads
8515,986,84,2024-05-02,3,480.15,40,0,Direct
8516,712,61,2024-03-27,1,342.82,15,0,Social
8517,233,21,2024-01-19,4,184.11,35,1,Email
8518,240,208,2024-09-28,3,730.67,55,0,Ads
8519,53,72,2024-04-05,5,567.54,14,1,Direct
8520,220,244,2024-03-14,4,450.13,54,1,Email
8521,492,134,2024-01-03,4,429.06,29,1,Social
8522,907,181,2024-07-21,1,904.73,39,0,Email
8523,953,386,2024-05-18,5,490.09,50,1,Direct
8524,696,254,2024-07-06,2,904.37,2,1,Direct
8525,791,391,2024-11-27,2,531.05,58,1,Email
8526,312,307,2024-08-03,3,1040.51,27,0,Direct
8527,126,146,2024-04-09,3,685.6,15,0,Email
8528,796,130,2024-07-08,1,277.32,24,0,Email
8529,967,359,2024-05-23,5,923.79,15,1,Ads
8530,392,130,2024-03-07,5,1082.94,57,1,Email
8531,949,84,2024-07-21,1,1163.33,30,1,Direct
8532,511,221,2024-11-14,4,40.16,23,1,Ads
8533,426,312,2024-01-01,1,986.52,3,0,Email
8534,712,279,2024-12-14,4,677.84,30,0,Email
8535,824,58,2024-10-06,3,1149.83,7,0,Ads
8536,540,269,2024-10-12,3,188.86,42,1,Direct
8537,850,398,2024-06-03,3,708.72,60,0,Direct
8538,689,399,2024-05-25,5,1127.92,19,0,Direct
8539,607,120,2024-05-18,4,920.92,47,1,Social
8540,84,168,2024-12-26,2,821.76,18,0,Social
8541,714,25,2024-10-02,3,1094.95,5,0,Social
8542,20,273,2024-10-28,5,1086.28,55,0,Email
8543,664,347,2024-04-26,3,72.15,4,1,Email
8544,538,358,2024-01-20,2,359.23,21,1,Direct
8545,414,182,2024-01-03,4,803.85,29,1,Ads
8546,207,145,2024-08-20,2,144.87,20,0,Email
8547,630,286,2024-05-23,1,1073.94,38,1,Email
8548,270,313,2024-03-23,1,379.58,43,0,Email
8549,933,242,2024-10-07,1,1102.47,55,1,Email
8550,77,99,2024-08-08,2,314.12,29,1,Direct
8551,880,227,2024-09-16,5,78.58,51,1,Ads
8552,746,90,2024-09-04,3,386.77,5,0,Email
8553,303,298,2024-02-19,3,1119.88,28,0,Ads
8554,545,220,2024-08-18,3,1084.83,47,0,Direct
8555,729,224,2024-02-29,5,1039.6,32,0,Email
8556,684,28,2024-08-16,1,766.69,31,0,Email
8557,70,251,2024-10-24,2,565.46,17,0,Direct
8558,160,85,2024-08-30,2,848.0,48,1,Ads
8559,665,375,2024-12-29,4,961.09,55,0,Email
8560,437,72,2024-05-06,3,301.38,24,0,Direct
8561,17,148,2024-12-20,2,688.15,50,0,Ads
8562,532,121,2024-06-27,3,78.73,7,1,Ads
8563,19,104,2024-02-25,2,800.52,45,0,Ads
8564,91,37,2024-02-16,2,570.25,40,1,Direct
8565,331,189,2024-09-27,5,1018.95,45,0,Email
8566,859,66,2024-04-28,1,467.24,32,1,Email
8567,273,173,2024-08-13,1,836.35,52,1,Social
8568,189,396,2024-05-26,3,304.1,11,0,Email
8569,596,93,2024-10-01,5,196.97,26,0,Ads
8570,401,233,2024-02-25,3,42.74,27,1,Ads
8571,65,32,2024-03-31,2,940.86,38,0,Email
8572,569,176,2024-02-28,5,114.1,13,1,Social
8573,368,260,2024-04-15,3,543.5,31,1,Direct
8574,914,76,2024-03-08,1,296.46,10,0,Email
8575,597,153,2024-07-24,1,996.96,27,1,Email
8576,265,358,2024-06-18,3,872.88,7,1,Ads
8577,920,37,2024-01-09,5,805.81,17,0,Ads
8578,268,113,2024-09-21,5,68.29,34,1,Social
8579,77,37,2024-02-02,5,1178.35,18,1,Social
8580,728,77,2024-04-01,4,298.16,18,1,Direct
8581,497,258,2024-06-05,5,394.01,59,1,Direct
8582,45,178,2024-04-03,1,579.92,9,0,Ads
8583,204,302,2024-04-21,4,1019.3,60,0,Social
8584,711,54,2024-09-30,5,541.11,12,1,Direct
8585,78,271,2024-09-18,4,213.56,53,0,Direct
8586,31,270,2024-09-09,2,504.43,38,0,Email
8587,863,219,2024-11-02,5,895.68,16,1,Direct
8588,421,278,2024-05-05,2,577.59,24,1,Ads
8589,577,128,2024-12-01,1,381.54,57,1,Direct
8590,991,140,2024-01-18,3,934.2,45,1,Email
8591,306,391,2024-03-14,3,1054.87,1,1,Email
8592,983,336,2024-08-08,5,657.01,49,0,Ads
8593,560,120,2024-05-19,3,826.06,21,1,Direct
8594,998,133,2024-09-18,3,197.55,14,0,Ads
8595,485,305,2024-01-01,3,849.5,27,0,Email
8596,32,106,2024-01-01,3,969.31,39,1,Ads
8597,834,286,2024-10-19,3,737.34,22,0,Direct
8598,238,54,2024-01-20,2,36.13,39,0,Social
8599,508,306,2024-08-19,4,589.91,52,1,Email
8600,849,370,2024-10-19,4,548.33,42,1,Direct
8601,993,191,2024-05-25,2,143.04,54,0,Email
8602,10,108,2024-03-31,1,1090.59,37,1,Email
8603,778,160,2024-02-28,1,28.36,16,0,Ads
8604,644,15,2024-05-16,2,302.9,28,0,Email
8605,858,230,2024-06-10,1,1083.1,59,1,Email
8606,842,286,2024-10-01,2,234.39,11,0,Social
8607,807,85,2024-12-01,4,1102.22,20,0,Direct
8608,12,109,2024-09-26,5,925.15,4,0,Social
8609,256,200,2024-10-10,5,725.72,32,0,Direct
8610,392,40,2024-04-27,1,1103.15,25,1,Email
8611,113,274,2024-08-11,4,472.63,17,1,Ads
8612,118,47,2024-09-01,1,203.08,46,1,Ads
8613,155,209,2024-10-27,1,1077.85,29,0,Ads
8614,328,32,2024-03-15,5,585.21,59,0,Email
8615,301,344,2024-08-07,1,1181.17,58,1,Email
8616,926,173,2024-11-08,3,502.56,22,0,Email
8617,619,324,2024-10-19,2,578.45,23,0,Direct
8618,280,35,2024-06-06,3,827.33,21,1,Social
8619,27,19,2024-12-24,4,1084.78,8,1,Social
8620,311,342,2024-01-29,3,390.26,35,1,Email
8621,71,192,2024-09-13,5,820.25,55,1,Direct
8622,14,134,2024-12-03,3,1106.47,37,0,Email
8623,774,253,2024-08-11,3,173.5,13,1,Social
8624,820,31,2024-03-29,2,844.09,30,1,Direct
8625,699,166,2024-02-11,2,693.45,45,0,Direct
8626,390,172,2024-03-13,3,184.79,17,0,Direct
8627,814,362,2024-11-19,3,80.02,45,1,Ads
8628,732,271,2024-01-26,5,48.5,7,1,Direct
8629,959,210,2024-06-26,5,732.02,50,1,Social
8630,868,139,2024-10-11,5,277.72,37,1,Direct
8631,850,32,2024-04-10,4,337.64,35,1,Social
8632,365,262,2024-11-23,1,826.42,29,0,Direct
8633,859,68,2024-02-04,1,275.27,26,0,Direct
8634,908,375,2024-11-02,2,785.59,57,0,Ads
8635,376,257,2024-03-05,1,93.4,53,0,Ads
8636,378,294,2024-06-03,5,797.69,31,0,Direct
8637,111,222,2024-04-13,2,54.71,56,0,Ads
8638,257,326,2024-01-29,1,655.26,2,0,Social
8639,899,44,2024-09-07,2,396.93,57,0,Social
8640,537,29,2024-09-01,5,1040.16,23,1,Ads
8641,590,206,2024-03-19,2,614.72,3,1,Email
8642,566,225,2024-10-13,2,296.72,56,1,Social
8643,746,65,2024-05-12,2,1031.69,43,0,Direct
8644,214,59,2024-07-20,3,951.44,33,1,Email
8645,297,254,2024-10-01,2,455.45,15,1,Ads
8646,10,198,2024-05-26,4,909.88,4,0,Social
8647,402,280,2024-06-04,5,1088.84,45,0,Direct
8648,368,362,2024-02-06,2,725.44,58,1,Social
8649,324,347,2024-09-22,3,315.12,41,0,Ads
8650,80,289,2024-10-07,2,500.59,45,1,Social
8651,440,322,2024-06-25,4,635.2,30,0,Email
8652,785,233,2024-10-26,3,377.95,28,0,Ads
8653,289,293,2024-08-20,1,520.53,25,0,Ads
8654,972,90,2024-10-03,5,465.18,59,1,Email
8655,301,180,2024-12-31,1,694.73,21,0,Direct
8656,646,189,2024-04-26,2,822.77,32,0,Email
8657,807,169,2024-07-17,5,15.19,53,1,Ads
8658,332,195,2024-03-01,5,1012.15,42,1,Direct
8659,905,128,2024-05-12,2,719.94,6,0,Ads
8660,939,108,2024-04-24,5,319.24,44,0,Direct
8661,21,287,2024-03-13,5,1002.45,2,1,Email
8662,200,78,2024-02-26,4,323.98,53,0,Ads
8663,905,277,2024-07-15,3,685.9,46,1,Direct
8664,749,295,2024-11-06,4,164.37,52,0,Direct
8665,807,388,2024-06-26,4,550.07,45,1,Direct
8666,152,30,2024-01-28,1,471.74,32,0,Email
8667,850,145,2024-11-30,1,416.4,39,0,Social
8668,12,314,2024-01-09,4,836.69,51,0,Social
8669,171,326,2024-05-02,2,294.19,24,1,Email
8670,96,273,2024-02-19,3,245.72,51,0,Email
8671,693,389,2024-08-31,1,380.86,43,1,Ads
8672,18,61,2024-07-04,4,575.86,37,0,Social
8673,884,74,2024-01-13,3,92.13,24,1,Social
8674,481,360,2024-09-23,3,695.77,23,1,Direct
8675,717,42,2024-12-02,3,1038.76,54,0,Direct
8676,376,334,2024-05-25,3,1035.5,53,1,Social
8677,52,324,2024-01-06,4,23.9,35,1,Ads
8678,933,76,2024-01-19,2,1130.34,37,1,Email
8679,400,349,2024-05-21,3,736.36,21,1,Direct
8680,905,190,2024-12-25,3,668.1,50,1,Email
8681,809,155,2024-10-11,3,210.62,57,1,Ads
8682,245,123,2024-10-14,3,358.95,26,0,Email
8683,883,232,2024-03-07,4,742.76,12,0,Social
8684,124,337,2024-03-05,3,967.56,4,0,Ads
8685,121,287,2024-08-18,3,817.27,32,0,Direct
8686,432,381,2024-11-20,3,294.86,53,0,Email
8687,228,164,2024-12-17,4,724.02,14,1,Social
8688,614,182,2024-03-14,3,690.89,7,0,Ads
8689,460,88,2024-02-04,4,624.24,39,1,Direct
8690,271,105,2024-03-15,4,727.27,10,1,Direct
8691,4,323,2024-07-17,3,145.83,51,1,Social
8692,308,266,2024-08-26,1,148.84,44,0,Email
8693,243,64,2024-09-01,3,126.43,19,1,Direct
8694,545,352,2024-09-20,2,102.24,37,1,Ads
8695,108,235,2024-10-14,1,492.99,6,1,Social
8696,208,394,2024-07-18,2,513.66,29,0,Social
8697,661,207,2024-08-14,1,1168.03,32,1,Social
8698,88,201,2024-09-22,5,221.2,9,0,Direct
8699,262,229,2024-05-03,2,226.61,9,1,Email
8700,680,294,2024-04-16,5,601.22,7,0,Email
8701,170,145,2024-12-28,1,982.1,28,1,Direct
8702,78,190,2024-06-05,1,967.94,43,1,Direct
8703,273,8,2024-11-30,4,757.07,21,0,Direct
8704,849,206,2024-01-13,5,1182.24,31,0,Direct
8705,912,130,2024-12-26,4,246.49,57,1,Email
8706,974,29,2024-02-18,2,980.59,56,0,Email
8707,998,26,2024-11-16,4,1110.05,6,0,Direct
8708,380,153,2024-01-31,2,717.84,53,1,Email
8709,702,237,2024-05-21,3,226.27,36,0,Direct
8710,68,371,2024-08-06,3,267.76,24,0,Social
8711,877,389,2024-06-21,4,492.78,42,0,Direct
8712,176,337,2024-12-14,2,956.96,36,1,Email
8713,807,120,2024-09-05,2,651.57,8,0,Social
8714,653,99,2024-07-29,5,63.44,16,1,Social
8715,688,138,2024-06-02,3,327.73,16,0,Ads
8716,874,153,2024-02-03,3,1114.42,57,0,Direct
8717,802,348,2024-09-18,1,713.07,34,0,Social
8718,148,389,2024-11-29,3,365.31,38,0,Social
8719,873,226,2024-04-17,4,392.19,36,0,Email
8720,72,85,2024-10-24,2,303.22,28,1,Ads
8721,87,323,2024-08-30,5,691.72,19,1,Direct
8722,106,151,2024-08-12,1,736.48,8,0,Ads
8723,138,32,2024-08-21,4,67.48,39,1,Email
8724,937,143,2024-05-07,3,840.75,15,1,Social
8725,774,96,2024-09-16,4,556.02,28,0,Ads
8726,577,12,2024-10-22,2,397.59,43,1,Social
8727,673,7,2024-03-11,3,481.07,34,0,Ads
8728,861,301,2024-01-26,5,489.19,32,0,Email
8729,293,389,2024-11-03,4,674.46,50,1,Email
8730,555,257,2024-01-08,3,119.2,35,0,Email
8731,875,181,2024-12-10,5,664.18,2,1,Direct
8732,931,282,2024-06-03,4,659.42,4,0,Direct
8733,993,285,2024-04-02,5,217.23,32,1,Ads
8734,639,321,2024-05-23,4,864.05,34,0,Email
8735,413,381,2024-06-17,3,264.92,54,0,Social
8736,674,329,2024-12-15,4,933.9,21,1,Direct
8737,705,1,2024-03-02,1,211.46,59,0,Ads
8738,855,2,2024-09-04,1,636.32,32,0,Direct
8739,17,180,2024-06-19,4,269.12,42,1,Ads
8740,893,284,2024-10-01,4,905.63,13,1,Ads
8741,109,57,2024-11-30,5,664.03,35,1,Social
8742,524,268,2024-05-09,4,123.46,46,1,Ads
8743,597,399,2024-08-27,4,562.61,42,1,Ads
8744,597,322,2024-01-28,2,790.25,25,1,Direct
8745,13,161,2024-06-04,1,87.44,38,0,Email
8746,227,131,2024-07-28,2,676.48,43,0,Email
8747,712,196,2024-10-22,3,561.35,5,0,Direct
8748,880,312,2024-03-11,5,90.52,22,1,Email
8749,399,167,2024-11-15,1,735.71,16,0,Social
8750,321,84,2024-03-20,3,1190.46,29,0,Ads
8751,237,325,2024-07-31,4,492.49,31,0,Direct
8752,841,170,2024-03-17,4,90.1,25,1,Direct
8753,41,63,2024-09-02,1,848.4,43,1,Direct
8754,579,117,2024-05-04,4,552.8,28,1,Social
8755,327,304,2024-02-12,2,1000.47,44,1,Social
8756,166,144,2024-06-21,3,59.62,4,1,Ads
8757,320,188,2024-01-08,4,1102.11,10,1,Direct
8758,286,156,2024-06-17,3,561.12,16,1,Direct
8759,478,299,2024-02-15,4,324.08,31,1,Social
8760,957,293,2024-10-24,3,459.02,32,1,Social
8761,789,189,2024-12-04,5,95.96,43,1,Ads
8762,844,91,2024-04-03,4,537.4,37,1,Ads
8763,251,315,2024-03-24,5,1057.64,12,1,Ads
8764,144,285,2024-10-03,3,660.52,44,0,Email
8765,944,135,2024-01-25,5,818.93,25,1,Email
8766,865,330,2024-11-13,1,161.05,57,0,Email
8767,251,357,2024-02-29,5,981.18,20,1,Email
8768,727,87,2024-10-30,4,755.7,53,1,Direct
8769,118,175,2024-03-06,5,567.57,22,0,Direct
8770,574,136,2024-08-14,4,1197.72,46,0,Direct
8771,494,49,2024-04-20,5,1164.33,59,1,Ads
8772,847,332,2024-11-02,5,845.71,25,1,Social
8773,499,369,2024-11-07,3,844.29,45,0,Direct
8774,177,387,2024-08-14,3,1137.47,22,1,Email
8775,883,324,2024-03-31,5,510.01,30,1,Email
8776,99,121,2024-07-21,1,985.04,57,1,Ads
8777,25,183,2024-12-20,4,783.04,2,0,Social
8778,531,150,2024-09-23,4,932.75,28,1,Direct
8779,626,78,2024-06-25,1,880.28,12,0,Email
8780,829,10,2024-09-29,2,689.17,11,0,Social
8781,300,168,2024-10-21,3,1107.94,40,1,Email
8782,963,184,2024-01-30,4,224.85,30,0,Ads
8783,414,4,2024-12-01,3,1140.45,23,0,Social
8784,949,152,2024-12-26,2,1059.51,22,0,Email
8785,15,229,2024-11-02,4,631.61,1,0,Social
8786,367,42,2024-08-19,2,905.2,53,0,Ads
8787,920,260,2024-03-13,2,1144.29,56,0,Direct
8788,332,78,2024-01-30,1,748.09,45,1,Email
8789,899,101,2024-02-25,2,674.36,48,0,Email
8790,640,132,2024-04-22,1,393.54,6,0,Social
8791,474,290,2024-05-30,2,472.99,6,0,Ads
8792,538,261,2024-08-13,5,750.19,32,1,Ads
8793,656,193,2024-01-30,2,618.46,34,0,Social
8794,454,114,2024-12-26,2,577.97,30,1,Ads
8795,418,182,2024-10-17,3,767.92,27,0,Direct
8796,686,22,2024-06-19,4,1090.2,28,0,Email
8797,585,310,2024-02-29,3,1182.05,43,0,Direct
8798,327,396,2024-12-29,1,760.28,7,0,Ads
8799,262,204,2024-07-07,3,148.68,22,0,Email
8800,20,232,2024-06-09,3,150.36,23,1,Email
8801,881,76,2024-03-03,2,434.03,3,1,Ads
8802,13,268,2024-07-10,4,208.67,41,0,Email
8803,447,364,2024-12-12,5,879.77,37,1,Social
8804,943,400,2024-06-21,4,630.2,6,1,Email
8805,40,331,2024-12-04,1,584.1,29,0,Direct
8806,249,292,2024-07-12,5,550.02,21,0,Social
8807,212,220,2024-11-21,3,428.84,24,1,Ads
8808,780,327,2024-05-18,4,1029.37,60,0,Email
8809,18,336,2024-12-26,3,755.08,32,1,Direct
8810,827,194,2024-02-18,4,898.6,50,0,Social
8811,196,35,2024-04-17,4,585.38,12,0,Direct
8812,793,341,2024-11-22,2,194.01,57,1,Ads
8813,301,186,2024-05-25,3,501.34,27,0,Email
8814,307,108,2024-06-05,4,601.89,6,0,Email
8815,650,128,2024-11-21,4,979.61,35,1,Social
8816,714,291,2024-10-14,4,747.17,12,0,Ads
8817,113,190,2024-05-01,1,830.41,26,0,Direct
8818,984,182,2024-12-23,1,964.88,10,0,Direct
8819,220,1,2024-07-08,3,1176.53,54,0,Ads
8820,734,398,2024-06-05,4,528.92,18,1,Email
8821,702,154,2024-05-06,5,1145.2,51,1,Ads
8822,917,115,2024-02-28,4,1124.47,58,1,Email
8823,707,349,2024-08-19,3,137.98,23,1,Social
8824,679,316,2024-08-10,5,1131.4,14,1,Direct
8825,757,68,2024-10-05,3,1077.86,8,0,Ads
8826,588,96,2024-07-12,5,158.98,36,1,Social
8827,198,146,2024-08-10,5,413.05,26,0,Direct
8828,550,151,2024-06-10,3,410.77,2,1,Direct
8829,126,377,2024-12-16,1,633.91,47,1,Email
8830,811,264,2024-07-29,4,833.89,15,1,Direct
8831,614,367,2024-03-18,2,1168.69,3,0,Social
8832,45,244,2024-06-06,5,947.48,50,1,Ads
8833,585,255,2024-01-03,1,744.16,11,1,Email
8834,872,66,2024-02-21,4,626.01,33,1,Ads
8835,629,137,2024-01-18,4,1020.28,52,1,Direct
8836,898,361,2024-04-11,1,854.9,27,0,Email
8837,364,389,2024-12-23,2,15.95,32,1,Email
8838,441,226,2024-12-04,1,1083.44,50,0,Email
8839,197,133,2024-08-03,3,134.81,58,0,Ads
8840,684,340,2024-08-19,3,736.17,55,1,Email
8841,117,247,2024-05-29,2,489.25,15,1,Email
8842,818,318,2024-04-23,3,1090.25,3,1,Social
8843,276,357,2024-03-04,2,869.0,59,0,Direct
8844,731,55,2024-09-19,3,1189.09,3,0,Email
8845,666,168,2024-01-20,5,279.44,45,0,Direct
8846,66,320,2024-07-28,2,426.43,34,0,Email
8847,112,127,2024-02-04,2,836.22,56,1,Ads
8848,722,215,2024-04-30,2,907.32,58,1,Ads
8849,54,348,2024-03-14,3,712.51,20,1,Ads
8850,529,374,2024-04-03,2,540.17,45,0,Direct
8851,859,126,2024-06-16,2,839.84,39,1,Ads
8852,292,200,2024-05-31,5,763.91,44,0,Social
8853,984,334,2024-05-30,5,775.27,43,1,Direct
8854,795,18,2024-08-24,4,514.05,19,1,Ads
8855,109,120,2024-06-12,2,135.63,36,0,Email
8856,288,367,2024-08-31,3,1099.45,50,1,Ads
8857,432,197,2024-09-14,4,1055.48,60,1,Social
8858,353,245,2024-05-06,4,639.59,20,1,Email
8859,940,360,2024-11-12,2,706.79,50,1,Direct
8860,978,154,2024-12-17,5,776.94,21,1,Social
8861,681,28,2024-07-18,5,907.19,49,1,Ads
8862,209,129,2024-03-18,1,261.51,17,1,Social
8863,947,91,2024-01-22,1,134.52,7,1,Direct
8864,987,133,2024-01-05,5,197.47,33,0,Ads
8865,980,192,2024-07-25,4,635.06,53,0,Email
8866,207,174,2024-10-02,2,54.87,15,0,Ads
8867,21,218,2024-12-17,4,1194.83,21,0,Social
8868,114,274,2024-08-02,3,1099.5,38,0,Social
8869,557,108,2024-01-03,3,1182.46,6,1,Ads
8870,276,196,2024-05-23,2,427.36,48,0,Social
8871,480,133,2024-10-21,1,815.82,18,1,Direct
8872,177,175,2024-04-02,3,775.88,56,0,Direct
8873,566,199,2024-08-01,2,894.29,51,1,Email
8874,514,140,2024-11-09,5,312.75,33,0,Ads
8875,391,228,2024-12-01,5,922.47,9,0,Ads
8876,677,317,2024-08-19,2,598.19,43,0,Ads
8877,924,253,2024-04-21,2,514.2,46,0,Email
8878,755,373,2024-08-12,4,652.75,15,0,Ads
8879,651,60,2024-02-22,5,755.1,35,0,Social
8880,533,228,2024-08-04,4,859.36,54,0,Direct
8881,614,325,2024-08-23,3,999.7,6,0,Email
8882,38,162,2024-12-01,2,322.98,27,1,Direct
8883,192,296,2024-03-30,5,221.5,35,1,Email
8884,312,14,2024-12-22,2,745.58,12,1,Social
8885,516,157,2024-08-07,5,1162.88,29,1,Social
8886,37,30,2024-01-08,3,156.68,47,0,Ads
8887,294,4,2024-09-10,2,526.88,60,1,Ads
8888,709,30,2024-12-12,4,1092.99,27,1,Direct
8889,352,138,2024-07-17,3,732.33,2,0,Email
8890,335,253,2024-03-31,5,546.87,26,1,Email
8891,851,31,2024-08-01,4,653.32,41,0,Email
8892,741,165,2024-08-14,1,417.36,36,0,Email
8893,554,352,2024-07-27,2,99.73,45,1,Ads
8894,350,121,2024-09-13,5,695.77,42,0,Email
8895,780,203,2024-09-30,1,621.44,35,1,Email
8896,69,6,2024-01-25,1,472.48,24,0,Ads
8897,158,353,2024-11-03,1,1185.54,24,0,Direct
8898,329,372,2024-08-28,3,312.06,26,1,Social
8899,459,315,2024-01-21,2,747.98,56,0,Direct
8900,859,61,2024-02-24,4,858.49,41,0,Email
8901,684,221,2024-03-22,1,125.07,8,1,Email
8902,796,356,2024-01-16,3,706.9,9,0,Email
8903,79,235,2024-10-22,5,442.74,4,0,Direct
8904,645,337,2024-02-20,5,289.34,1,1,Ads
8905,342,19,2024-06-30,5,758.84,57,1,Social
8906,104,152,2024-04-04,3,523.35,25,1,Direct
8907,697,5,2024-05-18,5,443.3,3,1,Direct
8908,292,234,2024-05-10,4,877.63,16,1,Direct
8909,155,349,2024-04-21,4,663.65,5,0,Email
8910,31,110,2024-05-29,4,242.23,35,1,Email
8911,103,375,2024-04-07,5,779.09,13,1,Ads
8912,309,39,2024-02-20,3,697.18,54,0,Social
8913,889,296,2024-07-06,2,213.1,50,1,Ads
8914,13,117,2024-08-14,1,1188.63,23,1,Ads
8915,856,262,2024-11-20,3,733.68,50,1,Email
8916,984,92,2024-05-09,3,874.28,14,0,Email
8917,578,362,2024-02-11,5,756.11,47,0,Direct
8918,252,339,2024-03-28,1,622.1,24,0,Ads
8919,143,76,2024-02-11,1,1064.47,8,1,Ads
8920,965,282,2024-09-25,5,1008.66,11,1,Direct
8921,867,299,2024-06-15,3,652.88,27,0,Ads
8922,306,329,2024-06-23,1,1131.23,60,0,Email
8923,58,129,2024-05-29,5,1100.05,44,1,Direct
8924,798,284,2024-07-14,4,645.18,18,1,Email
8925,134,394,2024-08-01,4,906.68,13,0,Email
8926,488,301,2024-12-30,2,580.6,52,0,Social
8927,899,379,2024-01-10,5,229.15,40,0,Email
8928,797,360,2024-07-13,1,1147.81,52,1,Email
8929,637,135,2024-07-18,3,324.9,19,1,Ads
8930,571,6,2024-12-19,2,956.81,31,0,Ads
8931,93,100,2024-01-16,1,924.5,9,0,Ads
8932,556,246,2024-05-31,4,234.13,24,1,Email
8933,482,223,2024-03-19,5,237.37,53,1,Email
8934,116,193,2024-11-22,2,975.05,8,0,Direct
8935,104,55,2024-02-21,3,1104.12,4,0,Social
8936,504,198,2024-07-10,1,912.53,24,0,Direct
8937,634,6,2024-08-30,3,285.65,10,0,Social
8938,922,12,2024-08-28,4,323.18,2,0,Direct
8939,627,47,2024-05-15,2,31.76,59,1,Ads
8940,672,25,2024-11-03,4,514.1,8,0,Social
8941,782,158,2024-09-20,3,958.75,56,0,Direct
8942,533,23,2024-04-09,4,477.19,59,0,Direct
8943,968,171,2024-07-22,5,1039.55,23,0,Social
8944,297,50,2024-10-25,3,836.1,57,1,Email
8945,139,366,2024-01-11,1,856.46,24,1,Ads
8946,578,220,2024-08-16,2,1015.28,30,1,Direct
8947,737,315,2024-03-13,5,953.67,17,1,Social
8948,22,314,2024-04-03,1,31.87,6,0,Email
8949,369,103,2024-09-25,2,619.36,3,1,Direct
8950,418,363,2024-02-03,4,824.78,50,0,Email
8951,956,70,2024-07-25,3,1062.71,22,0,Social
8952,189,283,2024-08-26,2,682.33,8,1,Direct
8953,166,387,2024-09-14,2,836.11,23,0,Ads
8954,741,194,2024-10-30,5,341.65,42,1,Ads
8955,746,382,2024-03-21,5,1040.57,30,0,Email
8956,598,25,2024-06-21,4,195.73,30,1,Email
8957,921,86,2024-12-20,4,793.57,59,1,Ads
8958,668,29,2024-04-18,2,444.45,32,1,Email
8959,306,19,2024-05-31,3,161.68,42,1,Ads
8960,716,31,2024-05-06,3,917.26,51,1,Social
8961,1000,205,2024-08-08,1,95.37,23,1,Email
8962,89,66,2024-01-19,3,1087.23,6,1,Ads
8963,714,390,2024-12-20,3,421.82,23,1,Email
8964,275,191,2024-09-20,1,261.37,43,1,Email
8965,602,226,2024-02-29,4,112.49,15,1,Direct
8966,403,242,2024-08-18,1,989.13,1,0,Social
8967,408,129,2024-09-16,1,134.87,52,1,Ads
8968,302,238,2024-08-28,2,166.87,12,0,Email
8969,569,15,2024-04-18,4,142.87,53,1,Ads
8970,128,139,2024-06-08,4,132.84,14,0,Direct
8971,574,217,2024-07-31,5,444.15,8,1,Ads
8972,468,299,2024-10-11,3,487.97,27,1,Social
8973,939,86,2024-05-14,3,68.88,13,0,Direct
8974,499,293,2024-02-21,1,28.45,38,1,Social
8975,39,296,2024-10-19,4,512.23,25,1,Email
8976,992,310,2024-11-26,1,223.58,32,0,Social
8977,411,155,2024-02-14,3,991.61,2,0,Direct
8978,400,21,2024-01-15,5,1043.64,13,0,Email
8979,865,348,2024-07-18,2,1084.38,7,1,Direct
8980,21,222,2024-06-16,2,1172.48,27,0,Ads
8981,350,75,2024-12-03,1,272.55,20,0,Social
8982,788,13,2024-08-08,3,298.87,43,0,Social
8983,717,14,2024-10-31,5,265.15,1,1,Social
8984,35,295,2024-09-04,3,346.11,2,1,Direct
8985,401,164,2024-08-05,5,890.53,41,1,Social
8986,353,127,2024-09-11,4,1039.85,57,1,Social
8987,404,127,2024-12-26,1,670.27,26,1,Ads
8988,427,156,2024-05-27,5,832.13,10,0,Ads
8989,589,372,2024-04-27,5,1113.1,32,1,Social
8990,48,292,2024-12-18,3,262.45,31,0,Ads
8991,660,12,2024-04-21,1,1183.1,1,0,Ads
8992,946,163,2024-03-22,2,206.23,52,0,Ads
8993,751,56,2024-11-02,3,467.66,17,0,Social
8994,948,288,2024-12-24,4,83.51,16,1,Social
8995,668,152,2024-11-27,1,990.38,54,1,Social
8996,38,364,2024-10-12,5,1151.54,6,1,Social
8997,998,128,2024-02-03,4,240.54,24,1,Social
8998,590,356,2024-07-04,5,504.25,12,0,Email
8999,560,125,2024-03-19,4,230.5,19,1,Social
9000,286,199,2024-03-29,4,573.7,18,1,Social
9001,416,120,2024-02-18,1,909.67,28,1,Direct
9002,247,287,2024-09-06,1,887.47,16,0,Social
9003,508,120,2024-05-18,1,733.73,5,0,Social
9004,253,383,2024-09-22,1,167.24,25,1,Social
9005,556,162,2024-05-21,2,944.87,47,1,Email
9006,512,99,2024-02-03,2,1042.57,60,1,Ads
9007,418,142,2024-07-21,4,16.48,23,0,Social
9008,626,134,2024-01-03,4,232.72,13,0,Social
9009,683,2,2024-01-28,4,891.19,31,0,Social
9010,368,51,2024-04-01,4,452.26,21,0,Direct
9011,201,40,2024-12-10,4,844.25,31,0,Direct
9012,286,67,2024-01-30,3,1123.08,1,0,Email
9013,432,55,2024-02-05,5,1167.56,44,1,Email
9014,741,78,2024-10-12,1,271.45,7,0,Social
9015,555,106,2024-01-12,4,374.77,17,0,Ads
9016,966,317,2024-08-16,4,555.91,7,1,Email
9017,607,134,2024-08-18,3,1046.96,18,1,Social
9018,788,253,2024-08-14,4,62.06,42,1,Ads
9019,643,150,2024-03-14,1,621.25,29,0,Direct
9020,412,302,2024-03-29,2,129.18,1,1,Social
9021,506,202,2024-12-14,5,945.24,50,0,Direct
9022,239,350,2024-06-12,2,84.75,16,1,Social
9023,805,75,2024-07-14,5,224.68,35,0,Direct
9024,161,370,2024-08-29,1,589.17,17,1,Email
9025,610,110,2024-12-16,2,172.55,59,0,Ads
9026,791,81,2024-09-25,5,334.11,13,1,Social
9027,380,289,2024-03-01,2,1142.58,17,0,Email
9028,150,343,2024-11-04,5,1073.63,4,0,Ads
9029,684,38,2024-02-08,2,1148.43,25,0,Ads
9030,323,202,2024-05-31,4,249.76,17,0,Ads
9031,258,232,2024-01-25,3,915.69,14,0,Social
9032,1000,183,2024-07-25,4,748.79,31,1,Social
9033,493,52,2024-06-22,2,34.38,42,0,Social
9034,204,26,2024-06-16,3,1141.35,30,0,Social
9035,941,298,2024-10-15,5,961.17,45,1,Social
9036,66,345,2024-03-28,3,315.74,22,0,Email
9037,987,355,2024-02-20,1,768.81,47,0,Email
9038,869,215,2024-02-07,2,835.05,15,1,Direct
9039,135,147,2024-02-09,3,780.01,43,0,Social
9040,759,388,2024-08-31,3,183.58,32,1,Direct
9041,229,146,2024-06-12,5,948.41,43,0,Social
9042,625,146,2024-04-16,5,777.48,20,1,Social
9043,694,131,2024-11-28,5,923.27,6,0,Ads
9044,470,384,2024-02-26,3,929.38,23,0,Social
9045,482,13,2024-10-03,2,983.83,31,1,Direct
9046,877,379,2024-11-05,4,1030.89,49,1,Email
9047,253,204,2024-09-03,5,946.17,40,0,Direct
9048,21,281,2024-08-08,2,67.66,16,0,Direct
9049,896,301,2024-03-03,3,81.46,25,0,Ads
9050,775,46,2024-01-04,1,1108.22,12,0,Social
9051,444,200,2024-08-12,2,637.29,24,0,Social
9052,338,155,2024-04-11,3,122.03,58,1,Direct
9053,391,317,2024-09-09,4,890.9,17,0,Direct
9054,959,332,2024-04-05,4,551.68,57,0,Social
9055,953,399,2024-12-31,3,1020.54,54,0,Ads
9056,470,352,2024-11-12,4,949.08,35,1,Direct
9057,395,16,2024-09-27,1,910.84,59,0,Social
9058,860,139,2024-09-04,1,793.96,27,0,Ads
9059,903,135,2024-01-17,4,621.92,39,1,Direct
9060,472,394,2024-11-26,3,138.02,24,1,Direct
9061,91,322,2024-10-09,3,599.46,9,0,Direct
9062,979,212,2024-05-19,2,34.94,1,1,Direct
9063,712,263,2024-03-18,2,80.11,44,1,Social
9064,542,282,2024-04-06,2,485.07,26,1,Direct
9065,535,24,2024-07-11,1,193.75,33,1,Direct
9066,977,197,2024-02-25,5,530.65,26,1,Social
9067,19,340,2024-12-20,4,447.79,14,0,Direct
9068,25,226,2024-11-21,5,864.64,22,0,Email
9069,213,313,2024-04-10,2,562.28,42,0,Ads
9070,781,335,2024-09-25,3,445.69,23,0,Email
9071,998,248,2024-03-05,3,584.79,31,0,Email
9072,869,393,2024-05-05,4,607.09,15,1,Direct
9073,894,384,2024-02-03,3,945.11,26,1,Direct
9074,294,75,2024-04-06,4,832.7,10,0,Ads
9075,466,72,2024-03-21,5,71.3,24,0,Email
9076,260,69,2024-05-03,4,422.43,50,0,Direct
9077,585,366,2024-11-20,5,315.55,27,0,Ads
9078,986,262,2024-06-29,3,801.56,22,0,Ads
9079,908,200,2024-05-09,2,1070.5,48,0,Direct
9080,360,2,2024-08-11,4,917.29,5,1,Ads
9081,943,267,2024-06-30,4,346.25,10,1,Social
9082,360,228,2024-04-02,3,205.26,1,0,Ads
9083,917,56,2024-05-25,2,368.21,4,1,Ads
9084,964,63,2024-09-28,1,780.06,54,0,Ads
9085,400,323,2024-08-10,5,569.68,33,0,Direct
9086,394,44,2024-01-02,2,663.49,25,1,Social
9087,377,85,2024-08-04,4,307.56,15,1,Social
9088,902,135,2024-11-06,3,1090.08,31,1,Ads
9089,842,123,2024-05-15,4,482.9,37,1,Social
9090,431,115,2024-06-20,3,910.03,40,1,Direct
9091,206,199,2024-02-06,1,245.26,30,1,Social
9092,311,315,2024-04-15,4,859.64,45,0,Ads
9093,277,143,2024-07-05,5,955.37,25,1,Email
9094,219,118,2024-07-16,1,165.79,39,0,Email
9095,107,344,2024-07-09,4,931.12,43,0,Direct
9096,725,107,2024-12-04,1,751.53,35,1,Ads
9097,426,306,2024-11-25,3,372.37,59,0,Ads
9098,442,30,2024-11-25,2,158.66,3,0,Direct
9099,322,44,2024-10-05,2,355.55,10,0,Social
9100,138,230,2024-11-05,3,464.55,39,0,Social
9101,132,44,2024-10-25,3,1081.52,23,1,Email
9102,578,227,2024-02-04,2,710.43,51,0,Direct
9103,569,64,2024-12-28,5,346.15,28,1,Email
9104,399,353,2024-11-19,4,435.7,32,1,Email
9105,798,156,2024-06-14,4,1084.89,13,1,Email
9106,597,290,2024-09-26,4,308.28,52,0,Email
9107,671,109,2024-07-22,3,46.69,28,0,Direct
9108,930,91,2024-07-24,2,300.06,53,1,Email
9109,740,398,2024-01-18,3,134.95,60,0,Email
9110,988,325,2024-09-08,3,57.92,10,0,Social
9111,648,18,2024-04-19,2,458.85,29,1,Direct
9112,208,34,2024-07-19,2,694.11,28,1,Email
9113,63,266,2024-09-25,1,642.93,11,1,Ads
9114,283,167,2024-08-20,4,641.42,20,0,Direct
9115,225,228,2024-08-13,4,68.95,55,1,Direct
9116,728,315,2024-05-31,1,463.24,45,0,Ads
9117,509,67,2024-04-09,1,193.79,8,0,Ads
9118,970,351,2024-10-12,5,942.17,8,0,Social
9119,177,216,2024-03-13,4,805.61,43,1,Social
9120,857,111,2024-02-12,2,974.13,28,1,Ads
9121,504,164,2024-02-01,3,103.69,25,1,Ads
9122,372,185,2024-05-25,2,165.45,16,0,Direct
9123,812,101,2024-02-19,3,278.76,57,1,Ads
9124,740,280,2024-05-08,5,1170.45,27,1,Ads
9125,966,233,2024-09-28,3,965.57,24,1,Direct
9126,228,92,2024-06-18,5,193.72,37,1,Email
9127,244,315,2024-10-21,3,730.0,52,1,Direct
9128,319,8,2024-05-25,2,189.61,10,0,Social
9129,174,358,2024-01-15,5,767.99,22,1,Social
9130,896,88,2024-04-15,1,789.41,7,0,Direct
9131,884,179,2024-05-25,3,1020.33,6,1,Email
9132,798,251,2024-09-22,5,111.92,9,0,Email
9133,555,399,2024-03-10,2,122.07,5,0,Ads
9134,444,88,2024-09-07,1,142.96,30,0,Direct
9135,998,103,2024-04-05,2,110.95,21,1,Direct
9136,82,330,2024-05-11,4,293.59,29,1,Email
9137,290,124,2024-08-26,4,898.73,31,0,Direct
9138,695,365,2024-04-26,1,516.25,56,1,Social
9139,489,2,2024-02-12,5,546.22,55,1,Direct
9140,962,141,2024-05-10,4,619.17,24,1,Ads
9141,216,51,2024-09-09,4,1080.26,53,1,Direct
9142,707,147,2024-02-26,2,656.38,40,1,Ads
9143,383,202,2024-04-01,4,86.27,50,1,Social
9144,95,4,2024-10-17,1,363.06,15,0,Email
9145,629,198,2024-05-17,5,465.35,39,1,Email
9146,127,218,2024-09-04,2,96.38,10,0,Direct
9147,432,24,2024-02-19,5,1083.15,45,1,Ads
9148,848,52,2024-03-13,2,72.76,60,0,Direct
9149,450,226,2024-11-07,3,463.17,43,1,Ads
9150,786,116,2024-08-03,1,107.83,37,0,Social
9151,51,70,2024-01-04,5,510.54,36,1,Ads
9152,627,187,2024-04-13,2,166.78,19,1,Ads
9153,344,70,2024-02-17,2,280.52,14,1,Direct
9154,355,228,2024-03-23,5,783.95,42,0,Ads
9155,231,360,2024-01-11,3,982.2,37,0,Ads
9156,292,384,2024-09-20,3,450.81,19,1,Direct
9157,245,29,2024-12-25,4,944.08,10,1,Direct
9158,260,370,2024-12-11,4,606.39,26,1,Ads
9159,650,173,2024-08-31,5,416.89,5,0,Direct
9160,759,196,2024-09-29,2,164.35,3,0,Ads
9161,311,143,2024-04-14,2,840.93,26,1,Social
9162,697,124,2024-01-31,1,750.09,26,1,Social
9163,303,13,2024-09-11,3,1161.68,23,1,Ads
9164,809,63,2024-10-01,4,974.96,35,0,Email
9165,328,233,2024-07-30,4,501.79,11,1,Ads
9166,139,321,2024-12-07,4,983.31,46,1,Direct
9167,125,200,2024-05-04,4,468.73,21,0,Direct
9168,890,161,2024-06-12,4,1072.42,3,0,Email
9169,370,170,2024-10-25,5,670.48,41,1,Direct
9170,237,6,2024-03-19,4,216.98,35,0,Direct
9171,71,229,2024-03-06,3,158.35,19,1,Direct
9172,195,174,2024-03-02,4,660.29,4,1,Email
9173,314,204,2024-04-30,4,559.0,11,0,Direct
9174,786,34,2024-11-01,1,965.81,33,1,Email
9175,238,157,2024-08-06,2,822.41,15,0,Email
9176,425,59,2024-08-08,2,710.37,49,1,Ads
9177,47,44,2024-03-08,4,41.71,50,1,Direct
9178,734,377,2024-10-01,3,260.67,17,0,Direct
9179,864,376,2024-01-31,2,68.63,47,1,Email
9180,294,61,2024-09-15,1,727.55,9,1,Ads
9181,180,106,2024-08-23,5,134.95,26,0,Social
9182,47,33,2024-01-22,4,93.48,10,0,Ads
9183,131,244,2024-01-15,3,881.53,42,0,Email
9184,341,343,2024-05-10,4,1145.69,18,0,Direct
9185,439,3,2024-05-12,4,948.51,38,1,Ads
9186,469,393,2024-09-26,3,744.46,3,1,Email
9187,638,292,2024-03-28,4,128.05,22,1,Social
9188,608,77,2024-02-14,5,80.01,57,1,Direct
9189,280,21,2024-07-11,4,978.65,53,0,Email
9190,737,241,2024-06-19,5,1163.4,7,1,Email
9191,837,164,2024-01-18,4,277.01,25,1,Ads
9192,746,153,2024-02-10,3,16.35,18,0,Ads
9193,63,259,2024-10-11,2,366.29,28,1,Direct
9194,757,92,2024-09-02,1,796.97,10,0,Ads
9195,232,126,2024-05-12,1,370.46,32,1,Direct
9196,388,34,2024-08-03,3,399.17,3,1,Ads
9197,365,20,2024-05-30,3,74.12,34,0,Social
9198,754,128,2024-06-11,4,51.71,38,1,Direct
9199,165,108,2024-08-06,1,958.31,43,0,Social
9200,922,148,2024-12-20,3,357.08,15,1,Direct
9201,157,65,2024-06-07,3,538.5,18,0,Email
9202,785,190,2024-01-28,1,878.06,59,1,Ads
9203,254,284,2024-10-14,2,1181.58,42,1,Ads
9204,874,287,2024-02-22,4,488.7,60,0,Social
9205,567,117,2024-06-16,2,1169.74,27,0,Direct
9206,365,103,2024-04-21,2,1086.38,5,1,Email
9207,194,35,2024-08-24,3,618.37,60,0,Social
9208,834,180,2024-09-01,1,160.32,7,1,Ads
9209,1000,98,2024-07-03,3,796.24,7,0,Social
9210,576,49,2024-03-12,4,489.96,44,0,Ads
9211,728,177,2024-02-28,4,1012.95,31,1,Email
9212,749,271,2024-09-11,4,411.58,26,0,Email
9213,978,153,2024-02-16,3,82.09,31,0,Direct
9214,251,239,2024-11-26,1,839.12,8,0,Direct
9215,140,149,2024-06-27,3,1096.11,45,1,Email
9216,925,324,2024-03-09,5,366.87,30,1,Social
9217,77,322,2024-01-16,1,651.36,22,0,Direct
9218,548,36,2024-07-24,2,540.98,29,0,Direct
9219,887,170,2024-10-30,2,925.5,4,0,Direct
9220,481,229,2024-08-01,3,1185.75,30,1,Ads
9221,135,158,2024-11-09,3,403.55,47,0,Ads
9222,522,324,2024-01-04,4,73.07,48,1,Social
9223,496,11,2024-08-21,2,684.11,56,1,Social
9224,203,349,2024-01-26,3,74.74,31,1,Direct
9225,741,328,2024-11-27,3,1148.29,6,1,Social
9226,358,168,2024-07-28,5,405.67,31,1,Direct
9227,495,292,2024-05-17,2,1128.13,39,1,Direct
9228,853,83,2024-08-27,5,901.08,27,1,Direct
9229,585,302,2024-12-11,5,1121.84,34,1,Email
9230,378,308,2024-09-26,5,1060.97,44,1,Email
9231,647,132,2024-03-21,3,339.2,57,1,Direct
9232,777,279,2024-04-04,4,113.11,12,0,Ads
9233,253,345,2024-05-14,3,174.32,32,0,Email
9234,886,61,2024-10-19,5,775.55,21,1,Direct
9235,937,191,2024-02-08,1,691.21,25,1,Email
9236,545,283,2024-11-13,4,749.08,16,1,Ads
9237,348,250,2024-01-05,4,1050.27,43,1,Direct
9238,777,85,2024-09-26,5,778.4,49,0,Email
9239,654,314,2024-06-15,3,180.25,32,0,Email
9240,620,119,2024-01-18,1,1187.29,23,1,Direct
9241,204,319,2024-02-20,5,995.8,42,1,Direct
9242,480,77,2024-09-07,4,861.5,15,0,Direct
9243,599,46,2024-03-04,1,270.29,56,1,Email
9244,502,251,2024-07-01,4,891.58,5,0,Social
9245,436,357,2024-01-17,5,791.7,20,0,Ads
9246,466,363,2024-12-23,3,939.47,9,0,Ads
9247,607,279,2024-06-27,4,1133.26,13,0,Email
9248,415,350,2024-04-12,4,1035.4,40,0,Social
9249,212,258,2024-06-01,3,703.98,25,1,Social
9250,468,85,2024-04-06,3,1042.84,1,1,Social
9251,265,295,2024-09-11,2,707.11,42,0,Direct
9252,749,341,2024-01-07,5,1151.52,1,0,Social
9253,638,373,2024-11-02,4,500.56,36,1,Ads
9254,47,166,2024-04-15,1,706.77,53,1,Social
9255,646,363,2024-09-01,4,312.1,31,0,Email
9256,370,160,2024-04-18,2,180.13,34,1,Email
9257,642,210,2024-01-25,1,69.73,2,1,Email
9258,352,222,2024-02-05,1,694.98,36,0,Social
9259,736,283,2024-07-21,4,589.34,4,0,Ads
9260,909,250,2024-10-03,4,203.91,7,1,Ads
9261,103,389,2024-03-14,4,178.31,36,1,Ads
9262,834,168,2024-06-28,5,1056.45,28,0,Direct
9263,325,17,2024-01-21,2,397.48,7,0,Email
9264,624,281,2024-03-04,4,362.44,60,0,Email
9265,192,335,2024-12-22,5,420.69,36,0,Ads
9266,744,165,2024-05-23,4,70.44,2,1,Ads
9267,998,101,2024-05-23,4,364.75,23,0,Direct
9268,464,400,2024-10-31,2,672.47,24,0,Ads
9269,856,264,2024-05-26,2,845.09,17,1,Email
9270,250,131,2024-03-10,2,704.55,47,1,Direct
9271,265,66,2024-05-27,2,364.33,51,1,Social
9272,83,172,2024-09-29,4,968.37,30,1,Direct
9273,199,359,2024-07-26,3,705.81,51,1,Email
9274,595,246,2024-04-21,1,985.03,14,1,Ads
9275,279,216,2024-10-22,2,529.91,19,1,Direct
9276,846,145,2024-02-16,3,445.99,37,1,Email
9277,410,99,2024-05-05,3,930.89,41,0,Email
9278,147,300,2024-02-26,4,482.91,2,1,Email
9279,327,339,2024-04-25,4,385.7,35,0,Ads
9280,708,67,2024-10-30,3,988.56,44,1,Ads
9281,354,9,2024-01-11,1,666.7,4,1,Social
9282,809,158,2024-02-08,1,256.73,26,1,Ads
9283,745,355,2024-05-05,1,868.24,5,1,Direct
9284,545,209,2024-07-22,3,797.52,44,0,Ads
9285,313,260,2024-03-05,2,922.89,34,0,Email
9286,741,234,2024-04-01,5,499.46,48,0,Social
9287,736,199,2024-11-15,5,709.01,24,1,Ads
9288,72,329,2024-08-27,4,173.21,60,0,Direct
9289,561,115,2024-12-23,4,782.76,44,0,Ads
9290,483,392,2024-02-13,2,322.43,51,1,Social
9291,248,265,2024-11-20,1,278.5,8,0,Ads
9292,465,389,2024-07-04,4,1106.6,3,0,Email
9293,654,58,2024-05-13,1,589.33,26,1,Email
9294,753,219,2024-07-30,3,307.76,42,1,Ads
9295,117,330,2024-02-01,4,1032.27,38,0,Social
9296,264,326,2024-02-08,2,668.97,32,1,Ads
9297,645,346,2024-06-12,3,188.49,29,0,Email
9298,978,76,2024-12-26,1,48.28,10,0,Direct
9299,962,36,2024-12-18,4,628.49,12,0,Direct
9300,444,158,2024-10-11,2,636.51,11,0,Email
9301,589,4,2024-04-23,2,407.59,42,0,Ads
9302,217,234,2024-01-12,2,210.07,30,0,Social
9303,78,17,2024-10-18,5,136.42,12,0,Direct
9304,835,301,2024-03-10,1,889.38,52,1,Email
9305,470,46,2024-04-03,5,487.01,29,0,Direct
9306,758,7,2024-06-19,5,813.82,12,0,Social
9307,4,64,2024-08-27,5,1154.53,2,1,Direct
9308,866,265,2024-08-23,3,674.51,36,1,Social
9309,336,236,2024-05-02,4,315.33,30,1,Direct
9310,328,137,2024-01-20,5,58.64,54,0,Ads
9311,231,117,2024-02-09,2,1016.59,48,1,Direct
9312,102,222,2024-10-05,2,1038.29,14,1,Social
9313,169,49,2024-10-07,3,677.19,56,0,Email
9314,995,271,2024-01-23,5,957.02,6,0,Direct
9315,406,119,2024-04-29,5,728.51,12,1,Ads
9316,737,321,2024-08-21,4,1192.22,18,0,Social
9317,610,243,2024-08-12,3,157.06,55,0,Email
9318,447,51,2024-01-06,3,385.59,49,1,Ads
9319,335,395,2024-07-27,4,1160.55,12,0,Social
9320,117,266,2024-11-02,5,1191.24,21,1,Email
9321,809,342,2024-01-30,3,780.4,22,0,Email
9322,503,5,2024-02-11,5,315.04,16,0,Direct
9323,956,202,2024-07-13,1,636.69,2,0,Direct
9324,545,356,2024-03-24,3,398.97,48,1,Ads
9325,795,317,2024-07-29,1,1057.97,48,0,Ads
9326,969,256,2024-08-09,4,708.02,43,0,Ads
9327,204,52,2024-07-02,4,412.05,50,1,Direct
9328,914,193,2024-10-02,2,862.34,49,0,Direct
9329,586,48,2024-08-12,1,746.66,29,1,Ads
9330,13,319,2024-02-27,5,837.15,10,0,Direct
9331,501,216,2024-12-15,2,105.51,26,1,Direct
9332,911,294,2024-12-08,2,1113.1,42,1,Email
9333,32,150,2024-11-11,3,1017.61,47,0,Social
9334,866,166,2024-02-27,2,729.7,46,1,Social
9335,519,382,2024-09-10,3,771.51,58,1,Email
9336,529,345,2024-05-09,2,611.66,28,1,Ads
9337,54,218,2024-04-22,1,116.79,34,1,Email
9338,42,15,2024-04-16,1,958.18,56,1,Social
9339,676,342,2024-01-24,2,750.0,57,0,Direct
9340,873,55,2024-04-11,4,1143.06,5,1,Social
9341,661,216,2024-07-27,4,365.02,9,1,Ads
9342,906,177,2024-10-06,4,1188.85,51,0,Social
9343,632,78,2024-05-04,1,118.73,34,1,Email
9344,80,125,2024-06-12,3,903.92,22,0,Email
9345,395,34,2024-10-06,4,827.9,38,1,Social
9346,597,298,2024-11-07,3,984.25,15,0,Email
9347,33,398,2024-06-30,2,914.88,5,1,Email
9348,219,269,2024-07-27,3,532.64,11,1,Direct
9349,610,22,2024-12-22,4,785.64,20,0,Email
9350,66,215,2024-12-04,5,992.78,2,1,Ads
9351,70,17,2024-05-15,4,309.06,47,0,Email
9352,381,346,2024-04-12,1,214.1,39,0,Email
9353,844,313,2024-05-15,4,30.91,29,0,Email
9354,845,141,2024-05-31,2,929.13,37,1,Social
9355,596,25,2024-06-21,2,457.97,2,0,Email
9356,850,214,2024-12-31,1,525.12,52,0,Direct
9357,209,219,2024-02-02,5,499.56,36,0,Ads
9358,368,209,2024-05-26,5,105.01,52,1,Direct
9359,800,387,2024-03-05,3,1138.66,11,0,Email
9360,706,102,2024-01-27,3,665.16,25,0,Email
9361,13,390,2024-10-26,1,756.1,23,1,Direct
9362,226,27,2024-07-23,5,814.59,40,0,Email
9363,883,130,2024-09-02,1,212.76,48,0,Email
9364,101,31,2024-04-05,4,385.93,58,1,Direct
9365,281,346,2024-03-10,2,960.98,5,1,Social
9366,586,303,2024-01-08,1,545.25,12,0,Email
9367,57,88,2024-01-18,2,959.66,57,1,Direct
9368,759,296,2024-03-21,2,138.15,21,0,Ads
9369,772,371,2024-12-09,5,1111.56,59,1,Direct
9370,872,325,2024-01-31,1,979.49,2,1,Social
9371,383,129,2024-10-22,1,1134.0,52,0,Social
9372,546,347,2024-07-28,1,286.57,3,0,Email
9373,957,121,2024-11-26,2,879.23,13,1,Direct
9374,607,172,2024-05-10,4,979.04,22,1,Social
9375,298,221,2024-11-07,5,939.26,10,0,Social
9376,70,22,2024-03-14,5,1145.95,8,1,Social
9377,978,307,2024-05-01,5,898.42,14,0,Direct
9378,492,131,2024-08-24,3,402.71,43,1,Email
9379,453,85,2024-12-31,4,740.34,54,1,Ads
9380,263,334,2024-12-22,2,351.88,7,1,Email
9381,334,276,2024-08-21,3,1046.46,55,1,Ads
9382,714,288,2024-10-22,1,304.61,58,1,Ads
9383,443,150,2024-11-29,4,1074.66,47,1,Social
9384,138,151,2024-12-13,2,552.19,50,1,Social
9385,827,353,2024-01-22,4,80.7,16,1,Ads
9386,176,142,2024-01-04,4,348.96,34,0,Direct
9387,173,242,2024-01-16,5,87.54,52,1,Email
9388,141,79,2024-05-28,2,837.15,39,1,Email
9389,183,9,2024-06-15,5,954.18,29,1,Direct
9390,615,67,2024-12-07,5,56.53,23,1,Email
9391,654,291,2024-12-07,4,143.5,42,1,Direct
9392,83,175,2024-03-24,4,882.48,27,1,Direct
9393,336,12,2024-03-26,4,820.52,13,0,Ads
9394,605,120,2024-11-09,4,624.71,48,0,Social
9395,907,297,2024-05-16,3,817.26,40,0,Direct
9396,988,125,2024-10-22,5,957.63,18,0,Direct
9397,184,351,2024-02-15,5,440.65,10,1,Ads
9398,56,6,2024-09-05,1,140.63,35,0,Social
9399,976,354,2024-01-16,1,879.11,17,1,Social
9400,150,302,2024-12-17,3,119.66,22,0,Email
9401,384,189,2024-01-26,2,345.05,14,1,Social
9402,510,264,2024-08-03,5,68.6,19,0,Ads
9403,134,67,2024-12-09,5,1096.03,53,0,Ads
9404,520,192,2024-06-07,4,796.02,23,0,Social
9405,881,106,2024-04-02,1,728.88,26,1,Direct
9406,654,180,2024-01-27,1,943.53,31,1,Ads
9407,254,317,2024-03-30,3,590.07,8,0,Email
9408,183,128,2024-02-27,1,483.92,52,0,Email
9409,453,145,2024-07-30,3,70.48,45,0,Email
9410,283,70,2024-11-14,3,831.09,55,0,Ads
9411,279,314,2024-02-05,1,246.57,6,0,Email
9412,339,315,2024-03-12,4,756.23,47,1,Email
9413,204,368,2024-01-18,4,1059.49,57,1,Email
9414,310,268,2024-11-15,1,557.4,8,0,Direct
9415,482,151,2024-01-19,3,662.55,48,1,Social
9416,487,138,2024-02-01,1,1111.64,51,1,Direct
9417,826,78,2024-03-26,5,1001.13,42,0,Social
9418,25,286,2024-08-19,2,793.91,60,1,Email
9419,642,254,2024-06-01,5,418.62,20,1,Ads
9420,738,300,2024-06-19,4,196.38,13,0,Social
9421,530,245,2024-08-16,3,986.55,20,1,Social
9422,142,396,2024-05-06,2,941.81,53,1,Social
9423,891,241,2024-08-14,2,80.16,38,1,Social
9424,149,365,2024-05-05,2,701.11,18,1,Ads
9425,152,89,2024-02-07,2,562.75,47,0,Social
9426,335,232,2024-11-11,4,1175.24,48,1,Direct
9427,380,97,2024-12-22,5,826.17,22,1,Ads
9428,794,149,2024-05-12,3,743.67,49,0,Direct
9429,138,71,2024-12-07,2,82.36,58,0,Ads
9430,162,322,2024-02-28,3,866.29,18,1,Social
9431,671,367,2024-06-30,5,99.4,18,0,Ads
9432,40,222,2024-04-06,1,648.66,14,0,Social
9433,923,359,2024-04-27,1,670.88,37,0,Email
9434,312,175,2024-02-28,2,618.16,17,0,Social
9435,677,327,2024-06-20,2,771.13,22,1,Social
9436,156,348,2024-03-15,3,397.35,1,0,Social
9437,30,382,2024-07-22,4,137.13,50,1,Direct
9438,447,282,2024-06-22,4,180.36,28,0,Ads
9439,427,349,2024-10-20,4,265.47,43,0,Direct
9440,811,388,2024-02-14,5,593.5,39,0,Social
9441,532,278,2024-01-31,4,785.83,5,1,Email
9442,563,281,2024-12-01,5,1002.77,51,1,Email
9443,895,113,2024-01-22,3,1098.33,15,1,Ads
9444,530,205,2024-09-26,1,798.69,21,0,Direct
9445,958,320,2024-06-13,4,55.68,10,1,Email
9446,32,200,2024-03-01,5,940.14,33,0,Ads
9447,74,36,2024-12-06,2,1059.16,27,1,Ads
9448,233,325,2024-11-02,5,522.16,55,1,Email
9449,628,225,2024-05-29,5,1075.62,27,1,Direct
9450,753,143,2024-01-27,2,51.61,30,1,Ads
9451,646,114,2024-09-27,3,36.73,45,0,Social
9452,93,241,2024-08-17,4,107.04,4,0,Social
9453,402,392,2024-12-23,2,1097.35,21,0,Direct
9454,188,307,2024-03-01,5,534.49,43,1,Direct
9455,515,327,2024-08-06,3,950.79,60,0,Ads
9456,258,129,2024-05-10,1,1011.63,43,1,Email
9457,334,41,2024-07-28,2,389.23,57,0,Direct
9458,637,312,2024-08-03,2,624.23,37,1,Ads
9459,735,182,2024-01-04,5,287.2,20,1,Ads
9460,545,370,2024-06-30,2,893.82,19,1,Email
9461,269,76,2024-06-23,5,935.44,16,1,Direct
9462,522,328,2024-05-04,5,1122.75,10,0,Email
9463,869,182,2024-04-11,3,400.23,2,1,Email
9464,926,365,2024-12-30,3,624.43,17,1,Social
9465,395,374,2024-01-17,1,432.11,41,0,Ads
9466,545,26,2024-11-19,5,965.52,35,1,Social
9467,790,239,2024-10-11,2,1058.6,46,1,Ads
9468,898,124,2024-06-01,1,1071.41,27,0,Social
9469,988,172,2024-04-13,2,841.12,9,0,Direct
9470,227,301,2024-09-30,3,473.26,14,1,Email
9471,171,31,2024-07-29,4,513.04,11,0,Email
9472,908,190,2024-03-04,5,281.33,18,1,Ads
9473,924,119,2024-03-07,2,481.69,6,0,Email
9474,785,313,2024-04-18,1,255.85,12,1,Ads
9475,898,21,2024-05-01,3,1034.4,10,1,Direct
9476,487,204,2024-03-17,5,862.64,49,1,Social
9477,394,128,2024-04-15,1,531.3,22,0,Ads
9478,764,209,2024-11-27,3,157.53,52,1,Social
9479,327,177,2024-11-24,4,135.08,13,0,Social
9480,844,125,2024-02-15,2,416.09,44,0,Ads
9481,593,177,2024-10-15,1,333.95,40,0,Social
9482,636,255,2024-09-11,2,755.26,36,1,Ads
9483,388,189,2024-07-01,4,298.7,40,0,Social
9484,373,41,2024-09-14,5,990.55,43,0,Email
9485,397,343,2024-11-12,2,532.11,32,0,Ads
9486,996,168,2024-12-12,4,64.19,20,0,Ads
9487,116,237,2024-11-24,1,120.69,33,0,Direct
9488,236,224,2024-12-14,1,202.02,51,0,Ads
9489,219,386,2024-09-04,4,915.54,49,0,Email
9490,848,23,2024-10-14,1,1062.74,20,1,Email
9491,381,253,2024-08-03,2,803.67,18,0,Direct
9492,698,137,2024-01-04,1,1012.52,27,0,Email
9493,746,85,2024-12-05,5,329.43,10,1,Direct
9494,461,11,2024-07-25,2,1025.53,51,0,Social
9495,527,134,2024-04-22,1,687.49,29,1,Direct
9496,228,220,2024-12-23,3,75.83,7,0,Ads
9497,270,95,2024-11-23,5,423.41,30,1,Social
9498,114,2,2024-04-05,3,127.58,23,0,Ads
9499,699,269,2024-01-04,4,188.5,18,1,Direct
9500,450,83,2024-02-06,1,285.46,47,1,Email
9501,878,149,2024-01-25,3,59.68,54,0,Ads
9502,808,207,2024-03-25,4,440.06,1,0,Social
9503,5,62,2024-05-17,3,477.57,47,1,Social
9504,91,363,2024-09-19,4,621.71,33,1,Ads
9505,701,131,2024-04-11,4,839.89,46,1,Social
9506,359,78,2024-10-23,4,1049.94,39,1,Social
9507,119,72,2024-12-13,4,958.4,22,0,Social
9508,741,283,2024-09-26,1,1145.99,36,0,Ads
9509,211,385,2024-09-20,5,658.11,28,1,Direct
9510,283,123,2024-05-16,5,306.88,57,0,Direct
9511,450,320,2024-02-13,5,571.2,8,1,Social
9512,311,259,2024-05-27,5,1189.31,17,0,Social
9513,390,163,2024-09-12,2,98.64,9,0,Direct
9514,681,283,2024-08-26,3,41.2,21,0,Direct
9515,800,292,2024-12-12,4,934.69,10,1,Direct
9516,587,102,2024-03-30,5,116.75,13,1,Social
9517,470,277,2024-11-03,2,1111.93,30,0,Ads
9518,202,50,2024-08-20,1,926.61,9,0,Ads
9519,976,85,2024-06-06,3,1058.75,25,1,Direct
9520,543,20,2024-11-26,2,974.46,47,1,Direct
9521,31,91,2024-06-02,5,492.16,42,1,Direct
9522,424,84,2024-08-13,4,545.3,40,0,Email
9523,315,390,2024-08-11,1,302.77,1,1,Ads
9524,643,158,2024-05-10,2,994.0,29,1,Direct
9525,530,353,2024-02-03,2,419.84,34,1,Ads
9526,699,301,2024-12-26,5,909.53,38,0,Email
9527,500,12,2024-09-01,1,719.77,4,0,Direct
9528,193,400,2024-04-08,4,1108.75,58,0,Direct
9529,735,22,2024-03-22,3,942.76,7,0,Email
9530,903,317,2024-03-10,5,375.42,33,0,Social
9531,826,37,2024-11-19,3,611.16,37,1,Direct
9532,761,293,2024-08-29,2,410.42,26,1,Social
9533,986,383,2024-09-09,1,45.46,45,0,Ads
9534,251,249,2024-04-27,5,553.58,59,0,Email
9535,123,252,2024-03-01,2,1045.33,27,1,Social
9536,817,53,2024-06-30,5,411.71,32,0,Email
9537,889,1,2024-10-16,4,478.94,37,1,Direct
9538,822,388,2024-01-04,4,76.25,48,1,Email
9539,703,319,2024-01-10,2,310.86,6,1,Social
9540,101,108,2024-09-14,2,685.08,26,1,Email
9541,705,312,2024-02-13,3,535.01,30,1,Direct
9542,733,3,2024-02-28,3,839.19,45,0,Email
9543,764,45,2024-02-18,2,1139.46,23,0,Social
9544,635,9,2024-11-28,2,432.32,36,1,Email
9545,539,125,2024-02-22,3,504.44,29,1,Email
9546,169,379,2024-12-05,1,342.9,6,1,Social
9547,392,345,2024-12-11,4,869.43,14,1,Ads
9548,688,225,2024-09-02,5,1079.65,13,0,Ads
9549,245,243,2024-01-09,2,368.29,10,1,Ads
9550,612,371,2024-04-03,3,237.69,33,1,Direct
9551,480,296,2024-03-17,4,809.95,9,1,Email
9552,475,331,2024-04-25,2,455.43,29,1,Social
9553,79,65,2024-10-06,3,442.29,16,1,Social
9554,90,248,2024-03-22,1,151.32,40,0,Direct
9555,11,18,2024-11-29,4,897.15,57,0,Ads
9556,247,209,2024-10-12,5,305.65,10,0,Email
9557,438,186,2024-02-15,5,996.59,27,0,Social
9558,142,322,2024-09-16,2,559.0,26,1,Direct
9559,242,68,2024-03-30,2,690.01,42,1,Ads
9560,597,103,2024-12-21,2,345.65,3,1,Email
9561,839,255,2024-02-09,4,428.61,59,1,Ads
9562,237,361,2024-11-13,1,1019.41,47,1,Email
9563,720,96,2024-09-16,5,234.09,46,0,Ads
9564,145,266,2024-11-28,3,540.21,46,0,Social
9565,57,291,2024-10-25,5,331.86,9,1,Email
9566,835,392,2024-07-15,5,464.6,12,1,Email
9567,764,348,2024-07-27,3,16.31,43,1,Ads
9568,260,291,2024-09-28,1,659.75,37,1,Ads
9569,932,27,2024-10-14,1,873.48,36,1,Ads
9570,994,13,2024-10-31,5,951.79,39,1,Direct
9571,34,23,2024-11-05,2,141.67,25,0,Social
9572,514,228,2024-03-09,1,1076.06,15,1,Email
9573,535,302,2024-09-08,4,620.77,34,1,Ads
9574,537,296,2024-08-26,2,109.88,28,0,Direct
9575,653,117,2024-03-10,3,827.5,9,1,Email
9576,655,157,2024-12-08,3,421.64,7,1,Email
9577,778,161,2024-09-10,1,963.11,16,1,Ads
9578,67,256,2024-10-06,1,359.35,40,0,Email
9579,234,280,2024-11-12,5,647.68,43,1,Social
9580,940,94,2024-09-16,1,462.97,49,0,Social
9581,574,73,2024-08-03,5,1114.78,41,0,Ads
9582,495,113,2024-05-15,4,181.25,9,1,Social
9583,839,120,2024-02-27,2,967.28,30,0,Social
9584,871,243,2024-06-17,1,114.98,42,0,Ads
9585,123,243,2024-08-19,2,950.67,28,1,Direct
9586,710,88,2024-08-07,5,528.47,57,0,Ads
9587,579,200,2024-12-31,1,817.87,57,1,Ads
9588,834,279,2024-05-26,4,817.38,3,0,Email
9589,433,122,2024-01-23,5,837.99,19,1,Email
9590,634,116,2024-07-08,1,497.28,26,1,Direct
9591,334,17,2024-05-15,1,563.95,2,0,Email
9592,701,23,2024-09-20,5,641.35,54,1,Ads
9593,489,226,2024-11-30,4,509.05,16,1,Direct
9594,783,190,2024-09-03,2,933.21,39,1,Ads
9595,964,391,2024-07-30,3,983.87,30,1,Email
9596,455,79,2024-04-15,1,122.8,6,1,Social
9597,67,311,2024-02-29,3,595.71,22,1,Direct
9598,547,199,2024-04-07,1,1137.27,26,1,Social
9599,323,225,2024-12-29,3,196.3,5,0,Social
9600,612,25,2024-05-31,4,317.98,38,0,Direct
9601,131,62,2024-10-24,5,914.26,23,1,Email
9602,977,299,2024-08-28,1,900.69,54,1,Direct
9603,688,30,2024-01-25,3,139.83,2,1,Email
9604,563,57,2024-12-02,2,1007.58,34,1,Direct
9605,543,150,2024-10-24,1,936.58,53,1,Email
9606,255,136,2024-03-11,3,300.26,55,1,Email
9607,836,79,2024-02-07,1,510.97,33,1,Direct
9608,223,61,2024-11-25,4,124.13,27,1,Direct
9609,344,43,2024-03-01,3,215.41,22,1,Direct
9610,285,180,2024-09-12,1,995.11,40,0,Ads
9611,660,147,2024-12-18,2,44.2,45,0,Direct
9612,495,173,2024-04-19,4,728.96,26,0,Direct
9613,235,101,2024-06-06,3,116.47,30,1,Social
9614,132,221,2024-02-14,5,317.64,24,1,Direct
9615,857,127,2024-11-23,1,210.82,47,0,Direct
9616,660,268,2024-02-22,2,397.44,12,1,Direct
9617,639,360,2024-03-28,1,625.44,13,0,Ads
9618,869,197,2024-04-14,3,387.36,10,1,Direct
9619,625,97,2024-02-03,2,1014.47,11,1,Ads
9620,422,300,2024-02-08,5,561.21,46,0,Ads
9621,338,121,2024-11-07,2,320.75,41,0,Social
9622,267,58,2024-03-19,3,578.52,12,1,Social
9623,27,239,2024-10-11,4,524.44,46,1,Social
9624,899,279,2024-10-21,2,380.21,31,1,Direct
9625,700,36,2024-10-10,1,765.78,59,0,Social
9626,537,312,2024-10-09,2,609.17,31,0,Email
9627,36,195,2024-11-27,2,674.3,9,0,Ads
9628,923,299,2024-04-03,4,611.42,56,1,Ads
9629,476,115,2024-04-08,1,782.91,31,0,Social
9630,870,76,2024-05-14,1,974.66,38,0,Ads
9631,713,239,2024-06-30,3,1109.2,44,1,Ads
9632,922,15,2024-06-11,1,617.85,48,0,Email
9633,626,289,2024-09-19,1,531.82,38,0,Ads
9634,913,281,2024-06-24,1,85.96,3,1,Social
9635,49,38,2024-01-25,5,1055.91,31,0,Email
9636,582,178,2024-09-25,1,1094.7,7,1,Social
9637,763,31,2024-12-07,4,555.67,3,1,Email
9638,145,61,2024-09-07,3,312.05,8,1,Direct
9639,422,54,2024-11-24,3,1135.17,53,0,Social
9640,626,59,2024-07-31,3,156.39,12,0,Social
9641,32,69,2024-10-06,5,441.3,48,1,Ads
9642,871,360,2024-06-08,2,599.2,57,1,Ads
9643,11,184,2024-10-11,3,611.74,37,0,Social
9644,343,223,2024-04-22,1,891.94,10,1,Email
9645,730,302,2024-09-04,5,667.54,60,0,Ads
9646,155,105,2024-08-03,4,768.6,37,1,Email
9647,472,131,2024-06-28,2,122.16,28,1,Email
9648,361,231,2024-01-05,3,892.57,17,1,Direct
9649,287,339,2024-01-12,4,233.51,56,0,Email
9650,584,14,2024-07-13,5,645.62,39,1,Email
9651,912,334,2024-07-16,2,506.62,31,1,Ads
9652,859,344,2024-06-27,3,942.44,37,1,Email
9653,158,108,2024-07-13,2,518.08,18,0,Social
9654,982,281,2024-04-23,3,971.97,2,0,Email
9655,905,127,2024-10-26,2,383.59,50,0,Social
9656,769,354,2024-05-14,5,881.87,9,1,Direct
9657,168,60,2024-09-27,2,758.39,18,0,Email
9658,870,114,2024-03-23,1,900.42,1,0,Ads
9659,947,308,2024-03-07,5,646.01,39,0,Ads
9660,161,243,2024-12-21,5,443.77,56,0,Social
9661,687,212,2024-02-16,3,882.01,35,1,Ads
9662,797,145,2024-10-09,4,563.53,1,0,Ads
9663,324,371,2024-09-09,2,112.28,55,0,Email
9664,381,264,2024-08-09,2,1101.09,15,0,Social
9665,343,377,2024-02-19,2,532.55,46,1,Direct
9666,771,81,2024-04-04,2,198.7,52,1,Direct
9667,859,271,2024-07-28,5,284.2,22,1,Social
9668,909,167,2024-11-07,2,482.9,34,0,Ads
9669,383,174,2024-03-21,5,519.18,43,0,Direct
9670,986,38,2024-01-17,2,199.49,28,0,Ads
9671,807,386,2024-04-11,1,354.77,11,1,Ads
9672,842,304,2024-06-11,3,145.0,41,0,Social
9673,696,68,2024-08-02,1,159.68,51,0,Ads
9674,167,398,2024-05-09,3,238.71,46,1,Direct
9675,655,148,2024-08-03,5,69.5,39,0,Ads
9676,681,94,2024-08-26,5,119.85,53,0,Email
9677,851,313,2024-06-26,1,108.3,43,1,Ads
9678,940,232,2024-01-23,1,58.17,41,1,Ads
9679,644,21,2024-08-19,5,1079.62,3,1,Direct
9680,947,372,2024-12-14,3,307.25,29,1,Social
9681,239,6,2024-08-25,1,526.51,20,1,Social
9682,435,123,2024-06-23,4,787.31,6,1,Social
9683,885,304,2024-02-26,5,456.75,55,0,Direct
9684,504,154,2024-12-27,5,1015.06,18,0,Ads
9685,64,367,2024-10-27,4,959.03,26,1,Social
9686,897,86,2024-07-13,3,584.63,34,0,Social
9687,331,348,2024-03-19,4,20.34,59,0,Email
9688,605,274,2024-10-29,4,669.73,2,1,Ads
9689,488,269,2024-07-04,1,578.94,38,0,Direct
9690,41,306,2024-09-11,1,904.63,5,0,Social
9691,792,11,2024-11-21,5,330.29,38,1,Social
9692,310,143,2024-08-08,4,460.77,22,0,Ads
9693,592,175,2024-08-26,4,645.62,54,0,Email
9694,959,107,2024-01-09,1,309.97,8,0,Social
9695,147,173,2024-06-13,5,914.21,30,1,Direct
9696,480,205,2024-04-16,5,28.74,44,1,Direct
9697,540,338,2024-03-08,4,453.73,7,1,Ads
9698,664,310,2024-04-11,3,851.4,9,0,Direct
9699,129,105,2024-04-13,3,369.94,53,0,Direct
9700,90,136,2024-07-04,1,1128.91,28,0,Ads
9701,619,267,2024-05-29,2,645.04,22,0,Direct
9702,906,26,2024-09-19,1,1025.35,37,1,Email
9703,110,299,2024-09-02,4,35.4,37,1,Direct
9704,126,363,2024-09-27,5,339.41,57,1,Social
9705,172,42,2024-09-03,2,309.45,4,1,Email
9706,846,78,2024-10-30,2,1147.53,21,1,Direct
9707,1,348,2024-09-16,4,389.49,26,0,Social
9708,531,238,2024-02-07,4,675.75,8,1,Ads
9709,305,367,2024-03-04,1,999.66,53,1,Email
9710,26,400,2024-04-02,4,423.14,29,0,Email
9711,975,89,2024-01-24,4,1008.86,47,1,Ads
9712,280,74,2024-07-02,3,488.31,7,0,Email
9713,408,56,2024-07-29,3,1044.15,21,0,Email
9714,31,314,2024-10-19,2,905.64,37,0,Social
9715,432,11,2024-10-02,4,862.76,6,0,Ads
9716,383,133,2024-08-26,4,189.11,37,1,Direct
9717,388,196,2024-12-01,4,779.49,32,0,Direct
9718,75,62,2024-12-30,3,964.85,3,0,Direct
9719,514,65,2024-01-12,2,373.32,50,1,Social
9720,566,255,2024-07-14,3,742.73,8,0,Social
9721,712,47,2024-12-30,1,947.66,21,0,Social
9722,512,235,2024-09-18,1,629.97,21,1,Direct
9723,932,230,2024-05-10,2,589.62,37,0,Email
9724,875,210,2024-01-16,5,227.83,19,0,Email
9725,654,25,2024-03-14,4,941.1,40,1,Direct
9726,68,376,2024-11-02,1,353.08,37,1,Social
9727,148,88,2024-12-30,5,916.76,39,0,Ads
9728,255,303,2024-03-08,1,1093.75,39,0,Ads
9729,945,188,2024-05-02,3,830.1,19,1,Social
9730,816,242,2024-04-25,2,825.06,41,0,Social
9731,466,395,2024-09-18,3,583.11,3,0,Direct
9732,334,64,2024-11-16,2,199.48,24,1,Social
9733,535,390,2024-02-14,3,148.97,56,0,Ads
9734,462,59,2024-09-18,3,1055.83,19,1,Ads
9735,168,81,2024-04-24,4,531.34,20,0,Ads
9736,938,284,2024-04-02,1,888.11,40,1,Social
9737,862,184,2024-09-18,3,720.73,39,0,Ads
9738,376,234,2024-03-28,1,187.63,3,1,Ads
9739,19,154,2024-10-29,3,538.79,16,0,Ads
9740,962,366,2024-04-10,3,753.61,34,1,Social
9741,388,2,2024-06-01,2,637.61,5,1,Email
9742,618,16,2024-01-17,3,724.66,13,0,Ads
9743,394,95,2024-12-20,5,238.59,16,1,Email
9744,626,110,2024-06-30,2,995.43,11,1,Ads
9745,820,278,2024-06-11,4,214.94,27,0,Direct
9746,893,210,2024-09-01,5,59.4,29,1,Email
9747,485,386,2024-01-27,4,530.03,23,0,Ads
9748,216,139,2024-04-27,4,953.71,13,0,Email
9749,746,229,2024-10-27,2,649.39,32,1,Ads
9750,745,56,2024-10-26,1,297.27,51,0,Email
9751,885,230,2024-02-22,3,1175.91,5,1,Ads
9752,264,130,2024-06-26,4,761.19,36,1,Direct
9753,755,366,2024-09-28,3,1057.27,29,0,Ads
9754,343,45,2024-06-15,4,819.52,40,0,Social
9755,395,382,2024-03-03,4,609.59,40,0,Social
9756,122,265,2024-08-02,1,764.85,25,0,Email
9757,285,78,2024-03-04,3,683.44,2,1,Direct
9758,570,94,2024-02-15,3,964.94,22,0,Social
9759,637,206,2024-01-28,4,774.79,50,0,Direct
9760,769,389,2024-01-18,1,271.12,42,1,Ads
9761,5,330,2024-06-29,4,383.93,43,1,Ads
9762,966,253,2024-05-23,1,171.4,32,0,Email
9763,581,243,2024-01-23,2,941.7,8,1,Ads
9764,686,201,2024-09-26,2,714.2,58,1,Social
9765,403,210,2024-02-06,4,966.25,21,1,Social
9766,1000,22,2024-09-03,4,854.33,46,0,Social
9767,614,277,2024-12-07,4,972.1,22,0,Social
9768,395,135,2024-02-07,3,448.43,17,1,Social
9769,457,202,2024-12-29,3,1155.56,38,0,Ads
9770,140,62,2024-10-22,1,113.0,22,1,Direct
9771,297,301,2024-08-28,5,84.31,8,1,Ads
9772,137,108,2024-02-18,1,382.04,49,0,Direct
9773,469,163,2024-11-01,2,829.78,26,1,Direct
9774,864,282,2024-07-04,3,1168.26,30,0,Social
9775,287,116,2024-04-25,2,758.38,13,0,Direct
9776,329,280,2024-01-25,5,1031.77,45,0,Email
9777,945,32,2024-01-04,1,289.53,41,0,Social
9778,901,262,2024-08-23,1,420.51,12,1,Social
9779,785,183,2024-08-28,4,881.36,57,0,Email
9780,726,316,2024-02-16,5,373.45,1,0,Ads
9781,234,63,2024-09-29,2,1053.49,3,0,Social
9782,702,68,2024-04-17,3,1140.0,48,1,Ads
9783,557,312,2024-07-22,1,746.48,15,1,Direct
9784,832,63,2024-03-24,1,142.87,6,0,Social
9785,680,113,2024-07-12,5,434.31,4,1,Direct
9786,320,7,2024-05-21,2,323.59,24,0,Email
9787,91,311,2024-05-13,2,610.59,27,0,Email
9788,202,400,2024-01-24,5,190.65,13,0,Social
9789,337,77,2024-09-18,3,78.78,47,0,Social
9790,396,250,2024-05-08,1,704.09,60,0,Email
9791,600,22,2024-06-14,1,72.2,41,0,Email
9792,68,53,2024-06-08,5,442.98,7,1,Email
9793,105,362,2024-03-17,5,897.2,11,1,Direct
9794,818,347,2024-05-23,5,22.27,16,0,Social
9795,286,22,2024-05-16,1,491.98,3,0,Social
9796,170,301,2024-11-08,3,129.3,12,0,Email
9797,664,220,2024-12-30,1,944.88,3,0,Email
9798,753,140,2024-05-08,4,1080.33,11,1,Email
9799,740,194,2024-03-07,1,624.16,19,1,Ads
9800,769,128,2024-03-26,1,877.92,47,1,Social
9801,871,78,2024-08-06,1,292.66,12,0,Direct
9802,268,136,2024-01-15,2,252.94,11,0,Direct
9803,513,382,2024-05-29,1,922.07,26,1,Ads
9804,876,85,2024-03-12,2,748.97,43,0,Direct
9805,886,376,2024-01-30,3,571.78,9,0,Direct
9806,955,286,2024-10-16,4,1024.1,54,1,Social
9807,507,139,2024-05-24,5,31.98,18,1,Ads
9808,746,343,2024-06-28,5,983.49,14,1,Email
9809,345,104,2024-02-12,1,714.05,6,1,Ads
9810,397,21,2024-08-26,3,993.61,16,0,Social
9811,340,285,2024-08-29,3,989.49,32,1,Ads
9812,819,116,2024-10-22,4,386.57,8,0,Email
9813,814,240,2024-04-19,1,627.13,11,0,Direct
9814,175,55,2024-06-15,2,219.44,43,0,Social
9815,979,8,2024-12-10,3,177.79,47,0,Direct
9816,940,156,2024-03-21,1,836.19,52,0,Email
9817,128,199,2024-04-15,3,199.11,26,1,Ads
9818,378,35,2024-12-06,1,625.64,19,1,Email
9819,371,300,2024-05-07,3,1181.03,57,0,Ads
9820,603,200,2024-07-21,5,493.49,33,0,Direct
9821,274,277,2024-01-21,2,432.36,42,1,Email
9822,351,67,2024-09-21,1,1015.75,47,0,Ads
9823,454,9,2024-10-20,2,1044.54,4,1,Social
9824,345,126,2024-10-27,2,61.86,3,0,Email
9825,696,61,2024-10-20,3,1073.93,24,0,Email
9826,756,293,2024-10-18,5,443.53,2,1,Social
9827,139,261,2024-07-10,4,535.11,21,1,Email
9828,74,64,2024-03-18,5,1091.55,12,1,Email
9829,67,135,2024-03-09,5,86.99,1,1,Direct
9830,498,228,2024-05-03,3,63.14,11,1,Direct
9831,886,234,2024-03-27,5,716.18,3,0,Direct
9832,406,58,2024-01-25,3,1150.25,21,1,Email
9833,825,124,2024-07-19,2,654.99,57,1,Direct
9834,968,68,2024-10-16,2,1162.14,37,1,Email
9835,523,292,2024-06-20,5,560.89,48,1,Email
9836,671,333,2024-05-02,1,106.45,30,1,Direct
9837,744,377,2024-02-05,5,377.17,42,1,Direct
9838,607,166,2024-03-09,1,102.12,24,1,Social
9839,275,186,2024-08-03,5,784.05,47,0,Email
9840,516,243,2024-07-02,4,624.13,25,0,Ads
9841,392,239,2024-11-01,5,944.14,17,0,Social
9842,843,19,2024-01-26,2,1046.99,35,0,Direct
9843,541,184,2024-07-02,4,103.57,52,1,Ads
9844,412,133,2024-03-02,3,72.73,60,0,Social
9845,528,269,2024-02-25,1,418.01,7,1,Social
9846,825,20,2024-02-23,2,451.5,18,1,Email
9847,868,337,2024-04-17,3,118.45,9,1,Direct
9848,289,344,2024-02-07,3,1013.61,46,0,Ads
9849,132,307,2024-10-11,2,444.86,3,1,Direct
9850,813,92,2024-03-21,2,907.71,11,1,Email
9851,680,254,2024-01-13,2,189.58,7,1,Social
9852,617,356,2024-06-27,5,848.67,8,1,Email
9853,712,26,2024-10-25,5,461.39,10,0,Ads
9854,228,4,2024-07-31,4,468.46,24,0,Ads
9855,880,93,2024-08-08,2,141.41,2,1,Ads
9856,197,223,2024-03-10,4,822.56,45,1,Direct
9857,957,323,2024-12-18,3,334.04,40,0,Direct
9858,821,69,2024-03-29,1,919.04,41,0,Ads
9859,528,75,2024-02-25,1,327.12,4,0,Social
9860,408,283,2024-12-24,5,331.56,59,0,Email
9861,597,309,2024-09-22,5,224.38,50,1,Ads
9862,727,253,2024-05-14,1,1066.55,38,0,Direct
9863,462,27,2024-03-07,3,1050.83,47,0,Social
9864,93,101,2024-11-07,3,1194.74,59,0,Email
9865,519,40,2024-04-18,4,450.15,54,0,Direct
9866,351,85,2024-02-27,3,356.54,50,0,Ads
9867,146,76,2024-03-31,3,797.0,58,0,Ads
9868,372,342,2024-05-10,4,1054.03,39,1,Ads
9869,167,378,2024-05-16,4,322.22,21,0,Social
9870,52,149,2024-09-18,5,289.47,11,0,Social
9871,608,377,2024-07-06,4,109.65,44,1,Email
9872,434,237,2024-11-03,4,359.4,25,1,Direct
9873,905,388,2024-05-06,1,149.61,4,1,Ads
9874,876,290,2024-02-22,1,369.02,24,1,Direct
9875,622,88,2024-01-28,2,633.86,23,1,Social
9876,974,289,2024-02-18,1,457.99,15,0,Email
9877,853,28,2024-09-24,5,930.06,26,1,Social
9878,450,260,2024-06-19,5,600.86,52,1,Direct
9879,842,272,2024-08-07,4,340.23,13,1,Ads
9880,364,237,2024-06-22,5,1160.58,35,1,Email
9881,182,351,2024-07-09,2,394.02,2,1,Email
9882,917,4,2024-01-04,4,396.05,1,1,Social
9883,532,260,2024-09-27,4,1112.29,58,0,Email
9884,490,130,2024-02-13,5,824.65,48,1,Direct
9885,779,230,2024-05-05,1,701.0,26,1,Social
9886,90,151,2024-09-22,3,703.02,9,0,Social
9887,185,154,2024-04-14,1,1186.85,59,0,Social
9888,138,295,2024-04-29,5,663.75,30,1,Email
9889,970,31,2024-03-05,5,567.21,47,0,Ads
9890,895,207,2024-03-17,3,204.86,45,1,Email
9891,705,271,2024-09-01,3,760.22,19,0,Ads
9892,41,10,2024-01-22,2,1098.67,46,0,Ads
9893,534,260,2024-12-11,5,548.82,30,0,Social
9894,868,67,2024-05-06,5,750.34,53,0,Email
9895,170,118,2024-02-09,5,344.86,2,1,Email
9896,551,160,2024-02-20,4,1181.18,58,0,Direct
9897,470,274,2024-08-26,4,374.36,47,0,Email
9898,893,138,2024-03-20,3,948.41,23,1,Direct
9899,664,248,2024-03-28,4,77.54,34,0,Direct
9900,170,242,2024-04-17,3,1122.15,24,0,Email
9901,930,136,2024-12-25,2,911.73,51,0,Social
9902,724,289,2024-08-07,5,961.32,39,0,Ads
9903,570,87,2024-10-11,2,605.48,13,0,Direct
9904,116,323,2024-01-04,1,517.19,39,1,Social
9905,370,351,2024-05-24,3,1010.23,23,1,Ads
9906,75,397,2024-04-10,1,635.1,50,0,Email
9907,164,359,2024-05-09,1,615.74,20,0,Social
9908,484,322,2024-04-11,4,487.84,46,0,Direct
9909,738,6,2024-11-07,1,985.82,8,0,Direct
9910,683,60,2024-11-26,3,41.87,56,0,Social
9911,30,152,2024-09-29,1,903.12,24,1,Ads
9912,693,63,2024-07-27,4,95.31,15,0,Email
9913,833,226,2024-02-02,5,1134.74,57,1,Social
9914,569,146,2024-01-05,3,501.93,24,1,Social
9915,621,372,2024-08-31,3,1186.79,60,0,Email
9916,241,79,2024-06-16,1,913.67,9,0,Direct
9917,431,303,2024-11-07,4,959.67,45,1,Direct
9918,657,199,2024-11-14,3,1140.0,53,0,Direct
9919,772,95,2024-06-09,5,1044.38,48,1,Direct
9920,458,361,2024-04-19,4,662.89,25,0,Social
9921,453,329,2024-06-30,5,707.21,45,1,Direct
9922,375,3,2024-10-07,3,688.95,43,1,Direct
9923,729,267,2024-07-19,1,988.58,32,1,Ads
9924,109,55,2024-08-17,5,258.98,60,0,Direct
9925,990,94,2024-10-12,2,211.16,60,0,Email
9926,158,322,2024-08-24,4,337.45,19,0,Direct
9927,262,192,2024-07-31,1,892.08,49,0,Direct
9928,935,148,2024-05-17,3,1058.71,10,0,Direct
9929,5,30,2024-07-16,2,875.84,11,0,Social
9930,736,283,2024-06-01,4,319.55,40,1,Direct
9931,1000,87,2024-02-17,3,1160.07,36,1,Email
9932,126,227,2024-02-09,3,531.09,30,1,Ads
9933,2,282,2024-01-16,1,598.55,44,0,Direct
9934,705,246,2024-05-20,4,209.93,46,0,Direct
9935,137,103,2024-11-24,3,139.95,19,0,Social
9936,765,18,2024-05-19,1,135.91,30,1,Email
9937,789,50,2024-03-24,1,959.99,12,0,Direct
9938,469,97,2024-05-19,1,1092.87,32,0,Ads
9939,741,60,2024-05-10,1,185.93,35,0,Direct
9940,504,159,2024-05-12,5,18.39,58,1,Email
9941,433,296,2024-03-13,1,956.29,44,1,Direct
9942,708,241,2024-10-01,1,892.99,5,0,Social
9943,662,25,2024-05-28,5,1074.72,11,0,Ads
9944,228,270,2024-10-13,5,457.73,1,1,Direct
9945,870,320,2024-04-11,3,671.49,45,1,Email
9946,528,343,2024-11-18,5,1198.06,28,0,Social
9947,345,364,2024-12-02,1,534.76,48,1,Ads
9948,13,356,2024-06-26,1,957.07,7,1,Ads
9949,392,260,2024-06-04,5,219.34,15,0,Social
9950,543,354,2024-07-20,5,1098.38,24,1,Ads
9951,967,9,2024-09-20,1,49.32,53,0,Email
9952,611,109,2024-09-22,1,875.77,34,1,Social
9953,413,225,2024-09-04,2,998.2,43,0,Social
9954,182,163,2024-03-01,5,1019.28,20,0,Ads
9955,774,156,2024-01-16,4,333.96,43,1,Social
9956,225,334,2024-05-04,2,347.05,23,0,Direct
9957,818,362,2024-07-10,4,308.71,17,0,Social
9958,274,93,2024-07-31,1,946.97,38,1,Direct
9959,222,279,2024-05-01,5,1190.35,34,0,Email
9960,650,89,2024-02-19,1,126.34,24,0,Direct
9961,823,374,2024-05-24,3,167.86,5,0,Direct
9962,28,150,2024-08-28,5,345.4,39,1,Social
9963,423,347,2024-10-31,2,25.41,31,0,Direct
9964,236,232,2024-08-17,1,1085.53,59,1,Direct
9965,272,122,2024-10-04,1,1102.09,30,0,Direct
9966,912,83,2024-11-26,2,424.98,36,1,Ads
9967,753,392,2024-04-05,4,907.22,12,1,Direct
9968,249,114,2024-05-01,1,766.46,60,0,Social
9969,96,110,2024-09-14,5,225.09,48,1,Ads
9970,9,299,2024-04-08,3,691.94,48,0,Social
9971,267,329,2024-03-31,3,923.64,17,1,Direct
9972,220,86,2024-08-22,3,1117.57,59,1,Direct
9973,332,283,2024-07-25,5,1171.66,52,0,Social
9974,563,154,2024-11-11,1,385.93,53,1,Direct
9975,576,317,2024-01-12,5,1167.33,34,1,Email
9976,685,20,2024-02-03,5,842.28,28,0,Direct
9977,323,351,2024-11-20,2,240.77,22,0,Email
9978,305,61,2024-06-21,1,1146.3,57,0,Ads
9979,472,384,2024-11-13,1,577.35,55,1,Email
9980,564,359,2024-11-11,1,910.96,14,1,Social
9981,609,4,2024-02-11,2,935.2,39,1,Email
9982,545,92,2024-07-11,5,1195.66,49,0,Social
9983,236,98,2024-05-21,5,641.0,45,0,Email
9984,395,354,2024-03-11,2,154.99,11,1,Email
9985,366,8,2024-08-03,4,1145.05,46,0,Social
9986,520,188,2024-03-25,3,257.84,49,1,Direct
9987,116,46,2024-04-22,4,771.27,7,0,Direct
9988,258,325,2024-08-16,2,571.47,55,0,Ads
9989,812,254,2024-06-27,2,782.18,36,1,Direct
9990,175,136,2024-09-14,5,361.45,21,1,Email
9991,616,212,2024-05-08,5,732.41,2,0,Ads
9992,159,333,2024-02-11,3,538.71,17,0,Email
9993,966,35,2024-08-02,5,325.28,50,0,Email
9994,539,320,2024-04-27,2,163.8,3,0,Social
9995,230,357,2024-05-29,5,525.55,22,0,Social
9996,907,153,2024-04-14,2,594.79,21,0,Ads
9997,36,59,2024-01-15,2,226.63,57,1,Email
9998,371,212,2024-11-16,3,799.81,34,1,Direct
9999,778,128,2024-03-08,3,717.92,44,0,Social
10000,277,118,2024-02-22,4,426.96,2,0,Social
10001,677,259,2024-05-11,1,518.95,29,0,Email
10002,896,85,2024-10-10,3,817.42,53,1,Social
10003,696,67,2024-04-12,1,989.64,7,1,Ads
10004,743,45,2024-01-25,3,630.51,17,0,Social
10005,633,226,2024-07-23,3,243.68,32,1,Email
10006,766,327,2024-10-09,3,985.0,46,0,Email
10007,962,322,2024-10-21,5,1010.57,32,1,Social
10008,701,166,2024-01-07,1,1042.93,18,1,Email
10009,188,354,2024-02-10,1,1038.7,6,1,Direct
10010,752,312,2024-05-25,1,366.17,16,0,Direct
10011,321,253,2024-03-26,2,562.97,50,1,Email
10012,639,210,2024-04-25,1,369.65,14,0,Social
10013,770,45,2024-05-27,3,295.52,5,0,Email
10014,666,317,2024-08-31,4,462.28,54,0,Email
10015,701,286,2024-11-03,4,870.69,57,0,Social
10016,274,315,2024-04-19,1,49.54,46,0,Direct
10017,684,362,2024-09-21,5,152.77,42,0,Social
10018,790,48,2024-12-26,5,125.17,28,1,Email
10019,970,39,2024-07-19,3,870.13,24,1,Ads
10020,682,267,2024-05-26,3,1018.62,45,1,Social
10021,510,114,2024-09-07,3,666.0,25,0,Ads
10022,599,22,2024-10-10,4,664.3,34,0,Direct
10023,590,182,2024-05-14,3,661.88,10,0,Social
10024,190,389,2024-08-08,5,493.91,4,1,Ads
10025,481,271,2024-06-01,2,144.51,36,1,Email
10026,777,159,2024-02-15,5,193.7,7,0,Ads
10027,670,143,2024-09-28,5,1190.81,58,0,Direct
10028,492,29,2024-03-06,1,818.4,28,1,Social
10029,911,351,2024-04-20,4,198.99,6,0,Ads
10030,972,267,2024-03-23,2,654.38,43,1,Direct
10031,214,229,2024-12-24,1,724.35,44,1,Ads
10032,330,235,2024-02-24,4,75.83,28,1,Email
10033,659,97,2024-08-19,3,470.75,45,0,Ads
10034,71,138,2024-06-27,1,275.71,27,0,Direct
10035,933,23,2024-02-10,5,554.8,34,1,Email
10036,101,57,2024-12-30,4,553.1,31,1,Direct
10037,604,137,2024-02-15,1,466.72,40,0,Social
10038,859,229,2024-02-08,1,305.74,13,0,Email
10039,404,382,2024-04-05,3,78.55,55,1,Ads
10040,404,315,2024-09-08,1,70.35,46,0,Direct
10041,329,313,2024-01-24,2,793.55,4,1,Ads
10042,63,197,2024-01-02,1,989.32,54,0,Ads
10043,948,225,2024-11-29,1,84.2,44,1,Social
10044,360,113,2024-03-30,1,52.74,18,0,Ads
10045,570,146,2024-11-12,3,428.19,15,0,Email
10046,698,171,2024-04-29,4,771.89,38,1,Direct
10047,390,97,2024-08-31,5,1060.91,20,0,Direct
10048,844,175,2024-02-21,3,633.53,14,0,Ads
10049,871,217,2024-08-29,1,658.1,36,0,Email
10050,397,271,2024-08-28,3,233.73,56,0,Direct
10051,333,387,2024-10-01,2,1090.56,23,0,Social
10052,981,360,2024-04-23,1,1192.62,33,1,Email
10053,102,245,2024-10-17,1,86.83,50,1,Email
10054,521,90,2024-02-07,4,1100.1,5,0,Ads
10055,812,367,2024-07-29,4,132.0,1,1,Social
10056,604,180,2024-08-14,3,1051.84,12,0,Direct
10057,213,86,2024-05-06,4,377.91,59,1,Direct
10058,41,384,2024-05-09,2,245.72,35,0,Email
10059,21,6,2024-09-03,1,295.93,29,0,Email
10060,532,13,2024-02-13,1,672.43,16,1,Email
10061,490,205,2024-08-24,2,936.14,21,0,Social
10062,814,83,2024-01-23,2,231.08,6,1,Email
10063,681,395,2024-10-26,4,1107.99,36,0,Social
10064,258,249,2024-10-18,1,738.94,47,1,Direct
10065,941,344,2024-02-06,5,428.08,40,0,Ads
10066,757,174,2024-02-03,1,1183.69,41,0,Ads
10067,417,104,2024-10-03,3,93.33,39,0,Ads
10068,108,344,2024-11-22,5,713.84,53,1,Ads
10069,659,351,2024-04-09,2,593.98,34,1,Email
10070,11,120,2024-10-01,1,1064.08,59,1,Direct
10071,340,2,2024-08-10,3,61.54,56,1,Ads
10072,947,39,2024-09-16,3,852.99,46,0,Direct
10073,931,123,2024-04-18,2,796.46,32,1,Direct
10074,293,127,2024-08-21,2,867.68,58,0,Social
10075,93,17,2024-03-27,1,382.29,56,1,Social
10076,544,191,2024-06-13,5,992.9,16,1,Email
10077,119,147,2024-06-19,2,879.81,55,0,Email
10078,17,220,2024-03-10,1,930.86,23,1,Social
10079,876,269,2024-07-05,1,719.44,53,1,Ads
10080,956,33,2024-01-04,1,981.29,55,0,Social
10081,658,293,2024-09-22,3,701.05,41,1,Direct
10082,566,24,2024-12-12,3,871.98,18,0,Social
10083,155,48,2024-09-11,4,828.14,20,0,Social
10084,495,16,2024-06-20,3,1076.15,17,0,Social
10085,202,192,2024-12-18,5,354.41,9,0,Social
10086,325,359,2024-12-01,5,109.9,13,0,Social
10087,815,274,2024-09-07,2,882.51,16,0,Social
10088,791,250,2024-04-28,4,670.1,49,0,Email
10089,898,320,2024-06-04,3,157.03,25,1,Ads
10090,587,270,2024-04-28,4,696.19,10,0,Direct
10091,968,120,2024-01-30,4,611.47,58,1,Social
10092,120,38,2024-12-10,3,703.4,18,1,Email
10093,324,117,2024-04-28,5,1043.44,42,1,Ads
10094,921,224,2024-05-02,2,778.61,14,1,Email
10095,152,368,2024-03-11,4,381.22,33,0,Social
10096,850,361,2024-01-21,3,682.74,21,1,Email
10097,494,169,2024-01-21,3,833.61,4,1,Direct
10098,292,107,2024-11-25,5,814.18,29,1,Social
10099,975,13,2024-08-30,4,414.74,46,0,Ads
10100,7,191,2024-11-22,1,1169.1,29,0,Social
10101,741,312,2024-10-02,3,173.82,56,0,Direct
10102,887,312,2024-01-10,2,808.06,16,0,Ads
10103,964,202,2024-11-18,2,1099.48,19,0,Direct
10104,745,214,2024-01-04,2,1124.36,12,1,Social
10105,242,91,2024-04-22,1,178.2,42,0,Social
10106,912,399,2024-08-21,3,500.18,1,0,Social
10107,527,220,2024-06-07,5,456.73,10,1,Email
10108,81,278,2024-09-22,2,935.72,5,1,Social
10109,152,9,2024-06-16,3,240.72,17,0,Direct
10110,9,356,2024-09-01,4,740.06,7,1,Ads
10111,763,317,2024-07-06,5,1191.63,23,0,Direct
10112,720,45,2024-12-31,3,1111.53,24,0,Direct
10113,302,116,2024-04-28,1,714.8,28,1,Email
10114,73,201,2024-12-02,4,722.58,2,1,Social
10115,71,360,2024-10-16,5,941.65,30,0,Email
10116,50,256,2024-03-09,5,232.39,49,1,Ads
10117,928,98,2024-03-06,2,1103.62,17,1,Direct
10118,968,258,2024-03-15,4,162.22,50,0,Email
10119,98,36,2024-10-14,1,814.61,45,0,Email
10120,587,258,2024-04-16,2,255.6,60,0,Social
10121,514,170,2024-06-29,3,60.2,7,1,Social
10122,538,322,2024-11-29,4,769.21,56,1,Social
10123,248,279,2024-10-21,1,943.75,35,1,Social
10124,54,180,2024-03-11,3,843.42,5,1,Social
10125,772,101,2024-03-09,4,477.64,17,1,Email
10126,227,56,2024-09-01,3,402.0,6,0,Direct
10127,247,260,2024-01-07,4,323.82,35,0,Social
10128,814,334,2024-04-27,2,150.0,7,1,Email
10129,799,166,2024-10-25,4,49.58,30,0,Ads
10130,819,347,2024-06-20,5,130.86,6,0,Direct
10131,596,259,2024-08-10,2,465.87,33,0,Email
10132,650,108,2024-03-04,4,950.64,49,1,Social
10133,307,170,2024-05-06,3,366.97,56,0,Direct
10134,768,369,2024-11-18,3,1195.06,2,1,Email
10135,765,99,2024-08-06,5,305.78,8,1,Email
10136,257,13,2024-11-06,2,518.64,20,1,Email
10137,770,103,2024-01-07,1,284.36,30,0,Social
10138,157,150,2024-11-18,5,452.92,53,1,Ads
10139,663,40,2024-12-29,4,524.25,15,1,Email
10140,302,24,2024-01-15,1,938.82,22,1,Social
10141,642,242,2024-08-24,1,698.49,49,1,Social
10142,624,45,2024-10-10,2,683.19,31,1,Social
10143,192,330,2024-01-27,1,554.79,3,1,Email
10144,475,183,2024-07-30,5,223.28,5,1,Social
10145,404,36,2024-02-12,1,870.81,50,1,Email
10146,430,390,2024-09-22,2,986.23,16,1,Ads
10147,893,274,2024-06-30,4,493.89,18,0,Social
10148,767,384,2024-02-19,2,254.15,11,1,Ads
10149,855,136,2024-09-12,4,125.04,46,1,Ads
10150,488,361,2024-04-01,5,162.83,51,1,Direct
10151,335,63,2024-05-07,5,278.55,5,0,Direct
10152,449,81,2024-06-29,4,442.43,54,0,Direct
10153,753,335,2024-09-07,2,290.82,59,0,Ads
10154,228,66,2024-07-23,1,195.1,38,0,Ads
10155,109,110,2024-05-13,5,200.77,58,1,Social
10156,136,211,2024-07-03,3,561.52,37,0,Direct
10157,234,273,2024-09-23,5,436.69,39,0,Ads
10158,616,350,2024-11-09,4,529.0,29,0,Social
10159,152,291,2024-10-07,3,785.17,16,1,Email
10160,206,257,2024-12-15,3,1094.08,5,1,Ads
10161,983,96,2024-10-02,3,750.6,59,1,Social
10162,20,367,2024-01-07,2,28.01,38,0,Direct
10163,300,297,2024-07-10,5,1070.27,36,0,Ads
10164,983,220,2024-11-22,1,258.42,4,1,Ads
10165,725,249,2024-12-26,2,1026.74,31,0,Email
10166,875,322,2024-02-07,1,1129.2,4,1,Social
10167,747,262,2024-12-03,4,977.77,52,1,Ads
10168,721,290,2024-03-24,4,84.1,46,1,Social
10169,522,185,2024-05-18,5,895.59,18,0,Direct
10170,778,69,2024-09-10,4,962.62,57,0,Ads
10171,751,325,2024-10-28,4,746.5,19,0,Ads
10172,230,339,2024-07-29,5,792.09,59,0,Direct
10173,217,154,2024-07-16,4,300.66,42,1,Email
10174,617,164,2024-06-21,2,718.05,47,1,Ads
10175,656,41,2024-08-30,4,485.5,44,0,Direct
10176,314,316,2024-04-27,2,689.83,54,1,Direct
10177,655,370,2024-07-31,3,240.11,34,1,Direct
10178,777,67,2024-09-16,3,225.37,25,0,Social
10179,366,228,2024-05-15,4,920.62,17,1,Social
10180,318,271,2024-10-30,1,720.84,26,1,Social
10181,29,261,2024-04-16,1,274.83,50,1,Email
10182,903,364,2024-10-03,4,883.17,19,0,Social
10183,104,120,2024-11-19,1,109.84,31,1,Direct
10184,927,103,2024-09-15,4,661.59,8,0,Direct
10185,588,181,2024-06-17,5,639.06,41,0,Ads
10186,366,268,2024-07-12,1,689.14,21,0,Direct
10187,493,122,2024-06-08,3,1030.58,35,1,Ads
10188,704,205,2024-10-25,3,898.79,54,1,Direct
10189,337,388,2024-02-23,3,257.69,7,0,Social
10190,927,228,2024-08-08,3,1147.6,37,0,Ads
10191,64,253,2024-11-07,3,673.74,17,0,Ads
10192,447,175,2024-10-03,5,924.86,4,1,Email
10193,748,368,2024-05-25,4,928.56,30,0,Ads
10194,262,124,2024-09-16,4,283.85,45,0,Ads
10195,84,155,2024-11-12,1,1043.06,18,1,Social
10196,450,122,2024-04-03,3,165.18,42,0,Email
10197,63,342,2024-05-13,5,741.02,33,1,Direct
10198,301,222,2024-11-28,2,244.31,39,0,Direct
10199,677,378,2024-09-25,4,553.59,57,1,Social
10200,700,200,2024-10-25,2,264.37,28,1,Direct
10201,218,159,2024-04-09,5,306.99,2,0,Email
10202,944,108,2024-05-07,3,1092.2,46,1,Direct
10203,981,204,2024-04-14,5,201.05,36,0,Social
10204,450,206,2024-07-15,2,312.62,17,1,Ads
10205,474,344,2024-09-01,4,1025.11,23,0,Direct
10206,189,343,2024-12-02,3,1071.62,27,0,Ads
10207,115,329,2024-06-20,2,1130.55,4,1,Email
10208,639,217,2024-04-01,2,42.5,18,0,Social
10209,416,283,2024-01-09,1,577.07,29,1,Social
10210,394,298,2024-04-12,3,919.97,12,0,Social
10211,336,269,2024-07-07,2,833.63,54,0,Email
10212,455,90,2024-09-05,5,882.76,6,0,Email
10213,912,361,2024-03-15,2,600.2,60,1,Email
10214,165,88,2024-05-09,1,548.31,46,0,Email
10215,517,142,2024-10-24,5,338.03,37,0,Ads
10216,640,174,2024-10-21,5,825.83,52,1,Email
10217,913,252,2024-03-04,5,1177.43,51,0,Direct
10218,848,78,2024-10-15,5,391.07,28,1,Social
10219,244,392,2024-07-22,5,802.75,28,1,Direct
10220,414,145,2024-02-27,5,161.14,38,0,Email
10221,796,298,2024-01-12,4,742.17,23,1,Social
10222,381,205,2024-05-19,2,268.97,7,1,Direct
10223,65,272,2024-10-14,4,58.58,54,0,Social
10224,710,50,2024-01-13,4,1115.01,25,0,Direct
10225,220,211,2024-04-03,3,916.51,49,1,Direct
10226,286,315,2024-08-28,1,103.74,21,1,Direct
10227,86,178,2024-07-24,5,523.0,29,1,Ads
10228,399,364,2024-08-02,3,573.5,3,0,Direct
10229,786,119,2024-04-18,3,335.5,7,1,Social
10230,443,112,2024-11-25,5,751.86,29,1,Ads
10231,930,304,2024-02-07,5,353.87,8,0,Direct
10232,575,186,2024-05-20,4,1147.07,41,0,Direct
10233,817,108,2024-07-01,4,1160.49,4,1,Social
10234,458,241,2024-10-19,1,473.87,1,0,Social
10235,965,93,2024-05-22,4,1083.28,16,1,Direct
10236,487,187,2024-11-03,5,1007.91,56,0,Direct
10237,64,169,2024-03-22,5,585.97,16,0,Direct
10238,479,262,2024-07-13,1,28.1,44,1,Social
10239,545,97,2024-04-22,5,621.08,9,1,Email
10240,169,378,2024-08-15,1,456.97,52,1,Social
10241,608,45,2024-12-30,3,660.72,52,0,Social
10242,355,45,2024-03-29,2,171.5,56,0,Ads
10243,549,52,2024-01-19,1,232.63,33,0,Ads
10244,673,312,2024-01-16,2,471.26,56,1,Ads
10245,255,275,2024-03-02,4,1083.25,33,1,Direct
10246,443,293,2024-09-11,4,416.62,42,0,Ads
10247,492,115,2024-11-03,4,675.26,14,1,Ads
10248,419,51,2024-11-12,2,135.24,51,1,Email
10249,546,197,2024-03-14,4,361.32,9,0,Email
10250,171,329,2024-03-02,2,627.55,55,1,Email
10251,493,170,2024-11-19,4,874.96,23,0,Email
10252,272,372,2024-10-09,1,452.07,9,0,Direct
10253,563,81,2024-10-29,3,227.97,28,0,Email
10254,994,227,2024-06-20,4,1050.3,38,1,Email
10255,63,129,2024-01-20,4,231.38,51,0,Ads
10256,805,289,2024-07-06,1,16.83,12,0,Direct
10257,53,357,2024-01-11,2,532.65,52,0,Social
10258,956,52,2024-12-01,3,496.78,17,1,Social
10259,979,242,2024-02-29,4,842.82,37,0,Email
10260,160,194,2024-01-16,4,953.43,43,0,Direct
10261,706,34,2024-05-01,4,227.04,14,0,Email
10262,167,32,2024-06-26,2,1110.74,7,1,Direct
10263,63,207,2024-12-24,2,133.11,60,1,Email
10264,190,135,2024-11-20,1,407.06,4,1,Email
10265,265,130,2024-07-23,5,211.3,52,1,Direct
10266,239,330,2024-02-24,4,1033.51,6,1,Email
10267,88,285,2024-08-27,4,703.01,51,1,Direct
10268,985,10,2024-10-30,5,56.7,1,1,Social
10269,172,362,2024-12-15,5,110.87,34,1,Direct
10270,278,373,2024-10-07,4,449.96,8,1,Social
10271,840,324,2024-08-15,5,843.91,19,1,Direct
10272,501,267,2024-04-24,1,1037.05,9,0,Direct
10273,16,43,2024-01-08,3,171.86,30,1,Social
10274,511,117,2024-11-09,3,1123.28,35,1,Ads
10275,621,131,2024-03-23,3,688.48,32,1,Direct
10276,821,171,2024-04-13,3,30.53,42,1,Email
10277,154,79,2024-02-13,1,128.57,44,1,Direct
10278,212,172,2024-05-21,4,1189.37,27,1,Email
10279,272,130,2024-02-04,4,345.33,17,0,Email
10280,694,66,2024-02-22,4,822.02,16,1,Social
10281,246,320,2024-09-25,2,708.32,53,1,Email
10282,251,272,2024-08-05,1,591.04,58,0,Direct
10283,979,16,2024-02-15,2,737.7,30,1,Direct
10284,670,68,2024-05-15,3,1059.09,37,1,Ads
10285,418,265,2024-03-10,4,69.49,6,1,Social
10286,424,187,2024-05-03,3,713.86,27,0,Social
10287,51,92,2024-06-25,5,630.2,15,0,Direct
10288,415,82,2024-04-06,4,960.75,19,1,Social
10289,698,290,2024-03-09,5,757.4,6,0,Email
10290,259,174,2024-12-26,2,1007.11,46,0,Ads
10291,479,340,2024-04-21,5,1134.72,30,1,Ads
10292,201,260,2024-07-08,1,1064.13,9,0,Email
10293,500,282,2024-03-26,2,325.75,41,1,Email
10294,799,66,2024-07-13,5,490.32,45,0,Ads
10295,711,177,2024-03-30,4,773.19,3,1,Direct
10296,934,225,2024-10-03,5,323.93,56,1,Social
10297,233,37,2024-04-17,2,754.75,10,0,Ads
10298,411,180,2024-08-18,3,1033.08,56,1,Ads
10299,7,387,2024-07-05,2,729.18,44,1,Email
10300,779,301,2024-12-02,2,242.49,3,1,Ads
10301,701,17,2024-10-20,1,610.44,37,1,Ads
10302,720,91,2024-11-19,2,588.12,24,0,Email
10303,266,320,2024-08-30,4,316.83,49,1,Ads
10304,363,202,2024-10-06,3,396.99,9,1,Ads
10305,553,109,2024-08-15,3,164.45,42,1,Social
10306,359,147,2024-01-04,2,193.76,2,1,Direct
10307,576,261,2024-10-01,2,804.59,47,0,Ads
10308,410,82,2024-12-15,1,189.37,46,0,Social
10309,444,74,2024-10-04,5,917.95,33,1,Social
10310,817,253,2024-01-06,2,205.11,11,1,Email
10311,537,81,2024-12-30,5,358.92,18,1,Direct
10312,699,356,2024-05-21,1,20.36,38,1,Social
10313,142,345,2024-01-05,5,676.09,5,0,Social
10314,83,18,2024-08-16,4,1125.81,4,0,Email
10315,836,312,2024-04-07,2,525.91,57,1,Email
10316,471,261,2024-04-09,5,476.94,50,1,Social
10317,756,205,2024-02-02,3,743.33,12,1,Social
10318,623,239,2024-09-28,5,1186.38,13,0,Direct
10319,493,154,2024-04-23,5,728.74,10,0,Direct
10320,470,62,2024-07-02,1,75.32,41,1,Direct
10321,262,164,2024-09-21,1,1107.95,1,1,Email
10322,369,384,2024-07-20,4,1161.75,33,1,Ads
10323,260,27,2024-09-29,5,1036.57,1,0,Social
10324,935,13,2024-03-11,1,521.57,9,1,Ads
10325,381,399,2024-05-04,5,1136.55,38,1,Ads
10326,657,23,2024-09-05,3,998.39,9,1,Social
10327,73,67,2024-12-20,1,780.09,1,0,Ads
10328,950,77,2024-03-12,2,279.98,25,1,Social
10329,328,177,2024-01-28,2,826.69,7,1,Email
10330,548,297,2024-04-12,1,290.16,58,0,Direct
10331,607,92,2024-08-10,1,1083.85,38,0,Ads
10332,134,318,2024-04-04,2,40.97,16,0,Social
10333,545,377,2024-11-21,2,195.75,12,1,Ads
10334,585,196,2024-12-27,5,954.78,8,1,Email
10335,182,238,2024-11-25,2,1007.45,3,0,Email
10336,820,320,2024-03-15,5,30.07,54,0,Social
10337,712,135,2024-12-04,3,16.35,45,1,Social
10338,72,188,2024-10-15,4,106.9,44,1,Direct
10339,604,258,2024-12-01,1,493.37,5,1,Direct
10340,983,104,2024-02-20,2,640.0,11,1,Direct
10341,716,16,2024-02-22,3,1155.81,41,0,Ads
10342,625,263,2024-11-15,2,1033.16,2,0,Social
10343,701,281,2024-03-20,4,1003.47,11,0,Direct
10344,362,89,2024-10-30,2,1125.01,5,0,Email
10345,317,85,2024-01-28,2,358.68,22,1,Social
10346,513,283,2024-02-13,4,970.62,3,0,Direct
10347,99,291,2024-09-06,1,671.64,34,1,Direct
10348,710,88,2024-04-19,2,940.06,30,1,Email
10349,321,81,2024-08-28,2,795.71,59,1,Social
10350,508,323,2024-08-07,5,495.97,8,1,Ads
10351,209,356,2024-09-17,4,208.0,60,0,Social
10352,910,200,2024-08-09,2,597.9,26,1,Direct
10353,240,371,2024-07-13,1,925.27,2,1,Email
10354,850,220,2024-11-12,5,845.9,8,0,Email
10355,604,244,2024-12-28,5,872.73,18,1,Ads
10356,966,390,2024-11-09,5,21.45,30,1,Email
10357,277,384,2024-12-07,2,347.31,36,1,Direct
10358,154,220,2024-03-13,3,446.57,13,1,Social
10359,860,359,2024-05-30,5,978.47,3,0,Social
10360,548,355,2024-07-07,4,394.6,51,0,Direct
10361,347,202,2024-11-28,4,322.11,21,1,Ads
10362,231,357,2024-10-06,3,1024.76,58,1,Ads
10363,428,93,2024-08-04,1,571.16,21,1,Direct
10364,363,252,2024-06-03,1,363.96,8,0,Email
10365,585,7,2024-03-28,4,768.32,29,1,Direct
10366,581,32,2024-10-22,1,834.21,30,0,Social
10367,499,68,2024-07-21,5,992.5,59,0,Email
10368,188,321,2024-05-28,1,1130.14,28,0,Ads
10369,568,253,2024-08-19,5,325.6,3,1,Email
10370,744,290,2024-03-02,3,1012.14,32,1,Email
10371,500,242,2024-05-13,2,904.96,47,0,Email
10372,297,362,2024-04-18,4,800.47,10,0,Email
10373,336,304,2024-03-03,3,427.15,1,0,Direct
10374,590,324,2024-07-23,1,64.5,49,0,Email
10375,277,214,2024-01-15,2,1158.62,43,0,Email
10376,541,327,2024-12-25,4,619.46,56,0,Ads
10377,536,392,2024-04-27,2,909.34,44,1,Email
10378,428,383,2024-08-19,4,901.36,58,1,Email
10379,880,263,2024-07-21,2,933.58,26,0,Ads
10380,929,67,2024-12-04,5,135.78,56,1,Social
10381,152,238,2024-02-29,1,835.9,35,1,Direct
10382,74,115,2024-08-29,5,668.63,39,0,Social
10383,26,21,2024-10-24,4,103.2,26,0,Ads
10384,876,108,2024-05-23,1,91.58,1,0,Email
10385,904,244,2024-12-30,5,1037.42,40,1,Social
10386,705,200,2024-02-23,3,331.96,21,1,Email
10387,718,7,2024-11-14,5,309.96,50,0,Direct
10388,131,360,2024-05-14,2,53.18,52,1,Social
10389,674,70,2024-01-19,1,21.78,55,1,Email
10390,676,205,2024-05-06,3,533.65,57,0,Email
10391,202,68,2024-02-19,5,1073.7,48,1,Email
10392,946,12,2024-09-03,3,669.69,23,0,Ads
10393,707,373,2024-04-25,2,1068.88,54,0,Email
10394,864,87,2024-07-14,4,839.02,39,0,Social
10395,930,84,2024-09-01,1,115.1,21,0,Social
10396,664,43,2024-02-19,5,965.59,28,1,Ads
10397,52,42,2024-12-05,3,948.5,44,1,Social
10398,638,216,2024-09-11,2,499.14,27,1,Ads
10399,493,306,2024-12-04,4,290.31,29,1,Direct
10400,268,361,2024-01-03,3,49.6,52,1,Email
10401,443,358,2024-02-07,1,1095.4,44,0,Social
10402,187,369,2024-10-13,4,422.65,18,0,Email
10403,910,390,2024-03-03,1,659.21,45,1,Social
10404,149,310,2024-12-07,2,32.24,60,1,Ads
10405,432,336,2024-06-23,2,445.93,32,1,Social
10406,793,362,2024-05-26,3,53.14,14,1,Social
10407,830,105,2024-12-16,5,780.44,52,0,Ads
10408,372,301,2024-09-08,5,489.25,37,1,Social
10409,64,197,2024-05-06,4,850.25,1,0,Social
10410,141,279,2024-06-14,4,1057.17,10,1,Email
10411,405,123,2024-07-20,3,1085.13,9,0,Email
10412,455,346,2024-02-01,2,743.49,19,1,Social
10413,693,350,2024-11-25,4,1096.79,55,0,Ads
10414,438,386,2024-12-31,4,640.8,50,0,Email
10415,748,190,2024-10-18,5,315.87,48,1,Social
10416,469,367,2024-10-30,2,1045.84,19,0,Ads
10417,264,77,2024-07-01,5,462.34,30,1,Direct
10418,937,394,2024-07-30,2,313.88,15,1,Social
10419,943,146,2024-02-15,2,124.87,16,0,Email
10420,486,238,2024-10-11,3,333.7,15,1,Direct
10421,190,304,2024-08-06,5,901.87,26,0,Email
10422,867,4,2024-01-09,2,93.59,5,1,Social
10423,879,150,2024-02-17,5,997.45,5,1,Social
10424,900,94,2024-01-30,2,541.38,46,0,Direct
10425,749,202,2024-03-14,3,984.43,27,0,Ads
10426,857,278,2024-01-27,4,921.38,55,1,Direct
10427,317,272,2024-05-03,2,789.95,17,1,Direct
10428,850,363,2024-03-17,3,709.48,28,1,Ads
10429,596,361,2024-07-03,1,298.96,28,0,Social
10430,150,359,2024-06-07,4,204.1,31,0,Direct
10431,561,190,2024-12-31,1,471.4,9,1,Direct
10432,779,88,2024-05-13,3,1024.08,43,0,Email
10433,640,230,2024-10-05,2,1188.87,50,0,Email
10434,342,248,2024-11-24,3,1127.56,46,1,Email
10435,360,165,2024-07-28,2,716.65,12,0,Ads
10436,634,185,2024-10-25,5,647.17,37,1,Email
10437,128,226,2024-12-29,5,232.95,36,0,Email
10438,791,12,2024-05-29,4,945.3,19,0,Social
10439,569,315,2024-12-20,2,1059.06,32,1,Email
10440,788,143,2024-05-07,1,864.28,14,1,Email
10441,320,125,2024-10-21,3,429.49,8,1,Direct
10442,907,73,2024-10-29,5,668.07,54,0,Ads
10443,843,264,2024-02-29,5,229.05,50,1,Email
10444,20,319,2024-10-27,5,486.85,30,0,Direct
10445,751,357,2024-03-25,3,659.01,56,0,Ads
10446,198,247,2024-06-13,2,1081.87,9,0,Direct
10447,290,338,2024-12-22,5,554.56,39,0,Direct
10448,878,31,2024-06-07,5,631.97,8,0,Email
10449,954,9,2024-06-13,3,347.85,41,0,Email
10450,556,31,2024-05-01,4,962.57,23,1,Email
10451,756,154,2024-05-17,2,1084.43,20,0,Email
10452,170,124,2024-09-14,1,818.98,44,0,Social
10453,858,194,2024-11-04,4,1010.15,27,1,Direct
10454,187,287,2024-08-23,5,1141.69,8,0,Ads
10455,649,82,2024-12-27,1,48.3,36,1,Direct
10456,944,102,2024-09-20,2,542.95,17,1,Ads
10457,6,287,2024-01-09,1,1188.32,20,1,Email
10458,235,349,2024-08-31,4,109.58,20,1,Direct
10459,418,276,2024-01-19,2,1088.39,40,1,Social
10460,795,100,2024-03-02,3,888.22,39,0,Ads
10461,739,309,2024-04-19,4,672.5,52,1,Direct
10462,620,135,2024-05-14,5,1129.9,6,0,Direct
10463,782,392,2024-06-07,1,762.31,22,1,Direct
10464,765,355,2024-05-08,4,494.0,45,1,Social
10465,615,79,2024-06-14,4,484.23,26,0,Social
10466,157,214,2024-03-10,1,458.77,4,0,Email
10467,536,322,2024-11-16,5,880.4,20,1,Direct
10468,796,297,2024-11-25,5,698.8,44,1,Social
10469,140,76,2024-02-25,1,32.73,15,1,Direct
10470,893,90,2024-07-29,5,224.74,26,1,Direct
10471,663,246,2024-03-13,5,816.09,4,1,Social
10472,220,8,2024-09-03,5,112.09,11,1,Direct
10473,86,338,2024-08-17,2,1020.24,47,1,Email
10474,711,346,2024-06-04,3,879.12,30,1,Ads
10475,395,249,2024-04-12,5,96.68,53,1,Email
10476,814,100,2024-06-24,3,976.37,40,0,Email
10477,190,356,2024-12-10,3,748.66,15,1,Direct
10478,196,164,2024-05-15,1,310.49,39,0,Ads
10479,916,336,2024-12-31,2,884.89,47,1,Social
10480,596,138,2024-11-21,5,678.85,8,0,Email
10481,744,3,2024-03-29,5,681.87,20,0,Ads
10482,469,252,2024-01-18,1,899.41,27,0,Direct
10483,730,19,2024-03-14,2,311.66,32,0,Ads
10484,115,70,2024-05-15,5,269.37,39,0,Email
10485,123,145,2024-04-17,2,1177.39,31,1,Social
10486,245,95,2024-07-12,4,32.41,19,0,Ads
10487,311,338,2024-01-14,4,794.86,57,0,Email
10488,473,23,2024-04-06,2,192.74,8,1,Social
10489,197,23,2024-01-01,5,1133.76,59,0,Direct
10490,428,50,2024-11-29,1,830.17,55,0,Social
10491,504,192,2024-10-08,4,431.26,23,1,Email
10492,333,27,2024-06-01,3,1126.2,5,1,Email
10493,827,30,2024-03-24,2,934.09,47,1,Ads
10494,494,101,2024-11-18,3,199.59,29,0,Email
10495,514,208,2024-05-15,5,289.38,48,0,Social
10496,119,230,2024-03-16,3,189.66,21,0,Email
10497,983,76,2024-11-26,1,1034.5,19,0,Ads
10498,976,15,2024-04-22,2,790.72,53,0,Ads
10499,98,197,2024-06-29,4,1133.6,11,1,Social
10500,387,183,2024-02-10,4,1039.47,17,0,Ads
10501,887,4,2024-07-12,5,806.59,35,0,Ads
10502,48,105,2024-09-04,4,663.34,47,1,Ads
10503,76,202,2024-10-17,4,143.5,56,1,Email
10504,975,243,2024-09-17,4,576.44,26,1,Email
10505,148,364,2024-08-12,1,795.22,1,1,Ads
10506,331,127,2024-10-14,2,734.16,23,1,Ads
10507,59,73,2024-12-05,1,68.04,11,1,Social
10508,450,257,2024-01-15,3,616.5,7,0,Social
10509,989,212,2024-09-14,1,732.61,17,0,Ads
10510,931,323,2024-07-02,5,1022.87,27,1,Social
10511,333,381,2024-02-26,2,580.17,56,0,Ads
10512,95,388,2024-09-07,1,115.8,49,1,Email
10513,393,154,2024-12-05,3,471.61,19,1,Email
10514,192,160,2024-12-27,1,627.25,56,1,Social
10515,420,293,2024-11-19,2,1061.47,20,0,Direct
10516,878,279,2024-06-18,3,50.35,16,1,Ads
10517,781,234,2024-02-03,1,965.01,59,1,Ads
10518,318,7,2024-06-29,4,661.4,5,0,Email
10519,520,270,2024-12-12,3,26.12,7,1,Social
10520,463,101,2024-10-09,5,725.15,18,0,Direct
10521,263,371,2024-03-08,3,993.21,7,1,Direct
10522,770,60,2024-09-22,2,1132.11,1,1,Email
10523,946,135,2024-09-16,3,162.26,33,0,Social
10524,855,270,2024-12-29,3,737.5,11,1,Ads
10525,337,214,2024-06-17,3,208.32,57,0,Direct
10526,137,34,2024-03-03,2,1097.56,37,0,Direct
10527,118,66,2024-08-31,4,1098.08,29,1,Ads
10528,7,78,2024-03-22,1,533.77,34,1,Ads
10529,569,153,2024-05-31,4,640.12,41,0,Direct
10530,962,148,2024-11-11,5,592.08,60,1,Email
10531,357,34,2024-03-01,5,1025.41,14,0,Direct
10532,186,300,2024-01-20,4,188.95,6,1,Social
10533,209,271,2024-12-20,4,194.93,32,0,Email
10534,837,201,2024-05-03,2,303.24,38,0,Social
10535,385,220,2024-12-10,5,581.11,8,0,Ads
10536,973,295,2024-04-29,5,533.52,1,0,Ads
10537,863,288,2024-06-05,1,506.15,15,0,Social
10538,253,186,2024-02-13,5,1177.29,50,0,Ads
10539,901,317,2024-05-02,5,750.81,49,0,Email
10540,834,1,2024-05-21,4,148.3,59,0,Email
10541,81,104,2024-07-25,5,1108.84,47,1,Email
10542,824,165,2024-01-05,4,537.6,32,0,Direct
10543,39,261,2024-06-17,1,617.17,33,1,Email
10544,585,385,2024-05-10,3,259.89,12,1,Ads
10545,972,60,2024-04-15,5,275.24,52,0,Direct
10546,775,227,2024-09-20,2,1154.32,23,1,Ads
10547,680,301,2024-08-21,1,210.56,37,0,Ads
10548,145,250,2024-11-14,2,982.5,24,0,Email
10549,245,362,2024-11-10,4,46.29,13,0,Social
10550,279,66,2024-10-24,1,19.0,37,1,Social
10551,307,162,2024-04-26,2,1148.04,53,1,Direct
10552,4,237,2024-03-29,2,861.02,34,0,Social
10553,411,178,2024-10-27,4,971.57,46,0,Email
10554,415,163,2024-11-29,2,1134.64,7,0,Email
10555,221,7,2024-08-15,2,75.05,11,0,Email
10556,186,181,2024-07-18,2,348.54,14,1,Social
10557,878,50,2024-11-13,2,565.68,9,1,Direct
10558,750,134,2024-09-25,5,525.01,6,0,Direct
10559,787,198,2024-11-23,1,56.49,10,1,Direct
10560,744,85,2024-11-30,2,762.21,31,0,Email
10561,841,267,2024-03-20,5,1012.64,29,1,Direct
10562,314,388,2024-06-11,3,555.31,37,0,Email
10563,710,54,2024-05-25,5,794.96,9,0,Direct
10564,585,28,2024-07-11,5,736.44,25,1,Direct
10565,633,373,2024-11-24,3,910.91,49,1,Social
10566,966,360,2024-02-19,4,847.72,31,1,Ads
10567,260,268,2024-04-30,3,91.35,40,0,Direct
10568,667,357,2024-04-18,2,354.16,58,1,Social
10569,760,92,2024-11-08,1,428.37,18,0,Social
10570,935,159,2024-09-28,3,1012.89,51,1,Ads
10571,614,301,2024-08-10,2,713.29,27,1,Email
10572,153,244,2024-11-25,3,877.29,53,1,Ads
10573,195,5,2024-11-01,1,940.88,53,1,Email
10574,634,333,2024-11-26,2,991.25,25,0,Direct
10575,372,150,2024-08-12,3,389.03,42,0,Ads
10576,351,7,2024-06-20,2,424.22,50,1,Email
10577,547,392,2024-10-30,1,1174.77,31,1,Ads
10578,854,90,2024-08-28,1,632.91,38,0,Social
10579,209,330,2024-12-30,4,60.63,23,1,Social
10580,531,217,2024-03-02,2,863.24,44,1,Direct
10581,707,366,2024-01-26,2,26.91,35,1,Email
10582,880,65,2024-11-04,3,616.23,30,1,Direct
10583,29,107,2024-10-17,4,944.25,22,1,Email
10584,342,116,2024-07-24,2,1143.24,31,1,Direct
10585,803,74,2024-01-19,2,976.1,18,0,Social
10586,163,264,2024-04-27,2,938.1,8,1,Email
10587,538,260,2024-05-29,5,846.85,56,0,Ads
10588,987,180,2024-10-23,4,27.79,22,1,Direct
10589,729,259,2024-08-13,3,828.93,54,1,Ads
10590,629,163,2024-11-21,4,736.55,14,1,Direct
10591,821,188,2024-04-04,2,99.63,55,1,Email
10592,565,366,2024-11-21,2,993.31,16,0,Social
10593,510,337,2024-04-29,3,390.66,11,0,Social
10594,790,184,2024-08-10,2,1011.0,6,1,Social
10595,582,35,2024-11-14,4,696.45,30,1,Social
10596,927,314,2024-08-08,5,789.99,47,0,Social
10597,706,2,2024-05-03,3,333.49,33,0,Direct
10598,536,199,2024-10-18,1,646.86,51,0,Direct
10599,415,45,2024-06-23,2,594.79,42,1,Direct
10600,402,129,2024-07-04,1,325.9,32,1,Direct
10601,651,192,2024-10-27,4,55.0,51,1,Email
10602,580,96,2024-10-18,3,210.77,25,1,Direct
10603,639,209,2024-07-08,1,901.94,40,0,Email
10604,482,370,2024-07-21,2,510.02,20,1,Social
10605,72,12,2024-03-23,3,1104.37,53,1,Ads
10606,339,208,2024-02-26,3,1028.64,52,0,Social
10607,570,144,2024-09-08,3,699.87,46,0,Social
10608,888,159,2024-06-01,3,1020.47,45,0,Email
10609,643,267,2024-06-24,4,600.87,44,0,Social
10610,232,351,2024-06-24,2,188.63,58,0,Email
10611,769,235,2024-01-13,1,1105.58,50,0,Social
10612,68,39,2024-09-09,3,186.09,3,1,Social
10613,729,248,2024-04-28,3,254.4,41,0,Email
10614,907,221,2024-08-12,4,1171.76,22,0,Ads
10615,614,131,2024-05-14,3,149.88,38,0,Ads
10616,279,266,2024-01-09,5,954.08,17,1,Social
10617,990,135,2024-03-31,1,263.04,30,0,Ads
10618,894,156,2024-04-27,1,1082.42,12,1,Ads
10619,278,86,2024-05-12,2,181.14,29,0,Direct
10620,954,251,2024-02-29,4,514.28,27,0,Email
10621,402,147,2024-04-29,5,951.83,1,0,Ads
10622,18,225,2024-04-02,1,1189.42,55,0,Email
10623,774,37,2024-03-12,5,660.57,2,0,Ads
10624,278,341,2024-12-28,3,494.03,26,1,Social
10625,909,328,2024-06-29,1,628.29,9,1,Ads
10626,526,73,2024-07-21,1,84.84,42,0,Direct
10627,738,313,2024-11-05,2,855.37,58,1,Direct
10628,142,5,2024-11-15,4,55.0,16,0,Ads
10629,4,352,2024-07-24,2,556.73,42,1,Social
10630,58,169,2024-03-20,4,577.07,55,1,Social
10631,290,306,2024-07-25,4,1143.44,32,1,Ads
10632,955,294,2024-05-25,4,203.13,2,1,Ads
10633,73,388,2024-08-23,5,313.98,58,1,Direct
10634,598,234,2024-01-10,4,1081.21,45,1,Social
10635,812,385,2024-08-16,1,446.57,34,1,Direct
10636,611,200,2024-08-30,5,329.26,30,1,Email
10637,92,18,2024-10-22,3,988.62,9,0,Ads
10638,756,43,2024-10-29,4,61.35,13,0,Social
10639,783,218,2024-04-20,4,51.36,58,0,Email
10640,52,162,2024-02-17,5,52.94,17,0,Email
10641,49,237,2024-08-01,5,1149.02,6,1,Social
10642,408,24,2024-03-23,4,801.42,57,0,Email
10643,581,11,2024-01-28,2,74.36,40,1,Direct
10644,186,93,2024-01-05,4,989.99,25,1,Social
10645,122,9,2024-08-04,3,327.57,27,1,Social
10646,452,381,2024-11-03,2,195.54,17,0,Ads
10647,206,106,2024-11-21,2,261.02,29,1,Direct
10648,747,151,2024-11-21,2,346.13,4,0,Email
10649,429,148,2024-09-07,2,421.74,22,0,Social
10650,149,400,2024-07-16,1,1008.97,44,1,Email
10651,511,291,2024-01-10,1,209.51,3,1,Direct
10652,981,67,2024-11-25,3,263.15,27,0,Direct
10653,152,171,2024-12-13,3,629.42,27,1,Social
10654,909,145,2024-03-20,3,1088.15,60,0,Direct
10655,239,187,2024-04-28,2,645.28,3,1,Ads
10656,780,150,2024-08-18,3,102.35,14,1,Ads
10657,505,82,2024-07-23,3,846.82,32,1,Email
10658,931,155,2024-03-30,2,1152.54,39,1,Ads
10659,921,252,2024-01-09,3,537.06,40,1,Ads
10660,825,361,2024-05-16,3,339.7,47,1,Social
10661,452,211,2024-11-13,1,842.78,30,1,Social
10662,567,19,2024-04-09,2,543.49,57,1,Ads
10663,137,20,2024-09-24,1,378.52,27,1,Social
10664,999,303,2024-09-04,5,726.42,12,0,Social
10665,121,51,2024-07-24,3,963.84,41,1,Direct
10666,857,68,2024-04-04,3,672.09,48,1,Social
10667,602,161,2024-11-14,5,779.84,51,0,Direct
10668,322,165,2024-08-19,2,533.26,42,0,Ads
10669,537,36,2024-03-18,1,581.71,22,0,Social
10670,103,70,2024-11-27,3,430.68,29,1,Social
10671,763,360,2024-06-16,1,1099.63,50,1,Direct
10672,921,52,2024-12-10,2,1159.0,9,0,Ads
10673,994,105,2024-12-31,5,48.92,28,1,Ads
10674,669,223,2024-04-27,1,451.08,7,1,Direct
10675,388,319,2024-04-26,4,250.95,57,1,Email
10676,818,91,2024-01-05,5,1177.38,22,1,Email
10677,838,341,2024-03-31,4,949.52,5,0,Email
10678,693,249,2024-02-15,3,714.86,45,1,Email
10679,340,339,2024-12-27,1,971.15,7,1,Email
10680,904,19,2024-10-15,4,339.57,3,0,Direct
10681,781,3,2024-09-28,5,1061.0,48,0,Social
10682,397,378,2024-03-02,1,523.86,29,0,Direct
10683,151,204,2024-08-23,3,1173.67,34,1,Ads
10684,186,143,2024-11-05,3,651.56,8,0,Email
10685,623,396,2024-11-13,1,959.72,48,0,Ads
10686,823,293,2024-09-01,3,446.94,43,0,Email
10687,409,194,2024-10-26,5,973.42,27,0,Email
10688,1,9,2024-02-23,2,491.89,8,0,Email
10689,36,171,2024-06-28,1,44.3,43,1,Social
10690,17,358,2024-01-19,2,520.54,33,0,Direct
10691,650,360,2024-12-30,1,821.24,31,1,Direct
10692,337,284,2024-04-21,4,1035.42,5,0,Direct
10693,483,143,2024-10-11,5,528.68,32,1,Direct
10694,313,86,2024-03-11,5,290.33,9,0,Social
10695,923,134,2024-09-02,4,937.81,35,0,Direct
10696,977,171,2024-08-23,4,522.11,56,0,Ads
10697,962,236,2024-09-08,2,270.78,39,1,Social
10698,636,296,2024-09-30,4,139.28,54,1,Ads
10699,49,60,2024-10-16,1,147.43,38,1,Social
10700,758,2,2024-02-14,2,423.84,24,1,Email
10701,862,352,2024-02-08,5,935.09,2,1,Social
10702,380,8,2024-10-18,5,718.94,17,0,Email
10703,113,321,2024-07-24,1,381.2,6,0,Direct
10704,627,41,2024-05-06,3,106.7,47,0,Direct
10705,440,47,2024-04-02,3,88.0,10,0,Social
10706,1,100,2024-03-27,4,88.27,14,0,Direct
10707,325,202,2024-11-19,4,201.09,56,1,Ads
10708,595,315,2024-05-19,1,980.21,39,0,Direct
10709,506,269,2024-10-29,5,332.07,17,0,Direct
10710,534,27,2024-06-08,5,857.46,59,0,Ads
10711,193,68,2024-12-17,5,695.12,1,1,Direct
10712,983,38,2024-11-15,4,803.73,19,0,Ads
10713,141,40,2024-07-02,1,874.81,32,1,Social
10714,258,129,2024-10-09,4,426.71,9,0,Direct
10715,846,218,2024-01-04,5,1130.93,10,1,Ads
10716,817,135,2024-02-29,1,886.46,3,1,Direct
10717,666,247,2024-05-15,1,781.56,51,0,Social
10718,229,226,2024-02-11,4,811.12,33,1,Direct
10719,854,284,2024-03-30,1,270.77,49,0,Email
10720,279,365,2024-01-01,5,656.33,52,0,Email
10721,264,61,2024-01-19,3,498.16,56,1,Social
10722,426,216,2024-05-29,2,1137.28,34,0,Ads
10723,272,127,2024-08-09,1,495.34,28,0,Social
10724,283,195,2024-06-07,2,292.48,51,1,Ads
10725,448,106,2024-10-06,5,978.19,32,1,Social
10726,334,305,2024-03-26,3,64.39,41,1,Ads
10727,108,122,2024-08-17,5,963.71,32,1,Ads
10728,663,230,2024-06-24,5,941.71,20,0,Direct
10729,374,277,2024-12-11,5,70.69,14,0,Direct
10730,303,171,2024-01-10,1,390.84,34,1,Direct
10731,749,56,2024-04-14,4,767.06,14,1,Email
10732,245,148,2024-11-22,2,126.31,3,0,Ads
10733,477,366,2024-03-30,1,544.08,52,0,Ads
10734,709,291,2024-12-15,1,393.38,6,1,Direct
10735,621,292,2024-05-26,5,731.57,17,1,Social
10736,219,113,2024-12-16,2,278.45,59,0,Direct
10737,529,242,2024-11-06,2,960.11,22,1,Email
10738,581,269,2024-02-02,3,362.81,21,1,Social
10739,127,12,2024-06-30,2,617.3,53,1,Direct
10740,380,338,2024-04-03,5,147.69,16,0,Email
10741,896,279,2024-10-11,3,913.5,50,1,Ads
10742,770,205,2024-02-02,1,1140.12,5,0,Social
10743,150,347,2024-07-25,4,363.11,9,1,Direct
10744,34,347,2024-04-14,3,636.07,26,0,Social
10745,977,19,2024-11-07,4,953.98,38,1,Direct
10746,634,127,2024-02-27,5,300.83,5,0,Direct
10747,118,233,2024-09-12,5,729.54,38,1,Social
10748,980,311,2024-04-28,1,1001.02,37,1,Email
10749,351,81,2024-03-07,1,81.72,29,0,Direct
10750,601,184,2024-06-03,5,715.46,19,1,Direct
10751,70,186,2024-06-29,1,153.55,34,1,Ads
10752,134,39,2024-06-01,3,678.78,24,0,Ads
10753,561,284,2024-11-18,3,40.99,53,0,Ads
10754,339,322,2024-09-05,1,594.98,4,1,Ads
10755,358,167,2024-09-10,5,878.66,14,0,Social
10756,28,280,2024-01-14,4,664.31,37,1,Ads
10757,619,104,2024-08-04,5,1107.84,21,1,Email
10758,59,373,2024-01-17,2,1168.49,59,1,Ads
10759,404,186,2024-03-21,3,777.72,49,1,Direct
10760,503,327,2024-05-20,1,943.32,10,1,Ads
10761,161,15,2024-02-28,2,332.19,53,1,Social
10762,332,228,2024-04-18,3,769.89,53,1,Direct
10763,343,294,2024-04-25,2,858.27,31,0,Email
10764,769,103,2024-10-25,5,1153.27,35,1,Email
10765,941,255,2024-07-23,5,464.13,23,1,Email
10766,586,313,2024-04-25,2,155.56,40,0,Ads
10767,906,61,2024-02-14,1,97.24,23,1,Email
10768,589,338,2024-07-26,2,509.87,19,0,Ads
10769,43,16,2024-04-11,4,969.34,8,0,Direct
10770,576,102,2024-11-25,1,552.82,20,1,Email
10771,120,324,2024-10-28,5,286.24,22,0,Ads
10772,945,377,2024-06-06,1,723.9,54,1,Ads
10773,717,208,2024-03-15,3,279.64,11,0,Direct
10774,156,63,2024-02-04,4,459.4,53,0,Email
10775,531,167,2024-09-03,5,242.63,20,0,Ads
10776,545,73,2024-05-27,1,783.08,10,0,Email
10777,90,111,2024-02-11,3,789.78,10,1,Email
10778,630,155,2024-06-21,3,959.34,14,0,Social
10779,539,43,2024-09-09,1,611.57,8,1,Social
10780,145,122,2024-12-31,4,747.4,33,1,Ads
10781,698,331,2024-10-16,2,1125.95,16,1,Ads
10782,374,248,2024-04-11,2,698.36,4,0,Social
10783,864,237,2024-06-28,4,887.26,44,0,Direct
10784,661,325,2024-02-25,5,1155.32,40,0,Ads
10785,347,333,2024-05-07,1,620.47,10,0,Email
10786,549,31,2024-09-01,3,693.87,50,0,Email
10787,52,86,2024-01-02,2,266.08,31,1,Ads
10788,64,185,2024-12-04,3,260.71,1,0,Direct
10789,524,156,2024-06-19,1,682.17,43,0,Social
10790,867,351,2024-09-08,4,113.26,4,0,Direct
10791,497,242,2024-09-14,1,423.92,12,0,Direct
10792,100,392,2024-10-10,3,515.89,9,0,Email
10793,835,93,2024-07-30,4,968.53,3,1,Ads
10794,419,283,2024-12-31,2,93.48,11,1,Direct
10795,853,56,2024-03-08,5,649.05,18,0,Direct
10796,196,21,2024-06-04,4,90.79,16,1,Direct
10797,17,395,2024-04-08,4,133.4,28,0,Social
10798,191,176,2024-05-13,1,281.62,19,1,Social
10799,626,42,2024-01-05,3,1117.77,20,1,Email
10800,742,73,2024-01-27,3,78.1,47,0,Direct
10801,692,254,2024-05-08,3,852.16,4,1,Email
10802,458,364,2024-01-15,1,294.45,30,0,Social
10803,435,346,2024-08-22,2,196.14,11,0,Social
10804,345,336,2024-02-02,5,298.35,30,0,Direct
10805,640,212,2024-08-29,5,188.78,51,1,Email
10806,209,139,2024-02-20,4,90.82,6,1,Direct
10807,793,10,2024-01-18,3,428.43,32,1,Social
10808,567,80,2024-09-11,4,704.98,26,1,Email
10809,397,326,2024-08-15,2,704.79,18,0,Direct
10810,157,137,2024-04-24,5,1090.85,41,0,Email
10811,5,233,2024-10-21,2,769.68,21,1,Social
10812,375,76,2024-11-21,1,737.99,48,1,Email
10813,871,51,2024-04-12,4,561.67,21,1,Email
10814,425,41,2024-05-01,3,39.36,10,1,Ads
10815,946,204,2024-09-01,1,949.95,53,1,Ads
10816,140,255,2024-12-14,1,423.97,35,1,Social
10817,601,104,2024-11-04,3,167.59,42,1,Social
10818,251,5,2024-04-03,1,756.16,11,1,Social
10819,215,238,2024-10-02,5,770.93,33,0,Direct
10820,270,17,2024-03-20,5,23.51,58,0,Direct
10821,570,280,2024-05-22,1,705.89,27,0,Ads
10822,876,248,2024-06-06,3,1128.63,24,0,Email
10823,623,267,2024-10-22,2,1046.04,56,0,Direct
10824,346,360,2024-10-11,2,585.23,51,0,Direct
10825,50,329,2024-03-31,3,714.09,18,0,Social
10826,461,93,2024-01-03,5,23.47,30,0,Ads
10827,124,323,2024-01-05,2,453.82,23,0,Email
10828,146,262,2024-01-27,3,842.69,18,0,Social
10829,744,296,2024-06-01,1,757.71,10,1,Direct
10830,975,185,2024-09-25,2,620.01,24,0,Ads
10831,878,247,2024-01-14,3,818.2,34,1,Email
10832,178,187,2024-08-07,2,968.46,30,0,Direct
10833,303,319,2024-03-25,1,871.29,54,0,Direct
10834,468,160,2024-06-19,4,116.88,4,1,Social
10835,909,8,2024-04-15,4,196.05,54,0,Social
10836,480,100,2024-11-27,3,422.68,1,0,Email
10837,521,70,2024-07-08,5,371.74,14,0,Email
10838,17,390,2024-01-10,5,1163.06,41,1,Ads
10839,826,214,2024-08-30,5,31.12,53,0,Email
10840,661,153,2024-06-22,3,1040.74,58,0,Direct
10841,230,400,2024-11-21,4,697.05,13,0,Direct
10842,565,67,2024-08-04,2,752.52,54,1,Social
10843,169,227,2024-04-09,1,482.72,32,1,Direct
10844,163,31,2024-11-22,1,349.48,12,1,Email
10845,380,27,2024-05-05,1,1115.96,32,1,Social
10846,133,50,2024-12-25,5,582.58,22,0,Social
10847,27,355,2024-06-10,2,939.94,21,0,Ads
10848,804,360,2024-12-10,3,51.17,17,0,Direct
10849,805,164,2024-08-06,4,743.5,4,1,Email
10850,904,19,2024-05-06,5,154.34,21,0,Email
10851,803,316,2024-09-18,4,897.14,60,0,Direct
10852,378,231,2024-08-06,1,758.3,19,0,Social
10853,25,272,2024-01-20,4,318.4,60,0,Direct
10854,429,366,2024-10-30,5,1142.74,38,1,Email
10855,342,39,2024-12-16,1,1091.62,58,1,Direct
10856,308,307,2024-08-30,5,16.62,18,0,Direct
10857,363,84,2024-05-21,2,733.77,18,1,Email
10858,970,398,2024-01-04,2,178.96,17,0,Direct
10859,315,30,2024-05-11,4,1113.42,9,0,Ads
10860,661,148,2024-05-26,5,792.76,49,0,Social
10861,99,14,2024-01-05,1,558.06,44,0,Social
10862,664,170,2024-07-08,2,972.49,49,0,Direct
10863,629,170,2024-10-06,2,158.83,59,0,Ads
10864,545,69,2024-03-17,4,1050.32,48,1,Email
10865,815,47,2024-11-02,2,699.18,22,1,Social
10866,127,109,2024-10-23,1,1094.75,24,1,Ads
10867,438,330,2024-04-20,1,425.9,41,0,Ads
10868,785,307,2024-08-10,1,383.36,8,1,Ads
10869,280,208,2024-07-12,1,85.15,12,1,Email
10870,697,371,2024-10-19,4,214.17,4,0,Direct
10871,911,63,2024-07-24,3,1149.06,15,0,Email
10872,663,289,2024-09-10,3,79.11,4,0,Ads
10873,541,375,2024-01-11,5,693.9,1,1,Direct
10874,338,390,2024-07-03,2,851.04,24,0,Direct
10875,879,93,2024-08-31,5,922.77,37,1,Ads
10876,172,280,2024-04-24,4,666.56,34,0,Ads
10877,673,154,2024-09-25,5,1054.82,16,1,Ads
10878,861,32,2024-03-03,4,279.67,49,1,Email
10879,685,300,2024-02-01,3,795.94,47,0,Email
10880,808,355,2024-06-25,2,458.65,3,1,Email
10881,149,187,2024-04-20,2,880.85,18,1,Social
10882,495,278,2024-10-25,3,313.24,40,1,Direct
10883,254,218,2024-03-07,2,315.95,55,1,Email
10884,849,27,2024-07-21,2,349.84,41,1,Ads
10885,608,163,2024-01-29,5,833.02,27,1,Email
10886,249,107,2024-02-24,2,984.04,45,1,Social
10887,830,67,2024-08-14,1,1034.87,59,0,Social
10888,353,275,2024-03-30,2,803.09,21,1,Email
10889,22,312,2024-07-08,2,1001.17,12,0,Social
10890,181,262,2024-05-30,5,708.03,24,0,Direct
10891,377,86,2024-09-03,3,124.08,28,0,Direct
10892,865,2,2024-07-14,1,1118.34,2,1,Direct
10893,360,238,2024-08-31,2,620.07,14,1,Email
10894,666,286,2024-10-22,4,247.48,54,0,Direct
10895,135,81,2024-07-09,1,461.32,46,1,Social
10896,441,220,2024-05-26,5,985.03,26,1,Email
10897,851,102,2024-03-04,1,1111.2,28,1,Direct
10898,776,287,2024-12-14,5,969.82,38,1,Ads
10899,343,264,2024-03-05,1,319.86,17,1,Social
10900,880,118,2024-08-24,5,905.25,1,0,Email
10901,842,342,2024-09-13,4,374.26,11,1,Direct
10902,822,104,2024-08-03,1,641.15,59,0,Email
10903,320,10,2024-12-15,3,744.85,26,1,Social
10904,550,54,2024-09-04,1,434.56,1,0,Social
10905,672,175,2024-09-11,3,651.53,34,1,Direct
10906,148,397,2024-04-18,1,737.99,60,0,Social
10907,31,48,2024-04-21,5,1038.7,48,1,Direct
10908,225,211,2024-01-26,3,449.44,49,0,Ads
10909,899,49,2024-12-24,1,639.23,48,0,Ads
10910,262,184,2024-09-07,2,197.5,48,0,Email
10911,44,148,2024-11-01,2,513.88,46,1,Ads
10912,518,361,2024-04-23,3,20.34,41,0,Social
10913,88,62,2024-06-27,4,744.31,29,1,Social
10914,292,125,2024-12-31,4,397.85,25,0,Direct
10915,623,212,2024-06-14,1,623.41,20,0,Social
10916,308,139,2024-06-25,4,1050.47,53,1,Email
10917,147,141,2024-06-24,2,711.44,41,1,Email
10918,6,220,2024-05-02,1,867.34,18,0,Email
10919,672,221,2024-09-04,2,621.53,8,1,Direct
10920,735,228,2024-10-24,3,1117.96,56,1,Ads
10921,374,331,2024-03-21,5,955.79,6,1,Direct
10922,411,330,2024-04-10,3,475.07,40,1,Social
10923,215,388,2024-03-24,3,1076.61,30,1,Direct
10924,210,25,2024-12-14,2,556.6,16,0,Ads
10925,118,215,2024-06-29,2,597.11,9,0,Email
10926,296,173,2024-11-20,3,495.9,32,1,Social
10927,190,363,2024-04-20,2,942.51,10,1,Social
10928,178,230,2024-03-11,4,325.0,42,1,Ads
10929,316,12,2024-10-15,3,641.89,42,0,Social
10930,245,333,2024-07-03,2,167.61,50,0,Ads
10931,142,273,2024-02-10,2,1152.67,56,1,Ads
10932,374,96,2024-11-21,4,546.89,36,1,Social
10933,251,56,2024-10-07,3,833.62,7,1,Direct
10934,459,59,2024-09-13,2,439.93,18,1,Email
10935,227,116,2024-02-06,5,514.08,16,1,Email
10936,671,317,2024-04-25,3,445.85,27,0,Direct
10937,591,62,2024-12-28,2,690.45,31,0,Ads
10938,527,201,2024-06-13,2,867.22,31,1,Ads
10939,148,137,2024-05-12,3,430.29,22,0,Email
10940,17,248,2024-09-27,4,194.32,16,1,Email
10941,895,174,2024-07-31,2,942.82,53,1,Email
10942,593,146,2024-01-30,5,158.88,57,0,Social
10943,369,398,2024-08-16,3,806.33,4,0,Ads
10944,206,260,2024-07-21,5,1114.66,46,1,Email
10945,70,350,2024-01-31,2,619.34,27,1,Email
10946,645,396,2024-11-03,4,330.54,52,0,Ads
10947,51,379,2024-01-25,3,1020.95,54,1,Email
10948,816,342,2024-07-15,4,1151.84,2,0,Ads
10949,422,152,2024-01-03,3,508.77,1,1,Direct
10950,507,292,2024-03-13,5,198.19,39,1,Ads
10951,839,314,2024-09-20,3,714.16,60,0,Ads
10952,686,14,2024-04-09,4,248.81,31,0,Direct
10953,917,56,2024-09-12,5,312.95,9,0,Social
10954,445,386,2024-03-07,4,417.04,46,0,Direct
10955,763,237,2024-10-10,3,499.95,35,1,Social
10956,360,92,2024-09-21,4,196.98,54,0,Email
10957,562,357,2024-03-02,5,646.84,58,0,Ads
10958,388,19,2024-10-14,5,858.77,4,1,Ads
10959,794,308,2024-10-23,5,252.56,38,1,Direct
10960,854,115,2024-07-03,4,930.53,51,0,Direct
10961,378,34,2024-05-15,4,1085.9,32,0,Direct
10962,555,302,2024-11-08,5,1191.27,29,1,Direct
10963,361,394,2024-02-09,1,817.82,4,1,Email
10964,108,33,2024-11-13,4,971.01,60,1,Direct
10965,747,144,2024-09-11,2,759.71,49,0,Social
10966,127,32,2024-07-15,3,602.11,36,1,Social
10967,776,43,2024-03-20,5,147.4,48,1,Ads
10968,390,143,2024-10-18,3,983.2,50,0,Direct
10969,580,325,2024-04-13,1,737.59,58,1,Email
10970,86,146,2024-10-22,3,727.59,22,1,Direct
10971,208,345,2024-12-04,5,964.4,33,1,Direct
10972,156,366,2024-03-13,3,42.09,59,0,Ads
10973,555,79,2024-01-21,2,1074.49,11,1,Email
10974,88,230,2024-05-09,4,299.18,48,0,Email
10975,671,118,2024-01-13,3,22.57,9,1,Email
10976,821,70,2024-01-14,4,478.36,42,0,Direct
10977,760,245,2024-10-29,1,410.38,30,1,Social
10978,182,207,2024-10-21,5,729.01,30,1,Direct
10979,90,292,2024-08-03,5,44.68,57,1,Email
10980,471,233,2024-12-03,5,566.02,35,0,Email
10981,679,357,2024-01-18,4,816.24,60,1,Direct
10982,313,188,2024-11-09,2,963.17,5,1,Email
10983,855,98,2024-11-25,5,855.49,60,0,Email
10984,450,71,2024-07-14,2,385.76,58,0,Social
10985,692,81,2024-03-23,1,1180.49,13,1,Social
10986,357,350,2024-12-20,3,348.5,48,0,Direct
10987,704,156,2024-09-04,3,528.86,51,1,Ads
10988,282,105,2024-10-10,2,464.29,9,0,Email
10989,550,314,2024-03-26,5,670.94,19,0,Email
10990,646,46,2024-07-13,2,997.58,40,1,Ads
10991,32,49,2024-07-19,5,398.13,34,1,Direct
10992,276,11,2024-03-11,5,354.83,8,1,Ads
10993,925,159,2024-04-15,1,474.41,4,1,Social
10994,774,388,2024-01-28,2,140.3,5,0,Direct
10995,731,302,2024-01-28,1,352.66,40,1,Social
10996,18,22,2024-01-02,1,420.01,45,1,Ads
10997,582,284,2024-11-17,3,820.09,38,1,Direct
10998,744,24,2024-07-21,3,453.81,2,1,Direct
10999,354,118,2024-05-01,1,460.46,3,1,Direct
11000,274,57,2024-10-30,4,846.08,37,0,Ads
11001,231,177,2024-10-09,1,325.19,50,1,Email
11002,178,376,2024-12-08,2,778.44,14,1,Ads
11003,944,316,2024-08-28,2,49.28,6,0,Ads
11004,555,366,2024-09-20,2,1020.12,52,0,Email
11005,957,349,2024-12-22,5,192.84,41,1,Email
11006,771,61,2024-09-22,5,788.56,8,1,Ads
11007,668,77,2024-05-05,3,20.19,10,0,Direct
11008,796,33,2024-10-09,1,185.01,41,0,Ads
11009,317,61,2024-11-05,1,138.12,42,1,Ads
11010,226,330,2024-04-06,1,1037.95,10,1,Social
11011,224,348,2024-08-16,3,1046.78,15,0,Direct
11012,39,57,2024-02-19,1,521.31,50,1,Direct
11013,267,217,2024-07-05,5,1122.21,40,0,Ads
11014,840,250,2024-04-10,4,752.67,50,0,Social
11015,737,387,2024-01-31,5,987.24,24,1,Social
11016,913,162,2024-11-07,4,26.14,28,1,Email
11017,367,323,2024-12-20,1,875.32,7,1,Email
11018,910,311,2024-12-23,4,1114.25,8,0,Ads
11019,342,132,2024-12-16,3,969.84,28,0,Email
11020,902,104,2024-04-08,5,961.09,30,0,Direct
11021,799,31,2024-02-04,4,1163.78,33,0,Social
11022,615,163,2024-07-30,5,1174.64,3,0,Ads
11023,789,159,2024-05-04,3,483.99,53,1,Ads
11024,166,93,2024-10-31,1,261.22,50,0,Social
11025,488,72,2024-10-07,5,1184.94,47,0,Ads
11026,65,255,2024-12-24,1,254.98,48,0,Direct
11027,955,121,2024-12-11,5,1116.62,15,0,Social
11028,642,194,2024-05-08,4,476.65,3,0,Ads
11029,14,162,2024-11-10,4,863.91,39,1,Email
11030,867,34,2024-05-30,3,108.22,54,0,Direct
11031,221,371,2024-08-18,1,167.96,15,0,Direct
11032,714,318,2024-06-05,2,613.62,51,1,Social
11033,249,342,2024-07-01,2,1144.84,9,0,Ads
11034,197,162,2024-05-31,5,134.95,27,1,Email
11035,608,64,2024-12-24,4,812.14,25,1,Email
11036,382,84,2024-04-10,4,724.0,59,0,Email
11037,645,233,2024-05-18,2,580.72,45,1,Ads
11038,504,146,2024-11-03,3,926.77,37,1,Social
11039,578,269,2024-09-22,5,788.53,42,0,Social
11040,607,256,2024-12-28,1,799.57,58,1,Ads
11041,195,71,2024-12-10,4,658.84,30,1,Direct
11042,280,145,2024-04-20,2,298.88,52,0,Email
11043,844,386,2024-09-12,2,467.92,27,0,Email
11044,983,43,2024-09-09,2,1071.37,45,1,Ads
11045,300,288,2024-07-01,1,862.75,7,0,Social
11046,515,59,2024-03-24,1,646.6,28,0,Ads
11047,930,332,2024-04-08,5,179.23,33,1,Direct
11048,179,237,2024-01-01,5,1019.73,14,0,Ads
11049,788,345,2024-12-16,1,416.05,47,1,Social
11050,724,20,2024-09-06,1,499.72,17,1,Direct
11051,687,376,2024-04-27,5,301.92,29,1,Direct
11052,605,340,2024-07-24,1,390.98,12,0,Direct
11053,511,81,2024-04-19,3,673.48,53,1,Direct
11054,906,68,2024-02-04,2,835.59,57,1,Ads
11055,289,283,2024-02-29,4,20.16,24,0,Direct
11056,347,211,2024-01-24,4,671.66,16,0,Email
11057,360,372,2024-03-01,4,369.71,16,1,Email
11058,88,189,2024-06-01,1,471.04,54,1,Ads
11059,742,49,2024-07-11,2,568.52,12,0,Direct
11060,188,262,2024-08-30,4,999.72,8,0,Ads
11061,349,224,2024-02-16,3,544.88,29,0,Social
11062,414,263,2024-09-06,3,545.01,21,0,Direct
11063,132,391,2024-01-23,3,393.04,6,0,Ads
11064,860,345,2024-05-10,3,720.53,34,1,Ads
11065,598,354,2024-05-22,1,878.12,39,0,Email
11066,390,304,2024-12-25,5,145.23,18,1,Email
11067,963,180,2024-06-22,2,255.5,49,1,Email
11068,621,159,2024-07-10,5,173.16,28,1,Direct
11069,572,18,2024-09-19,4,1075.21,58,0,Social
11070,489,371,2024-02-14,1,852.02,46,0,Email
11071,271,99,2024-01-06,3,736.06,50,0,Social
11072,495,95,2024-05-06,1,1133.92,35,1,Ads
11073,449,98,2024-02-15,3,410.3,31,0,Email
11074,275,281,2024-12-24,3,624.68,17,1,Ads
11075,669,55,2024-06-05,3,909.51,29,1,Email
11076,5,400,2024-05-13,2,231.17,5,1,Ads
11077,715,24,2024-08-05,5,954.83,45,1,Direct
11078,493,67,2024-08-14,4,612.65,49,1,Social
11079,281,334,2024-07-17,2,784.55,31,0,Direct
11080,576,124,2024-04-29,2,1098.48,48,0,Social
11081,681,2,2024-12-14,2,887.55,56,1,Ads
11082,549,271,2024-11-24,5,244.28,7,0,Social
11083,305,273,2024-06-26,5,360.1,51,0,Direct
11084,284,296,2024-02-16,2,877.91,15,1,Email
11085,994,312,2024-03-07,1,841.49,40,1,Email
11086,130,313,2024-01-25,5,1063.95,30,1,Email
11087,450,378,2024-08-02,2,253.54,21,1,Ads
11088,330,85,2024-12-19,4,17.43,32,1,Email
11089,992,322,2024-05-29,4,367.26,20,1,Social
11090,752,242,2024-09-09,5,1042.53,59,0,Email
11091,539,217,2024-11-01,2,1188.88,25,1,Social
11092,315,311,2024-06-02,4,485.28,33,0,Direct
11093,79,377,2024-01-06,2,934.92,13,1,Social
11094,61,211,2024-06-20,2,500.83,33,1,Direct
11095,137,388,2024-11-27,5,543.13,48,0,Ads
11096,923,72,2024-09-01,4,310.59,28,1,Direct
11097,253,340,2024-03-17,3,157.8,40,0,Direct
11098,583,242,2024-06-09,2,924.95,35,0,Ads
11099,220,115,2024-06-30,4,1108.44,48,0,Direct
11100,482,119,2024-09-15,5,120.75,37,0,Email
11101,464,11,2024-10-06,4,700.65,59,1,Social
11102,106,380,2024-06-26,1,116.08,14,0,Email
11103,258,399,2024-09-11,2,1121.19,58,0,Ads
11104,374,311,2024-01-02,5,1184.88,29,1,Email
11105,795,34,2024-07-21,5,367.96,48,0,Direct
11106,87,380,2024-10-27,5,169.0,49,1,Ads
11107,280,246,2024-12-10,1,323.66,24,0,Email
11108,566,38,2024-10-17,3,1165.86,42,0,Ads
11109,436,203,2024-05-08,5,267.96,45,1,Direct
11110,781,50,2024-09-10,4,1197.31,49,0,Social
11111,552,135,2024-02-02,3,340.77,17,0,Email
11112,903,342,2024-01-06,2,20.46,13,0,Email
11113,880,194,2024-01-12,1,757.25,40,0,Ads
11114,954,96,2024-09-25,2,555.8,20,0,Email
11115,65,338,2024-06-13,1,556.3,22,1,Social
11116,42,188,2024-08-13,3,542.45,30,0,Ads
11117,527,196,2024-05-27,2,1104.49,41,1,Ads
11118,545,329,2024-01-18,4,499.59,23,0,Direct
11119,600,25,2024-12-12,1,1167.72,12,0,Social
11120,852,152,2024-02-25,1,1034.13,12,1,Social
11121,163,369,2024-11-29,3,1134.79,2,1,Ads
11122,422,304,2024-03-06,3,371.8,56,1,Email
11123,853,382,2024-05-04,4,19.86,59,1,Email
11124,610,140,2024-10-21,4,876.48,55,0,Email
11125,358,118,2024-03-21,2,318.37,45,1,Direct
11126,446,323,2024-04-28,3,703.97,22,1,Email
11127,23,86,2024-02-02,2,924.27,58,0,Ads
11128,349,348,2024-08-12,2,1045.11,53,1,Direct
11129,129,192,2024-09-27,1,807.74,39,0,Ads
11130,509,28,2024-01-22,2,919.56,32,0,Social
11131,552,134,2024-09-15,2,65.43,5,0,Social
11132,578,322,2024-12-16,2,843.67,44,1,Email
11133,668,106,2024-03-08,3,670.07,15,0,Social
11134,646,259,2024-03-31,1,819.11,33,1,Ads
11135,191,48,2024-10-14,1,402.26,50,0,Email
11136,120,341,2024-01-09,3,603.16,27,0,Direct
11137,610,41,2024-03-10,4,577.67,39,1,Ads
11138,758,196,2024-12-10,2,140.77,59,1,Ads
11139,672,11,2024-03-13,5,957.16,37,0,Social
11140,548,167,2024-01-12,3,717.39,41,0,Social
11141,404,154,2024-07-02,2,142.91,12,1,Direct
11142,416,280,2024-09-21,4,772.42,10,0,Social
11143,955,215,2024-09-29,3,236.72,49,1,Ads
11144,688,13,2024-10-01,4,640.51,23,1,Social
11145,958,293,2024-03-18,1,286.1,41,1,Direct
11146,372,48,2024-08-19,1,376.0,1,0,Ads
11147,954,71,2024-09-14,1,890.35,58,0,Email
11148,953,128,2024-02-07,5,512.18,37,1,Social
11149,748,386,2024-11-16,4,357.64,42,1,Direct
11150,479,275,2024-07-08,4,716.88,59,1,Social
11151,591,151,2024-12-01,5,135.84,6,0,Direct
11152,444,176,2024-12-18,3,126.69,37,1,Social
11153,875,248,2024-12-19,1,1126.93,15,0,Email
11154,549,137,2024-05-29,5,377.46,49,1,Ads
11155,638,221,2024-07-30,4,853.56,55,0,Ads
11156,379,2,2024-04-19,1,34.3,8,0,Direct
11157,50,62,2024-06-06,2,472.4,36,0,Social
11158,611,379,2024-04-30,2,1021.97,27,0,Direct
11159,142,85,2024-12-11,5,1165.05,19,0,Social
11160,787,285,2024-07-22,1,865.56,50,0,Social
11161,755,375,2024-06-28,5,159.15,3,0,Social
11162,545,265,2024-07-10,3,468.03,29,1,Direct
11163,562,138,2024-11-09,4,343.78,41,1,Email
11164,167,101,2024-02-09,1,412.89,16,1,Email
11165,363,299,2024-10-02,4,757.15,50,1,Email
11166,143,141,2024-09-01,3,61.87,60,1,Email
11167,466,257,2024-03-05,1,539.74,38,0,Ads
11168,99,274,2024-03-29,3,399.08,2,1,Direct
11169,533,166,2024-11-30,4,944.48,42,0,Social
11170,754,373,2024-08-21,1,604.99,7,0,Direct
11171,35,238,2024-03-24,1,424.25,30,0,Direct
11172,98,152,2024-08-01,1,50.45,60,1,Direct
11173,738,360,2024-10-21,5,151.38,35,0,Direct
11174,910,285,2024-05-24,3,202.65,5,0,Email
11175,456,115,2024-07-01,5,47.27,21,0,Direct
11176,925,35,2024-12-12,3,79.13,50,0,Social
11177,313,10,2024-06-18,5,593.55,50,1,Email
11178,378,243,2024-07-28,3,239.68,45,1,Email
11179,565,58,2024-01-16,5,850.47,32,0,Email
11180,699,101,2024-11-09,5,841.79,3,1,Ads
11181,274,308,2024-11-05,2,772.04,44,0,Social
11182,30,55,2024-05-10,5,943.09,31,1,Ads
11183,901,102,2024-07-03,3,156.71,50,0,Social
11184,298,291,2024-03-08,3,410.2,54,1,Direct
11185,199,145,2024-11-08,2,372.98,2,0,Ads
11186,741,212,2024-05-23,2,233.82,59,1,Direct
11187,982,298,2024-06-16,5,844.46,59,1,Email
11188,59,17,2024-12-30,2,922.72,46,0,Email
11189,336,223,2024-02-16,5,949.7,42,1,Ads
11190,15,364,2024-12-16,4,216.5,13,1,Ads
11191,118,216,2024-03-21,3,1106.98,39,1,Email
11192,962,35,2024-05-25,4,309.78,54,0,Email
11193,608,396,2024-09-29,1,249.55,16,1,Ads
11194,918,209,2024-08-19,1,245.43,15,0,Email
11195,504,343,2024-03-24,2,1148.9,42,0,Ads
11196,888,82,2024-07-06,5,900.1,20,0,Direct
11197,983,235,2024-03-06,2,57.47,49,0,Email
11198,419,84,2024-11-05,2,1006.71,54,1,Social
11199,573,64,2024-03-29,4,161.27,48,0,Email
11200,347,274,2024-08-29,5,315.14,16,0,Ads
11201,478,380,2024-12-11,5,1036.29,44,0,Social
11202,432,35,2024-09-09,2,190.46,28,0,Email
11203,813,394,2024-04-11,5,553.93,24,0,Direct
11204,629,311,2024-01-31,4,529.08,3,0,Social
11205,773,164,2024-03-31,3,1046.94,46,0,Email
11206,764,32,2024-06-02,3,891.22,27,1,Direct
11207,630,262,2024-01-02,1,447.53,47,0,Direct
11208,15,168,2024-06-08,4,866.98,34,0,Ads
11209,247,377,2024-08-15,3,509.4,21,0,Ads
11210,688,200,2024-01-27,3,680.52,56,1,Email
11211,125,166,2024-01-05,1,768.48,16,0,Social
11212,868,114,2024-04-25,2,567.64,53,1,Direct
11213,803,164,2024-02-06,4,438.08,23,1,Direct
11214,302,374,2024-11-06,1,614.88,9,0,Direct
11215,592,394,2024-08-06,4,128.32,54,0,Email
11216,43,60,2024-07-19,5,1120.78,43,0,Direct
11217,899,345,2024-12-12,3,453.23,39,0,Email
11218,502,81,2024-06-17,1,146.59,40,1,Direct
11219,49,234,2024-02-13,5,539.0,18,0,Direct
11220,644,188,2024-06-18,3,1187.63,20,0,Email
11221,901,259,2024-10-16,2,785.66,2,1,Direct
11222,811,75,2024-04-03,5,1057.49,29,1,Direct
11223,142,81,2024-02-10,2,752.01,37,0,Direct
11224,351,96,2024-06-13,1,508.87,34,1,Social
11225,850,93,2024-10-05,2,1030.28,26,0,Ads
11226,252,198,2024-09-22,2,456.59,37,1,Direct
11227,323,172,2024-10-25,1,578.86,34,1,Direct
11228,140,90,2024-03-21,4,1103.93,43,1,Direct
11229,178,274,2024-08-09,5,540.23,57,0,Email
11230,475,385,2024-03-15,3,787.48,15,0,Email
11231,636,389,2024-05-26,2,731.01,10,1,Email
11232,278,351,2024-10-31,2,250.59,57,0,Email
11233,664,276,2024-05-17,5,725.82,6,1,Direct
11234,750,339,2024-08-30,1,925.76,10,0,Social
11235,373,124,2024-02-15,2,90.02,41,1,Email
11236,243,21,2024-10-07,3,913.33,47,0,Social
11237,241,142,2024-09-22,4,314.2,4,0,Direct
11238,974,180,2024-08-15,4,245.8,22,1,Ads
11239,642,167,2024-05-08,3,804.18,44,1,Ads
11240,449,65,2024-09-14,5,372.64,14,0,Direct
11241,791,297,2024-12-22,5,1092.25,18,0,Ads
11242,356,281,2024-02-24,1,451.78,48,0,Email
11243,283,228,2024-06-29,4,1003.29,54,0,Social
11244,671,316,2024-03-06,1,784.29,13,1,Email
11245,622,104,2024-07-13,4,1115.0,5,1,Email
11246,527,139,2024-11-08,5,1044.88,23,1,Email
11247,469,19,2024-08-17,4,693.84,60,1,Direct
11248,916,208,2024-01-22,3,418.93,40,1,Direct
11249,746,61,2024-04-18,1,472.93,16,0,Ads
11250,101,161,2024-08-20,5,1100.05,8,0,Ads
11251,709,84,2024-08-26,3,468.72,29,0,Ads
11252,365,68,2024-10-22,2,466.86,21,0,Direct
11253,763,270,2024-02-03,5,514.53,53,1,Direct
11254,622,38,2024-08-06,5,720.79,60,1,Social
11255,444,368,2024-09-21,4,366.87,18,1,Email
11256,331,116,2024-05-14,1,1064.83,6,0,Social
11257,218,29,2024-10-28,4,214.05,30,1,Ads
11258,54,357,2024-11-13,1,631.76,23,0,Ads
11259,383,37,2024-08-04,4,861.16,14,0,Direct
11260,570,6,2024-08-17,5,1150.05,30,1,Email
11261,765,324,2024-08-18,2,901.35,15,1,Social
11262,502,368,2024-09-29,3,767.7,7,1,Ads
11263,202,352,2024-11-15,5,963.21,9,0,Ads
11264,666,120,2024-12-11,2,121.98,40,0,Email
11265,167,268,2024-08-04,5,604.85,31,0,Ads
11266,166,255,2024-04-22,2,451.8,31,1,Direct
11267,867,8,2024-12-06,5,635.08,25,1,Ads
11268,891,152,2024-09-24,4,1135.62,41,1,Ads
11269,818,40,2024-07-04,1,397.13,43,1,Social
11270,256,173,2024-06-05,2,759.69,49,0,Social
11271,869,344,2024-10-27,2,1009.97,38,0,Social
11272,443,369,2024-07-06,2,773.25,35,1,Direct
11273,415,16,2024-07-03,3,537.12,34,1,Email
11274,609,70,2024-12-11,4,53.22,19,1,Direct
11275,677,317,2024-09-01,2,482.25,20,0,Direct
11276,521,127,2024-12-05,2,776.5,45,1,Ads
11277,338,308,2024-10-21,4,1170.55,24,1,Direct
11278,586,182,2024-10-21,3,350.22,35,1,Social
11279,18,396,2024-05-25,4,1039.21,31,1,Ads
11280,934,169,2024-05-24,4,303.01,9,0,Email
11281,151,245,2024-03-19,2,1121.13,6,1,Social
11282,290,338,2024-03-11,2,786.49,36,0,Social
11283,74,14,2024-12-06,2,550.24,40,0,Email
11284,402,252,2024-07-23,1,335.76,16,1,Direct
11285,570,251,2024-09-14,4,1166.92,53,1,Ads
11286,46,7,2024-03-21,4,132.61,50,1,Social
11287,775,16,2024-08-09,5,168.03,44,0,Ads
11288,186,324,2024-08-28,1,795.74,31,0,Email
11289,900,275,2024-04-25,1,585.82,37,0,Ads
11290,246,69,2024-10-14,5,233.35,11,0,Ads
11291,560,245,2024-06-12,1,866.39,48,0,Direct
11292,376,334,2024-09-08,5,926.49,42,0,Social
11293,887,140,2024-03-23,2,220.33,46,1,Direct
11294,205,182,2024-10-12,3,638.8,1,0,Email
11295,617,282,2024-05-18,4,1188.74,24,1,Social
11296,35,35,2024-09-30,2,1133.67,36,1,Direct
11297,448,199,2024-06-11,1,1055.87,60,0,Social
11298,194,223,2024-01-30,3,58.84,5,1,Direct
11299,178,253,2024-06-26,3,297.34,23,0,Ads
11300,81,17,2024-06-08,5,727.08,7,1,Email
11301,310,2,2024-03-19,3,411.73,30,0,Direct
11302,785,57,2024-07-07,5,504.58,57,0,Email
11303,56,24,2024-09-25,2,132.78,39,0,Email
11304,562,155,2024-03-09,1,601.39,32,0,Email
11305,869,360,2024-04-02,3,925.77,52,0,Social
11306,46,374,2024-12-28,3,515.24,52,0,Email
11307,132,272,2024-10-24,2,1125.3,47,0,Email
11308,943,290,2024-06-14,5,989.22,55,0,Email
11309,332,161,2024-05-24,3,216.8,42,0,Ads
11310,699,168,2024-02-03,4,589.6,5,1,Ads
11311,198,366,2024-01-19,1,628.29,57,1,Direct
11312,259,308,2024-11-30,3,1153.86,33,1,Email
11313,756,384,2024-01-30,1,369.79,47,1,Ads
11314,60,94,2024-11-29,1,158.31,2,1,Social
11315,874,93,2024-05-15,3,529.99,59,1,Social
11316,870,266,2024-09-26,2,921.7,35,0,Ads
11317,416,280,2024-03-15,4,180.82,41,0,Social
11318,921,335,2024-09-20,5,220.2,22,0,Direct
11319,914,309,2024-03-25,3,944.99,51,1,Direct
11320,810,278,2024-06-29,1,830.44,3,0,Direct
11321,329,131,2024-05-01,1,778.38,22,1,Social
11322,145,69,2024-02-13,5,144.41,56,1,Direct
11323,166,366,2024-09-14,4,1054.58,52,0,Social
11324,897,54,2024-11-18,3,666.4,21,1,Social
11325,905,154,2024-08-14,4,850.81,5,0,Social
11326,173,138,2024-08-09,1,770.15,15,1,Social
11327,287,85,2024-06-21,2,1004.52,33,0,Social
11328,425,27,2024-04-11,1,529.0,48,0,Ads
11329,40,156,2024-05-17,5,882.39,18,1,Email
11330,766,236,2024-05-10,3,761.26,48,0,Social
11331,229,85,2024-05-08,1,589.47,11,0,Email
11332,81,347,2024-02-19,2,711.04,24,0,Social
11333,665,108,2024-08-06,4,869.67,7,1,Direct
11334,67,395,2024-06-16,5,230.27,42,1,Email
11335,559,142,2024-08-03,5,56.12,47,1,Social
11336,268,216,2024-09-01,1,139.08,52,1,Ads
11337,853,385,2024-02-11,1,827.18,7,1,Email
11338,287,319,2024-12-10,4,295.4,53,1,Ads
11339,274,260,2024-12-07,5,898.94,60,0,Ads
11340,479,8,2024-04-19,5,360.36,10,0,Direct
11341,222,245,2024-01-31,4,345.45,26,1,Direct
11342,863,348,2024-05-11,3,1184.98,57,0,Social
11343,699,79,2024-05-31,3,1047.92,44,0,Direct
11344,365,32,2024-01-13,4,347.13,20,1,Email
11345,96,357,2024-01-18,5,795.64,39,0,Ads
11346,807,80,2024-04-09,2,443.47,42,1,Direct
11347,806,112,2024-08-10,5,940.28,49,1,Ads
11348,180,320,2024-09-30,4,929.84,44,0,Email
11349,431,14,2024-11-06,4,407.81,35,0,Direct
11350,370,84,2024-04-22,2,477.04,13,1,Email
11351,703,168,2024-11-06,4,963.94,24,1,Social
11352,642,170,2024-04-16,4,808.09,54,0,Direct
11353,997,161,2024-10-22,1,862.07,37,1,Email
11354,757,48,2024-04-03,1,1111.14,57,1,Ads
11355,624,105,2024-10-02,4,854.88,38,0,Social
11356,145,387,2024-09-30,2,661.25,7,0,Ads
11357,638,396,2024-01-05,1,1094.42,20,0,Direct
11358,273,249,2024-05-31,2,549.88,2,1,Email
11359,204,68,2024-12-12,3,952.16,47,1,Social
11360,342,198,2024-06-12,4,213.26,14,1,Social
11361,635,250,2024-10-27,4,745.86,8,0,Ads
11362,294,192,2024-05-25,4,814.85,52,1,Ads
11363,484,201,2024-06-27,4,965.12,56,0,Social
11364,70,282,2024-12-28,3,281.72,35,0,Email
11365,1,225,2024-05-09,4,388.61,59,1,Direct
11366,574,110,2024-07-03,2,332.41,14,1,Social
11367,887,204,2024-11-21,2,827.04,35,0,Social
11368,881,235,2024-06-04,2,726.44,13,0,Direct
11369,73,326,2024-02-15,5,654.25,51,1,Email
11370,839,267,2024-07-23,5,662.79,33,0,Ads
11371,163,110,2024-08-20,4,1194.42,38,1,Ads
11372,993,24,2024-10-18,3,950.35,12,0,Direct
11373,296,302,2024-01-22,5,363.91,26,0,Ads
11374,281,220,2024-04-05,1,706.56,59,0,Social
11375,85,307,2024-01-15,2,586.57,26,0,Social
11376,437,288,2024-06-25,3,1131.9,19,1,Ads
11377,436,261,2024-02-28,2,265.81,19,0,Direct
11378,657,55,2024-11-28,3,452.48,53,1,Email
11379,253,204,2024-11-27,2,1007.91,33,1,Direct
11380,874,227,2024-05-29,1,52.5,52,1,Direct
11381,253,297,2024-05-26,3,171.73,31,1,Direct
11382,138,143,2024-11-11,5,949.4,39,0,Email
11383,970,11,2024-02-22,4,659.35,55,1,Email
11384,682,222,2024-08-09,3,212.24,36,0,Email
11385,310,399,2024-08-07,5,180.36,31,0,Ads
11386,611,145,2024-12-18,5,287.19,45,1,Direct
11387,900,178,2024-02-05,5,768.07,38,1,Social
11388,492,123,2024-08-21,4,962.36,36,1,Social
11389,720,256,2024-04-29,2,1118.25,60,1,Email
11390,51,145,2024-03-13,3,1151.25,51,0,Ads
11391,538,72,2024-02-12,3,408.47,32,1,Email
11392,997,153,2024-10-17,5,491.59,34,0,Direct
11393,602,98,2024-10-19,3,970.29,17,1,Social
11394,798,380,2024-03-08,4,826.97,25,1,Email
11395,524,168,2024-05-16,5,543.16,45,0,Social
11396,288,146,2024-10-11,5,686.53,11,1,Ads
11397,635,338,2024-10-20,4,1192.52,1,1,Ads
11398,266,46,2024-09-28,3,144.56,13,1,Direct
11399,745,386,2024-10-16,1,340.11,6,0,Direct
11400,411,7,2024-11-05,1,678.91,16,1,Direct
11401,47,250,2024-02-15,3,583.86,59,1,Ads
11402,432,369,2024-03-07,2,703.79,43,1,Ads
11403,618,70,2024-11-29,5,42.61,56,1,Social
11404,556,70,2024-01-26,1,925.21,57,0,Email
11405,693,278,2024-03-15,2,192.54,32,1,Social
11406,395,48,2024-09-03,5,339.05,42,1,Ads
11407,41,298,2024-11-15,3,152.67,32,1,Social
11408,149,101,2024-04-09,3,200.69,24,1,Email
11409,359,222,2024-08-21,5,164.28,41,1,Ads
11410,489,249,2024-05-30,3,1143.17,31,0,Email
11411,608,135,2024-11-29,2,504.91,14,1,Ads
11412,313,201,2024-03-25,4,877.7,39,0,Direct
11413,598,30,2024-09-03,4,1014.54,18,0,Direct
11414,101,310,2024-01-07,1,189.56,50,1,Email
11415,70,29,2024-06-14,2,187.61,40,0,Email
11416,839,171,2024-08-09,1,367.67,25,0,Ads
11417,981,354,2024-05-30,5,720.02,18,1,Direct
11418,284,298,2024-03-27,5,84.68,22,1,Ads
11419,520,334,2024-07-21,4,514.39,15,1,Social
11420,430,300,2024-12-13,3,1023.11,20,1,Direct
11421,845,185,2024-12-15,2,536.84,37,1,Direct
11422,612,249,2024-02-01,4,73.1,13,1,Email
11423,9,182,2024-08-04,4,202.84,15,0,Ads
11424,266,284,2024-03-12,3,520.54,27,1,Email
11425,59,268,2024-02-04,2,132.02,42,0,Email
11426,921,383,2024-08-08,1,412.67,57,0,Social
11427,399,270,2024-09-26,1,699.34,2,0,Ads
11428,204,380,2024-05-26,2,718.5,36,0,Social
11429,699,367,2024-02-22,1,565.49,13,0,Social
11430,279,119,2024-05-24,3,1095.83,35,1,Social
11431,148,283,2024-10-19,4,179.47,22,0,Email
11432,42,41,2024-01-30,3,1091.85,32,1,Social
11433,288,18,2024-05-29,3,238.69,42,0,Ads
11434,468,15,2024-02-07,3,1028.79,55,0,Ads
11435,764,213,2024-01-02,4,733.67,48,1,Ads
11436,148,327,2024-02-06,2,480.5,16,0,Ads
11437,93,126,2024-05-19,3,561.71,46,1,Email
11438,248,325,2024-10-01,2,385.82,50,1,Ads
11439,587,286,2024-12-30,1,1132.12,57,0,Direct
11440,827,24,2024-10-29,3,1102.1,1,1,Direct
11441,159,5,2024-02-01,2,707.06,7,1,Direct
11442,794,365,2024-10-25,2,148.58,33,0,Ads
11443,272,384,2024-12-29,4,821.42,51,1,Direct
11444,654,288,2024-01-08,2,439.75,7,0,Social
11445,278,106,2024-09-24,5,915.88,33,1,Ads
11446,941,340,2024-10-17,3,600.88,19,0,Ads
11447,394,152,2024-03-06,3,504.56,44,0,Direct
11448,630,166,2024-07-31,3,687.77,35,1,Email
11449,437,304,2024-03-09,1,244.38,1,1,Social
11450,402,58,2024-01-02,1,622.55,23,0,Email
11451,470,289,2024-06-03,4,390.71,46,0,Ads
11452,107,65,2024-05-04,2,1033.85,17,0,Ads
11453,969,386,2024-04-16,2,677.34,11,1,Email
11454,983,147,2024-01-03,5,561.5,24,1,Ads
11455,927,314,2024-10-18,5,86.93,40,1,Ads
11456,872,377,2024-01-11,4,121.92,36,1,Ads
11457,779,146,2024-08-02,4,961.89,26,1,Direct
11458,353,336,2024-02-17,4,1075.72,45,0,Ads
11459,824,392,2024-10-14,4,1030.09,43,0,Email
11460,88,183,2024-03-31,4,283.72,29,0,Social
11461,192,1,2024-05-27,5,575.24,50,0,Social
11462,993,47,2024-01-02,3,714.42,45,1,Email
11463,503,194,2024-03-25,4,1045.71,50,1,Ads
11464,582,291,2024-01-27,4,708.51,19,1,Ads
11465,904,151,2024-09-03,5,703.27,3,0,Social
11466,574,48,2024-05-14,4,704.64,57,1,Ads
11467,129,155,2024-08-20,4,1043.07,34,1,Direct
11468,1,266,2024-10-23,2,432.89,33,1,Social
11469,99,35,2024-05-08,2,99.57,48,0,Direct
11470,575,156,2024-09-06,4,174.11,1,0,Direct
11471,181,52,2024-06-16,3,434.45,51,0,Email
11472,309,78,2024-01-08,3,513.55,40,1,Direct
11473,985,47,2024-08-31,3,209.33,59,0,Email
11474,738,215,2024-11-02,2,97.85,20,1,Email
11475,717,220,2024-04-25,1,430.87,22,0,Social
11476,924,61,2024-07-20,5,871.06,13,0,Ads
11477,810,202,2024-09-24,2,842.57,10,0,Direct
11478,19,9,2024-10-01,1,54.45,59,1,Social
11479,667,62,2024-12-15,5,491.98,17,0,Direct
11480,354,281,2024-05-10,1,479.66,39,1,Ads
11481,800,101,2024-02-25,2,781.92,28,0,Social
11482,973,327,2024-03-13,5,1080.97,41,0,Social
11483,267,69,2024-10-24,2,400.15,28,1,Direct
11484,791,372,2024-01-18,1,885.43,26,1,Ads
11485,471,82,2024-01-26,5,959.72,3,1,Email
11486,998,222,2024-11-17,2,1023.94,3,0,Direct
11487,201,45,2024-04-29,5,927.63,36,0,Email
11488,812,330,2024-01-07,3,419.78,14,1,Direct
11489,456,390,2024-08-22,3,370.17,23,0,Email
11490,803,314,2024-06-20,1,87.81,9,1,Social
11491,34,258,2024-04-14,2,904.68,6,1,Email
11492,477,154,2024-03-23,1,273.54,12,1,Email
11493,537,52,2024-08-02,5,726.93,46,0,Social
11494,979,102,2024-08-06,4,26.2,56,1,Ads
11495,413,47,2024-05-19,4,768.65,59,1,Ads
11496,516,290,2024-12-06,4,637.72,49,0,Direct
11497,947,68,2024-04-24,5,542.23,59,1,Direct
11498,359,309,2024-05-26,4,1189.58,10,1,Direct
11499,643,63,2024-03-06,3,338.44,57,0,Ads
11500,279,273,2024-06-30,5,335.67,33,1,Direct
11501,964,269,2024-06-07,2,426.74,56,0,Social
11502,679,286,2024-04-22,5,838.53,38,1,Ads
11503,448,234,2024-02-14,4,777.11,31,1,Direct
11504,104,58,2024-07-31,2,356.29,28,0,Ads
11505,556,358,2024-09-06,1,197.19,43,0,Direct
11506,368,28,2024-08-16,5,1079.45,2,1,Ads
11507,334,351,2024-05-21,4,250.32,4,1,Social
11508,147,339,2024-02-12,1,73.48,46,1,Social
11509,747,20,2024-09-28,4,17.1,19,1,Direct
11510,740,269,2024-03-09,5,565.94,40,1,Social
11511,536,40,2024-06-21,3,714.1,1,1,Direct
11512,853,208,2024-09-29,5,399.42,20,1,Social
11513,99,317,2024-09-18,4,242.63,52,1,Direct
11514,340,212,2024-12-28,1,967.2,57,1,Email
11515,809,195,2024-05-05,4,879.98,7,0,Ads
11516,838,375,2024-12-09,4,455.03,13,0,Ads
11517,190,20,2024-04-22,5,1051.85,30,1,Ads
11518,579,41,2024-07-03,2,957.03,25,1,Direct
11519,616,190,2024-12-30,5,767.04,23,0,Social
11520,957,95,2024-10-16,5,1047.94,38,0,Ads
11521,707,317,2024-05-22,4,512.58,34,0,Ads
11522,22,51,2024-06-28,3,401.01,27,1,Email
11523,877,267,2024-06-30,3,818.72,43,0,Direct
11524,624,298,2024-04-30,2,248.61,38,1,Direct
11525,105,66,2024-03-01,3,402.25,42,0,Ads
11526,71,11,2024-09-19,5,1130.05,3,0,Social
11527,331,64,2024-10-13,2,250.66,5,1,Ads
11528,359,394,2024-04-24,2,274.7,2,0,Social
11529,864,368,2024-01-08,2,1021.32,51,1,Email
11530,6,345,2024-02-26,2,557.36,53,1,Email
11531,691,81,2024-12-09,2,919.62,29,1,Social
11532,632,339,2024-09-21,5,270.24,32,0,Email
11533,161,284,2024-05-08,3,229.7,48,0,Email
11534,378,155,2024-07-08,4,791.73,30,1,Social
11535,69,250,2024-09-21,3,589.86,11,0,Ads
11536,95,325,2024-05-25,2,328.09,50,1,Email
11537,775,343,2024-08-25,1,992.91,34,1,Direct
11538,941,155,2024-12-08,2,909.1,33,1,Social
11539,446,256,2024-03-09,1,1086.83,3,1,Ads
11540,602,144,2024-06-14,1,1090.28,24,0,Ads
11541,906,97,2024-08-28,2,977.92,57,1,Email
11542,306,259,2024-11-07,1,852.32,3,0,Social
11543,121,82,2024-07-10,4,1174.64,45,0,Direct
11544,706,131,2024-06-06,5,992.5,13,0,Ads
11545,662,200,2024-11-09,2,90.28,8,0,Social
11546,189,157,2024-09-10,1,916.86,57,1,Social
11547,906,357,2024-08-12,1,807.0,1,0,Direct
11548,962,44,2024-04-26,2,184.62,25,1,Email
11549,562,94,2024-02-03,3,765.9,4,0,Ads
11550,862,232,2024-09-02,1,558.68,52,1,Social
11551,817,55,2024-03-28,4,727.78,26,1,Ads
11552,628,268,2024-07-09,2,505.55,48,0,Social
11553,786,236,2024-02-08,3,661.18,18,0,Ads
11554,812,345,2024-12-28,1,360.76,55,1,Direct
11555,687,22,2024-06-21,1,255.84,11,1,Email
11556,431,105,2024-08-07,4,861.08,49,0,Email
11557,413,353,2024-04-22,3,251.12,8,1,Direct
11558,394,282,2024-03-15,4,498.21,54,1,Ads
11559,575,168,2024-02-06,4,542.4,55,0,Email
11560,640,301,2024-11-23,4,272.57,17,0,Social
11561,687,276,2024-02-21,5,1047.17,39,0,Ads
11562,448,196,2024-05-20,1,813.51,18,1,Ads
11563,318,214,2024-09-22,5,581.71,36,1,Email
11564,395,330,2024-08-02,3,628.14,19,1,Ads
11565,333,87,2024-11-04,2,412.71,34,0,Ads
11566,289,145,2024-01-13,1,625.56,39,0,Email
11567,475,114,2024-02-06,5,273.69,33,0,Email
11568,406,115,2024-10-11,5,770.03,42,0,Email
11569,902,10,2024-03-14,5,397.16,10,0,Social
11570,933,125,2024-05-20,2,295.19,60,1,Direct
11571,434,15,2024-02-18,2,88.65,40,0,Email
11572,788,396,2024-02-14,1,1003.87,12,1,Ads
11573,989,230,2024-08-21,4,53.36,1,1,Email
11574,746,214,2024-06-19,2,1003.62,31,0,Direct
11575,840,83,2024-09-05,1,848.1,42,0,Email
11576,838,367,2024-09-04,4,316.68,5,1,Social
11577,681,60,2024-10-11,1,377.76,45,0,Direct
11578,414,273,2024-04-23,2,913.41,23,0,Ads
11579,660,26,2024-02-16,3,618.95,59,0,Direct
11580,596,203,2024-12-06,3,123.59,41,0,Social
11581,25,334,2024-07-11,4,490.66,25,0,Direct
11582,375,194,2024-08-14,2,417.52,1,0,Social
11583,646,319,2024-11-04,3,536.82,16,1,Social
11584,876,11,2024-06-13,5,1088.16,9,1,Direct
11585,974,27,2024-02-14,2,1151.17,26,0,Email
11586,724,178,2024-04-28,4,1050.55,33,0,Email
11587,394,349,2024-01-25,3,652.98,33,1,Email
11588,723,120,2024-12-19,3,795.68,18,0,Social
11589,258,357,2024-05-13,3,490.47,58,1,Ads
11590,621,191,2024-11-08,4,1032.18,48,0,Ads
11591,783,347,2024-03-18,2,594.84,17,1,Social
11592,108,183,2024-08-31,3,542.16,48,1,Direct
11593,381,162,2024-07-01,1,417.4,7,0,Email
11594,154,59,2024-07-24,4,435.19,54,1,Email
11595,196,185,2024-06-21,1,720.74,18,1,Social
11596,485,125,2024-11-15,4,262.53,40,0,Social
11597,591,136,2024-02-29,3,470.58,29,0,Ads
11598,245,331,2024-06-03,3,87.78,28,0,Social
11599,827,178,2024-04-19,4,685.18,14,0,Email
11600,455,294,2024-10-26,3,411.37,34,1,Direct
11601,324,14,2024-02-22,5,361.09,31,0,Ads
11602,830,286,2024-05-09,5,717.01,3,0,Ads
11603,130,157,2024-11-10,2,924.91,36,1,Ads
11604,161,130,2024-11-22,4,901.4,7,1,Social
11605,467,204,2024-12-05,5,170.63,9,0,Ads
11606,582,346,2024-07-13,4,357.61,14,0,Direct
11607,278,392,2024-07-02,4,913.44,30,1,Direct
11608,546,124,2024-03-18,2,317.12,14,1,Ads
11609,623,261,2024-10-28,1,324.87,9,1,Ads
11610,632,14,2024-09-21,2,406.78,44,0,Email
11611,548,362,2024-08-15,4,192.85,38,1,Social
11612,240,83,2024-06-29,1,1156.97,20,1,Ads
11613,290,342,2024-08-26,2,738.7,7,1,Ads
11614,698,241,2024-03-06,4,395.86,25,1,Ads
11615,566,64,2024-03-06,1,1009.07,53,0,Email
11616,569,289,2024-12-08,3,710.04,43,0,Social
11617,410,369,2024-02-27,5,653.71,12,1,Direct
11618,254,298,2024-10-03,4,841.64,34,0,Social
11619,610,175,2024-12-04,5,539.97,6,1,Social
11620,624,162,2024-09-04,1,394.78,60,0,Ads
11621,911,92,2024-09-04,1,659.57,24,1,Social
11622,35,85,2024-11-21,1,765.64,43,1,Email
11623,607,44,2024-01-19,4,1132.14,14,0,Ads
11624,924,51,2024-06-13,2,923.11,9,0,Direct
11625,905,396,2024-04-22,2,857.45,53,0,Ads
11626,906,164,2024-03-31,4,1023.88,8,1,Ads
11627,953,385,2024-04-02,3,222.37,28,1,Direct
11628,966,223,2024-03-26,1,739.39,2,1,Social
11629,76,5,2024-04-18,2,970.08,6,0,Direct
11630,948,93,2024-10-11,5,1159.2,27,1,Ads
11631,141,13,2024-12-29,2,437.01,30,1,Direct
11632,525,307,2024-02-21,5,348.16,52,0,Ads
11633,802,179,2024-06-08,5,24.01,7,0,Direct
11634,94,27,2024-08-25,2,721.05,46,1,Social
11635,74,122,2024-03-13,3,62.0,38,0,Ads
11636,856,337,2024-12-10,1,24.0,49,0,Direct
11637,244,195,2024-08-20,4,779.76,25,0,Social
11638,341,298,2024-02-08,5,253.68,35,0,Email
11639,606,97,2024-04-12,2,944.62,38,0,Social
11640,449,85,2024-12-20,4,1097.65,12,0,Email
11641,577,170,2024-04-22,4,632.44,45,1,Social
11642,593,124,2024-09-04,3,691.77,60,0,Email
11643,933,326,2024-11-12,1,551.95,29,0,Email
11644,251,382,2024-02-03,1,898.4,37,0,Direct
11645,909,14,2024-12-16,3,559.92,8,1,Social
11646,977,173,2024-04-30,4,825.01,50,1,Email
11647,187,340,2024-01-30,2,701.36,1,1,Email
11648,285,49,2024-05-07,2,378.25,42,0,Email
11649,706,107,2024-07-22,5,184.84,51,1,Email
11650,691,147,2024-12-30,4,499.65,29,1,Email
11651,959,353,2024-03-07,5,416.7,37,0,Social
11652,873,84,2024-12-15,4,207.14,22,0,Direct
11653,103,111,2024-08-27,2,650.52,42,0,Direct
11654,627,13,2024-12-22,5,429.47,30,0,Email
11655,294,201,2024-02-01,1,31.73,52,0,Email
11656,144,169,2024-01-13,3,1088.22,53,1,Social
11657,450,193,2024-09-30,5,800.34,8,1,Ads
11658,104,46,2024-08-10,3,782.49,39,1,Social
11659,375,241,2024-01-12,4,808.34,52,1,Direct
11660,48,396,2024-05-24,2,930.62,33,0,Direct
11661,46,378,2024-04-09,4,790.77,47,1,Direct
11662,732,203,2024-09-10,5,1112.18,34,0,Direct
11663,369,363,2024-03-11,3,594.38,1,1,Email
11664,797,361,2024-07-05,3,536.95,40,1,Social
11665,290,140,2024-05-03,3,1099.87,52,0,Direct
11666,920,43,2024-10-12,3,770.01,9,0,Direct
11667,514,49,2024-01-25,3,222.25,56,1,Ads
11668,532,244,2024-05-16,2,726.64,57,1,Social
11669,183,382,2024-02-08,1,383.39,30,0,Direct
11670,4,219,2024-03-17,4,253.86,53,1,Direct
11671,413,208,2024-12-08,4,442.95,18,1,Email
11672,601,396,2024-09-04,5,737.24,29,1,Email
11673,211,92,2024-03-28,4,559.71,40,0,Social
11674,486,16,2024-02-09,1,753.67,46,0,Email
11675,908,52,2024-01-09,5,705.47,6,0,Ads
11676,254,369,2024-04-04,1,300.48,2,0,Ads
11677,172,355,2024-03-20,1,870.57,59,1,Direct
11678,265,279,2024-07-12,3,297.49,41,0,Email
11679,899,268,2024-12-11,5,769.49,13,1,Ads
11680,6,344,2024-07-25,2,957.88,31,1,Direct
11681,5,128,2024-08-22,2,130.37,55,0,Direct
11682,763,162,2024-06-14,2,1182.95,42,1,Direct
11683,87,38,2024-10-26,3,42.03,17,1,Email
11684,402,174,2024-07-23,3,906.19,44,1,Email
11685,309,355,2024-10-29,3,526.3,37,0,Email
11686,738,212,2024-02-15,5,486.58,49,1,Social
11687,581,303,2024-12-07,4,899.01,56,1,Direct
11688,158,299,2024-12-27,1,496.36,22,1,Ads
11689,92,157,2024-07-01,3,316.8,57,1,Direct
11690,997,365,2024-02-28,1,1078.27,54,0,Email
11691,822,302,2024-11-30,1,973.05,52,0,Social
11692,524,267,2024-09-07,1,252.2,40,1,Email
11693,412,112,2024-03-21,3,989.55,38,0,Social
11694,987,388,2024-07-19,3,234.69,14,1,Ads
11695,850,194,2024-08-31,2,398.99,20,0,Ads
11696,246,327,2024-01-17,1,827.87,17,1,Email
11697,319,316,2024-09-01,1,1112.86,5,1,Direct
11698,969,9,2024-03-17,2,938.37,59,0,Social
11699,915,212,2024-06-27,3,1131.77,4,1,Ads
11700,133,318,2024-08-25,2,1189.77,24,1,Ads
11701,296,283,2024-02-14,4,1152.0,16,1,Email
11702,281,216,2024-01-02,4,704.11,53,1,Ads
11703,290,256,2024-11-13,1,853.66,59,0,Direct
11704,34,70,2024-01-14,2,334.54,43,1,Direct
11705,442,10,2024-04-09,3,396.23,12,0,Direct
11706,767,117,2024-11-22,1,934.33,50,1,Direct
11707,794,394,2024-04-27,3,641.37,44,0,Ads
11708,343,214,2024-08-01,1,266.51,58,0,Email
11709,948,162,2024-05-29,3,1051.34,28,0,Direct
11710,645,298,2024-04-02,3,1190.5,47,0,Social
11711,643,355,2024-10-27,2,507.31,23,1,Email
11712,36,295,2024-08-04,4,1023.22,12,0,Direct
11713,957,340,2024-04-15,2,842.32,6,0,Email
11714,272,253,2024-04-27,4,426.98,43,1,Social
11715,21,283,2024-06-09,3,396.69,18,0,Social
11716,280,35,2024-12-13,3,370.65,3,1,Direct
11717,627,37,2024-05-12,1,1058.57,39,0,Social
11718,336,178,2024-09-15,2,1018.94,36,0,Ads
11719,87,9,2024-10-24,3,927.72,58,0,Direct
11720,847,256,2024-02-13,4,1008.36,8,1,Ads
11721,446,350,2024-08-28,3,342.93,2,1,Ads
11722,270,147,2024-03-09,3,746.12,39,1,Social
11723,898,248,2024-02-21,5,706.34,36,0,Direct
11724,378,174,2024-12-07,1,565.56,16,1,Social
11725,289,299,2024-08-25,2,630.05,59,0,Direct
11726,495,308,2024-05-06,2,593.37,10,1,Ads
11727,993,47,2024-02-10,1,1028.86,45,1,Email
11728,641,267,2024-10-10,3,1113.86,26,1,Social
11729,270,308,2024-03-07,4,532.46,46,0,Social
11730,130,385,2024-09-05,1,867.0,43,0,Direct
11731,925,55,2024-10-25,2,137.55,43,0,Direct
11732,505,169,2024-08-29,3,1030.69,34,0,Ads
11733,925,219,2024-12-22,5,950.77,48,0,Social
11734,117,50,2024-12-30,4,787.99,37,0,Ads
11735,778,243,2024-10-01,3,76.01,7,0,Social
11736,313,369,2024-07-26,5,637.48,19,1,Social
11737,793,62,2024-12-10,3,1063.66,35,1,Social
11738,634,9,2024-04-18,4,726.75,3,1,Direct
11739,195,41,2024-08-16,5,307.6,51,0,Email
11740,768,126,2024-05-06,1,374.4,2,1,Ads
11741,153,274,2024-05-23,1,1140.73,8,0,Email
11742,42,103,2024-05-11,3,338.47,30,1,Social
11743,932,327,2024-11-15,2,1119.56,59,1,Direct
11744,563,23,2024-04-10,3,140.9,13,1,Social
11745,877,146,2024-03-06,5,335.98,43,0,Social
11746,891,316,2024-01-24,3,1086.41,49,1,Direct
11747,40,310,2024-09-05,1,561.36,35,1,Direct
11748,766,261,2024-02-02,2,967.83,14,0,Social
11749,883,128,2024-02-10,1,314.08,20,1,Direct
11750,384,126,2024-07-15,1,71.11,39,0,Direct
11751,995,321,2024-11-21,3,186.9,45,0,Ads
11752,477,323,2024-08-14,1,916.09,18,0,Direct
11753,502,309,2024-12-08,2,384.13,7,0,Direct
11754,881,166,2024-06-26,1,384.15,44,0,Social
11755,509,348,2024-03-31,1,1040.57,31,1,Direct
11756,686,57,2024-01-30,4,872.17,14,0,Ads
11757,580,394,2024-12-05,1,570.78,17,1,Email
11758,885,160,2024-04-12,2,95.77,60,1,Direct
11759,233,322,2024-07-02,3,999.35,49,1,Direct
11760,299,391,2024-12-06,1,411.59,31,1,Social
11761,548,366,2024-02-22,1,1027.32,29,1,Email
11762,410,141,2024-11-05,3,269.16,13,1,Ads
11763,332,208,2024-03-23,5,568.46,49,1,Direct
11764,444,382,2024-06-14,2,698.52,9,1,Social
11765,237,158,2024-03-17,1,818.83,51,1,Ads
11766,283,208,2024-04-01,1,554.86,59,1,Ads
11767,246,55,2024-03-30,2,507.86,55,1,Ads
11768,7,12,2024-04-06,5,900.45,46,1,Direct
11769,332,21,2024-02-20,2,1131.96,33,1,Social
11770,685,298,2024-08-09,5,968.72,43,1,Email
11771,716,52,2024-05-12,5,728.98,26,1,Ads
11772,424,179,2024-09-02,2,121.25,21,1,Ads
11773,455,221,2024-01-30,3,639.32,5,1,Email
11774,721,308,2024-04-21,4,558.96,32,0,Direct
11775,918,150,2024-03-05,2,515.72,28,1,Ads
11776,447,358,2024-09-10,1,692.4,41,0,Social
11777,531,217,2024-04-30,2,216.1,12,0,Social
11778,548,126,2024-10-15,2,472.85,29,0,Email
11779,638,73,2024-07-18,4,559.58,44,0,Ads
11780,22,57,2024-01-16,2,82.52,42,1,Email
11781,333,226,2024-05-08,1,981.28,33,1,Direct
11782,826,108,2024-04-29,4,685.63,20,1,Direct
11783,167,12,2024-05-22,4,20.26,38,0,Ads
11784,342,6,2024-10-13,2,223.09,8,1,Email
11785,47,174,2024-10-17,1,184.67,7,1,Email
11786,274,4,2024-04-19,3,886.85,23,0,Direct
11787,78,137,2024-05-30,5,770.05,52,1,Direct
11788,698,346,2024-07-13,3,594.05,48,1,Direct
11789,591,141,2024-04-07,2,626.64,36,0,Direct
11790,177,3,2024-10-21,4,1024.8,23,1,Email
11791,9,62,2024-01-06,2,1127.07,37,0,Social
11792,681,166,2024-10-28,5,1043.27,19,0,Ads
11793,713,397,2024-01-23,1,1090.27,58,1,Direct
11794,49,320,2024-01-14,5,774.66,33,0,Email
11795,293,180,2024-11-21,3,618.66,13,1,Direct
11796,727,292,2024-09-02,4,280.03,59,0,Ads
11797,839,392,2024-12-29,5,865.27,55,0,Direct
11798,567,192,2024-10-07,2,299.07,56,1,Social
11799,295,317,2024-08-03,4,991.56,20,0,Social
11800,944,324,2024-08-19,5,804.67,8,1,Email
11801,176,153,2024-04-23,2,981.47,16,1,Email
11802,437,36,2024-10-06,2,160.64,20,0,Social
11803,752,10,2024-12-27,2,848.94,23,1,Social
11804,423,296,2024-01-27,1,642.64,58,1,Email
11805,674,85,2024-10-10,1,189.05,55,1,Ads
11806,923,247,2024-06-17,5,822.77,46,1,Ads
11807,493,360,2024-01-16,4,1124.45,11,0,Ads
11808,738,321,2024-11-03,2,782.29,42,1,Ads
11809,466,180,2024-11-20,2,47.35,43,1,Social
11810,642,42,2024-08-11,4,156.58,13,0,Direct
11811,186,23,2024-01-11,4,370.04,28,0,Email
11812,195,133,2024-09-05,1,109.42,47,0,Direct
11813,603,9,2024-09-11,2,378.99,17,1,Direct
11814,651,84,2024-12-26,4,822.8,16,0,Ads
11815,997,117,2024-06-04,4,299.85,48,0,Social
11816,492,61,2024-03-29,1,1167.72,10,1,Email
11817,968,369,2024-06-28,5,1019.47,24,0,Direct
11818,602,308,2024-06-30,4,1001.16,2,0,Email
11819,772,312,2024-01-27,5,492.14,46,1,Email
11820,505,13,2024-02-09,3,88.9,48,0,Email
11821,212,366,2024-12-31,4,418.85,38,0,Ads
11822,645,358,2024-10-29,5,679.13,15,0,Ads
11823,473,35,2024-12-28,2,467.02,26,0,Ads
11824,174,37,2024-11-17,1,379.71,43,0,Ads
11825,125,102,2024-08-31,5,1015.26,54,1,Social
11826,500,163,2024-06-13,5,927.68,43,1,Direct
11827,382,342,2024-06-23,3,587.38,29,0,Direct
11828,843,373,2024-08-19,5,475.97,53,0,Ads
11829,507,370,2024-06-24,1,626.44,21,1,Direct
11830,264,224,2024-05-10,5,432.6,9,1,Email
11831,173,186,2024-03-06,2,645.62,23,1,Social
11832,465,50,2024-04-08,1,300.81,50,0,Email
11833,589,158,2024-08-27,4,483.82,22,1,Ads
11834,451,374,2024-07-05,1,1181.13,7,1,Direct
11835,887,225,2024-08-08,4,684.44,59,0,Ads
11836,673,167,2024-04-28,4,787.31,59,0,Ads
11837,933,168,2024-08-12,4,883.01,32,1,Direct
11838,365,285,2024-10-12,4,959.97,57,0,Social
11839,261,345,2024-01-17,5,711.56,46,1,Email
11840,411,112,2024-01-30,5,800.71,15,0,Email
11841,435,370,2024-04-04,1,634.27,46,1,Ads
11842,463,69,2024-04-27,1,494.42,11,1,Ads
11843,430,36,2024-07-11,3,279.67,39,0,Email
11844,173,201,2024-12-29,3,231.11,60,0,Social
11845,432,360,2024-08-07,2,171.63,25,0,Direct
11846,618,142,2024-07-12,5,18.64,40,0,Ads
11847,441,309,2024-03-30,3,1069.97,19,1,Direct
11848,200,142,2024-01-31,3,1106.46,34,0,Direct
11849,378,370,2024-06-21,3,1099.65,38,0,Email
11850,933,392,2024-01-02,2,737.96,12,0,Direct
11851,265,176,2024-12-27,1,1166.01,23,0,Ads
11852,998,298,2024-04-24,3,25.03,36,1,Social
11853,287,28,2024-08-20,4,74.67,50,1,Ads
11854,991,53,2024-08-21,2,405.36,5,0,Direct
11855,870,380,2024-08-12,3,704.14,22,0,Social
11856,502,112,2024-05-20,2,1190.79,21,1,Social
11857,184,48,2024-07-20,2,557.69,27,1,Email
11858,427,147,2024-06-01,4,1169.09,45,0,Social
11859,522,33,2024-02-29,4,968.61,2,0,Ads
11860,962,374,2024-12-30,3,1021.0,32,1,Direct
11861,405,384,2024-01-28,4,95.76,52,1,Direct
11862,692,188,2024-10-29,1,1097.6,39,0,Email
11863,859,338,2024-02-15,1,237.54,55,1,Ads
11864,298,168,2024-06-07,3,816.91,53,0,Direct
11865,763,83,2024-12-13,1,750.17,50,1,Direct
11866,759,318,2024-09-23,5,494.89,34,1,Ads
11867,289,86,2024-09-22,1,456.7,47,1,Ads
11868,464,36,2024-06-03,2,491.92,45,1,Email
11869,154,132,2024-06-16,4,292.67,10,0,Ads
11870,94,382,2024-10-26,2,32.83,21,1,Social
11871,387,378,2024-05-19,4,153.98,50,0,Ads
11872,414,165,2024-01-30,4,137.44,41,0,Email
11873,94,376,2024-03-08,5,231.31,17,0,Ads
11874,421,143,2024-03-04,5,1025.6,6,0,Ads
11875,185,302,2024-06-18,5,312.26,8,0,Email
11876,824,199,2024-04-16,4,344.81,38,1,Direct
11877,209,365,2024-08-08,3,37.79,54,1,Social
11878,187,10,2024-06-23,4,296.56,60,1,Direct
11879,435,343,2024-03-08,4,1158.78,52,0,Email
11880,444,314,2024-09-25,3,987.19,32,0,Direct
11881,155,336,2024-03-17,3,750.71,8,0,Direct
11882,190,220,2024-07-06,5,316.82,26,1,Direct
11883,50,138,2024-10-16,1,56.43,21,0,Ads
11884,371,227,2024-04-02,3,533.09,8,1,Ads
11885,19,259,2024-03-07,2,87.84,16,0,Email
11886,763,72,2024-12-28,2,260.64,16,0,Social
11887,425,380,2024-09-08,4,333.04,30,0,Ads
11888,75,224,2024-07-03,1,769.83,23,1,Ads
11889,477,167,2024-07-09,2,883.17,36,1,Email
11890,171,161,2024-03-17,1,870.57,38,0,Social
11891,220,113,2024-12-19,2,382.83,37,1,Email
11892,105,235,2024-04-28,5,1042.59,14,1,Email
11893,901,297,2024-12-17,3,929.59,20,1,Social
11894,103,25,2024-03-13,2,922.26,40,0,Direct
11895,902,22,2024-03-28,3,86.18,6,1,Ads
11896,542,369,2024-01-05,2,275.52,41,1,Ads
11897,672,51,2024-06-01,2,403.07,17,0,Email
11898,261,322,2024-12-08,3,981.02,4,1,Email
11899,81,368,2024-06-15,1,685.39,49,1,Email
11900,791,182,2024-01-03,4,701.77,50,1,Email
11901,911,134,2024-09-29,2,87.2,52,1,Direct
11902,716,399,2024-10-13,4,908.97,54,0,Email
11903,81,8,2024-03-14,2,1029.73,52,0,Ads
11904,423,222,2024-07-19,1,920.17,16,0,Ads
11905,972,340,2024-03-02,4,1164.88,22,1,Social
11906,97,31,2024-07-04,1,1021.17,45,1,Social
11907,840,54,2024-05-11,2,674.7,15,1,Ads
11908,175,94,2024-10-07,5,508.15,20,1,Social
11909,219,333,2024-04-11,2,993.79,45,1,Social
11910,100,361,2024-09-21,5,140.98,55,1,Ads
11911,429,313,2024-08-24,2,955.99,12,1,Ads
11912,718,155,2024-02-19,4,428.6,52,0,Social
11913,577,320,2024-03-04,3,870.09,59,1,Social
11914,464,45,2024-06-19,3,462.99,7,1,Email
11915,818,31,2024-11-12,1,637.22,3,1,Direct
11916,381,278,2024-10-26,3,221.33,30,1,Social
11917,911,260,2024-04-10,1,769.68,27,0,Email
11918,636,185,2024-11-23,5,94.45,54,1,Social
11919,469,155,2024-12-09,3,144.33,60,1,Email
11920,130,167,2024-06-08,2,555.66,18,0,Ads
11921,548,186,2024-01-03,4,865.53,57,1,Ads
11922,924,239,2024-01-06,2,1133.88,3,1,Direct
11923,627,63,2024-11-20,4,1094.02,36,1,Direct
11924,687,358,2024-12-31,1,428.09,26,1,Email
11925,434,341,2024-08-08,5,522.36,17,0,Social
11926,396,171,2024-08-05,1,952.35,21,1,Direct
11927,342,311,2024-11-21,2,1008.85,25,1,Social
11928,248,230,2024-10-13,5,891.45,34,0,Ads
11929,549,340,2024-08-28,5,788.0,12,0,Ads
11930,561,77,2024-02-21,3,417.88,18,0,Ads
11931,735,102,2024-04-25,1,812.56,17,1,Social
11932,258,349,2024-01-16,4,449.73,45,1,Email
11933,185,72,2024-12-12,1,163.32,47,1,Email
11934,167,224,2024-01-03,3,542.09,60,1,Email
11935,163,92,2024-09-26,3,755.7,37,0,Direct
11936,674,104,2024-06-10,1,244.79,11,1,Email
11937,876,170,2024-04-05,3,1076.18,57,0,Social
11938,217,90,2024-03-04,1,288.22,37,1,Social
11939,15,201,2024-07-21,1,206.03,9,0,Social
11940,32,344,2024-05-11,1,1066.86,48,1,Ads
11941,922,152,2024-10-18,2,214.72,46,0,Social
11942,343,136,2024-01-30,4,129.53,38,0,Direct
11943,284,364,2024-09-16,4,76.63,54,0,Direct
11944,1,46,2024-06-12,4,15.6,31,0,Email
11945,476,347,2024-04-09,2,799.08,54,1,Social
11946,168,26,2024-06-09,1,911.53,47,0,Email
11947,390,248,2024-06-16,2,138.96,9,0,Ads
11948,334,224,2024-03-21,3,186.16,29,0,Ads
11949,397,285,2024-08-25,3,581.78,5,1,Ads
11950,64,357,2024-06-28,5,367.12,14,1,Social
11951,325,64,2024-06-29,3,1033.64,6,1,Email
11952,685,105,2024-12-23,4,982.55,6,0,Social
11953,123,389,2024-04-06,1,577.61,18,1,Direct
11954,279,124,2024-07-16,4,1143.21,26,0,Email
11955,897,211,2024-05-19,3,247.03,54,1,Social
11956,63,216,2024-06-11,2,847.71,44,1,Social
11957,202,375,2024-11-05,2,602.82,22,1,Email
11958,429,255,2024-10-05,5,284.13,13,1,Email
11959,12,297,2024-02-13,2,167.11,6,0,Social
11960,954,167,2024-08-07,1,933.16,29,0,Social
11961,933,99,2024-05-31,2,233.37,38,1,Email
11962,977,87,2024-11-21,3,327.66,30,0,Direct
11963,878,262,2024-01-27,3,213.3,42,1,Email
11964,22,386,2024-07-10,1,391.89,22,0,Direct
11965,757,94,2024-01-23,4,1152.79,48,1,Social
11966,661,281,2024-07-30,5,999.07,21,1,Ads
11967,386,132,2024-03-09,3,339.37,38,0,Ads
11968,933,149,2024-11-14,2,30.8,60,1,Direct
11969,905,37,2024-06-06,2,112.6,40,1,Email
11970,592,139,2024-01-31,2,731.55,35,1,Email
11971,281,394,2024-10-12,5,266.75,5,0,Ads
11972,199,41,2024-07-24,1,1084.01,27,0,Email
11973,554,4,2024-07-04,2,860.82,25,0,Social
11974,946,134,2024-12-17,2,256.92,19,1,Email
11975,427,282,2024-02-15,1,628.37,50,0,Social
11976,717,171,2024-06-13,2,105.5,2,0,Email
11977,975,43,2024-09-28,1,994.67,25,1,Email
11978,20,172,2024-09-20,5,339.69,1,0,Social
11979,847,10,2024-12-22,1,359.82,2,0,Ads
11980,424,4,2024-04-25,1,932.73,48,1,Ads
11981,980,117,2024-09-06,4,970.19,16,1,Email
11982,549,348,2024-04-13,1,127.95,33,1,Ads
11983,104,316,2024-01-23,4,600.43,44,1,Direct
11984,667,225,2024-10-29,5,768.5,1,1,Direct
11985,871,139,2024-12-21,1,32.19,5,1,Social
11986,95,390,2024-05-27,3,884.75,4,0,Email
11987,330,100,2024-11-14,2,638.05,53,1,Ads
11988,560,122,2024-09-26,4,1073.37,23,1,Email
11989,363,156,2024-11-28,5,975.6,59,0,Direct
11990,546,111,2024-12-28,5,463.71,19,0,Social
11991,96,387,2024-03-05,5,655.43,25,1,Direct
11992,757,185,2024-10-21,1,584.82,9,0,Social
11993,904,279,2024-09-20,5,1053.52,2,1,Email
11994,487,96,2024-08-24,3,343.13,51,1,Email
11995,398,336,2024-04-14,3,584.01,33,1,Email
11996,550,347,2024-06-14,4,889.42,43,0,Social
11997,34,37,2024-11-09,4,436.95,32,0,Email
11998,325,297,2024-03-16,3,67.1,22,1,Social
11999,856,191,2024-10-28,2,1073.93,45,0,Email
12000,441,69,2024-11-21,4,477.45,52,1,Direct
12001,751,362,2024-05-27,1,579.34,11,1,Direct
12002,294,206,2024-08-27,3,574.99,55,1,Direct
12003,530,18,2024-08-27,3,1044.64,59,1,Ads
12004,544,82,2024-11-17,1,518.92,37,0,Social
12005,641,353,2024-07-31,1,30.25,54,1,Email
12006,533,355,2024-10-26,5,113.77,47,1,Ads
12007,284,264,2024-01-03,1,823.53,19,0,Social
12008,889,297,2024-01-03,4,1127.69,48,1,Social
12009,164,378,2024-04-03,1,1065.17,33,1,Email
12010,976,93,2024-07-27,1,1043.44,21,1,Direct
12011,487,75,2024-05-28,4,143.91,46,0,Direct
12012,873,37,2024-04-03,2,1086.75,16,0,Direct
12013,535,250,2024-10-15,4,917.16,15,1,Email
12014,942,377,2024-06-16,5,406.83,7,0,Email
12015,600,55,2024-02-03,2,247.44,23,1,Ads
12016,321,103,2024-04-10,5,189.92,19,1,Social
12017,920,260,2024-02-08,1,397.34,42,0,Social
12018,583,167,2024-03-12,4,953.82,10,0,Email
12019,931,220,2024-10-18,2,656.42,29,0,Email
12020,832,390,2024-09-01,5,749.1,27,1,Email
12021,978,384,2024-03-01,2,649.84,32,1,Email
12022,892,215,2024-01-11,4,532.66,2,0,Direct
12023,136,40,2024-03-18,2,1133.11,56,1,Direct
12024,927,285,2024-09-13,5,535.19,26,0,Ads
12025,943,196,2024-10-23,5,1092.45,54,1,Direct
12026,605,245,2024-06-18,5,1192.72,15,0,Email
12027,650,183,2024-04-10,4,303.23,59,1,Email
12028,551,381,2024-03-28,4,335.28,44,1,Social
12029,741,300,2024-10-07,3,1188.92,52,1,Email
12030,34,158,2024-01-30,5,121.51,19,0,Email
12031,245,384,2024-02-10,5,1167.33,58,0,Social
12032,556,146,2024-06-07,3,1002.74,47,0,Direct
12033,367,21,2024-10-24,1,374.08,47,1,Ads
12034,584,291,2024-07-13,1,54.91,58,1,Direct
12035,680,152,2024-05-15,4,1108.21,10,0,Social
12036,799,333,2024-09-20,5,1174.43,15,1,Social
12037,226,243,2024-06-10,2,1127.85,60,1,Ads
12038,880,108,2024-10-24,4,1127.77,21,1,Email
12039,394,92,2024-12-20,4,990.7,31,0,Direct
12040,512,276,2024-12-21,2,640.05,30,1,Email
12041,181,367,2024-02-11,2,531.98,37,1,Ads
12042,720,72,2024-10-07,5,993.97,25,1,Social
12043,746,273,2024-11-30,5,117.81,16,0,Direct
12044,435,167,2024-02-08,3,50.69,24,0,Social
12045,414,394,2024-10-22,5,333.95,36,1,Direct
12046,809,292,2024-07-13,3,769.71,16,1,Social
12047,997,150,2024-06-12,5,219.23,15,0,Direct
12048,698,295,2024-05-03,1,905.98,8,0,Email
12049,762,62,2024-03-12,1,847.95,53,0,Ads
12050,620,179,2024-02-14,4,1116.38,27,0,Email
12051,963,69,2024-02-12,5,1189.2,42,1,Email
12052,477,228,2024-10-13,5,762.89,10,0,Social
12053,591,28,2024-12-07,1,327.73,38,1,Email
12054,950,380,2024-08-01,4,234.1,60,0,Ads
12055,979,261,2024-03-26,4,1049.85,6,0,Direct
12056,847,223,2024-01-10,5,958.5,44,1,Social
12057,910,34,2024-05-07,1,236.57,37,1,Email
12058,237,287,2024-09-25,1,811.83,2,0,Social
12059,503,39,2024-08-27,5,922.9,3,1,Email
12060,12,208,2024-04-30,3,76.23,42,0,Ads
12061,554,180,2024-06-30,1,1098.82,8,0,Email
12062,165,153,2024-09-19,2,781.24,10,0,Social
12063,481,23,2024-11-12,5,1048.61,34,1,Email
12064,567,87,2024-09-15,2,716.21,13,1,Ads
12065,982,376,2024-05-19,3,92.77,30,1,Direct
12066,426,325,2024-06-18,2,972.85,22,1,Ads
12067,770,65,2024-10-25,3,955.68,50,1,Social
12068,751,114,2024-06-09,3,887.22,41,0,Social
12069,998,298,2024-08-01,1,466.21,39,1,Ads
12070,978,193,2024-04-25,1,588.49,1,0,Direct
12071,914,3,2024-02-10,5,215.07,29,0,Social
12072,119,108,2024-02-03,2,396.12,7,0,Ads
12073,280,82,2024-07-27,5,500.97,28,1,Ads
12074,845,241,2024-03-18,2,687.47,1,1,Ads
12075,465,319,2024-02-06,1,688.66,27,0,Direct
12076,709,63,2024-10-27,1,981.71,1,0,Direct
12077,910,211,2024-07-02,3,499.84,30,1,Email
12078,934,18,2024-07-10,2,501.13,5,0,Email
12079,877,106,2024-08-14,5,243.97,54,0,Ads
12080,568,308,2024-02-04,4,587.98,28,0,Direct
12081,253,89,2024-07-24,2,210.19,11,1,Social
12082,670,229,2024-04-03,3,1144.14,2,0,Ads
12083,672,152,2024-06-08,1,835.54,13,1,Email
12084,280,37,2024-09-20,2,1071.53,48,0,Direct
12085,82,313,2024-11-03,3,505.58,23,1,Direct
12086,981,395,2024-10-11,3,1195.85,18,1,Social
12087,952,307,2024-02-20,5,875.35,50,1,Direct
12088,194,74,2024-11-24,1,246.56,40,1,Ads
12089,480,152,2024-03-06,3,669.25,40,0,Ads
12090,166,164,2024-02-22,2,508.44,1,0,Ads
12091,854,347,2024-12-17,5,832.02,6,1,Email
12092,768,30,2024-02-14,1,158.26,26,1,Email
12093,43,181,2024-05-04,4,1072.45,43,1,Direct
12094,219,364,2024-12-16,3,869.71,60,1,Social
12095,751,369,2024-05-21,4,275.56,34,0,Direct
12096,87,133,2024-11-13,5,1117.2,56,0,Email
12097,829,287,2024-12-10,5,548.63,25,1,Email
12098,271,92,2024-12-14,4,194.23,19,0,Ads
12099,769,377,2024-03-31,4,571.52,7,1,Email
12100,60,90,2024-10-08,2,839.51,57,1,Email
12101,503,351,2024-08-24,4,789.34,3,0,Direct
12102,764,88,2024-02-25,3,292.85,4,1,Email
12103,478,34,2024-01-15,5,117.63,39,0,Email
12104,567,168,2024-01-28,3,154.77,7,1,Social
12105,351,362,2024-02-02,2,730.32,8,0,Direct
12106,755,93,2024-07-10,4,22.28,42,0,Social
12107,191,343,2024-05-04,2,94.24,50,0,Social
12108,332,340,2024-09-07,4,75.09,8,1,Direct
12109,83,340,2024-05-04,4,944.98,39,0,Social
12110,483,186,2024-01-01,2,263.09,35,1,Direct
12111,242,71,2024-03-22,1,102.2,31,0,Email
12112,79,286,2024-01-28,5,405.58,37,1,Ads
12113,109,141,2024-10-17,3,329.56,42,1,Direct
12114,731,276,2024-09-06,1,811.01,15,0,Social
12115,171,244,2024-07-04,4,278.81,33,0,Direct
12116,955,181,2024-11-22,1,396.77,32,0,Direct
12117,163,24,2024-11-03,3,521.33,35,1,Ads
12118,588,21,2024-06-26,1,211.07,39,0,Ads
12119,294,88,2024-08-31,4,1144.13,10,0,Email
12120,176,257,2024-06-07,5,501.05,18,0,Ads
12121,143,239,2024-06-14,4,795.79,26,1,Email
12122,339,10,2024-10-08,5,460.03,54,0,Direct
12123,378,336,2024-10-31,1,692.92,26,1,Social
12124,191,268,2024-05-24,2,812.57,58,1,Social
12125,700,280,2024-10-16,1,30.08,25,1,Social
12126,194,278,2024-02-29,4,889.65,28,1,Direct
12127,339,366,2024-07-03,4,1030.74,5,1,Direct
12128,316,31,2024-02-25,1,609.38,38,1,Email
12129,727,246,2024-05-12,2,151.53,47,0,Social
12130,70,24,2024-06-24,2,449.51,9,0,Ads
12131,828,39,2024-07-17,5,502.18,38,1,Direct
12132,397,17,2024-03-31,2,166.87,36,1,Social
12133,328,165,2024-09-09,2,670.58,26,1,Email
12134,966,49,2024-09-10,4,544.73,3,1,Social
12135,298,207,2024-02-05,2,792.38,59,1,Direct
12136,132,311,2024-02-03,2,169.66,26,0,Social
12137,456,45,2024-07-23,2,445.59,14,1,Direct
12138,958,179,2024-08-10,4,1033.31,60,0,Direct
12139,846,316,2024-01-02,3,573.12,38,0,Direct
12140,167,156,2024-10-03,1,1097.27,28,1,Social
12141,675,321,2024-11-11,5,642.47,20,1,Email
12142,343,40,2024-05-11,1,703.12,14,1,Direct
12143,391,312,2024-09-13,4,1132.76,60,0,Social
12144,174,310,2024-05-08,1,327.83,51,0,Email
12145,746,247,2024-04-17,2,710.27,3,1,Ads
12146,977,240,2024-04-12,2,135.35,47,0,Ads
12147,330,51,2024-12-14,4,1197.69,54,0,Social
12148,779,52,2024-12-10,4,230.6,3,1,Ads
12149,527,155,2024-11-11,5,635.66,30,1,Social
12150,46,339,2024-08-10,4,649.69,28,1,Email
12151,401,177,2024-02-19,2,233.34,38,0,Social
12152,247,144,2024-03-17,4,1072.02,42,1,Ads
12153,49,102,2024-10-04,5,894.89,57,1,Email
12154,26,115,2024-02-21,1,377.02,48,0,Email
12155,670,76,2024-10-22,1,336.93,22,1,Email
12156,403,271,2024-06-27,5,429.21,12,1,Social
12157,50,285,2024-09-25,2,975.53,24,0,Direct
12158,357,48,2024-04-07,2,1078.78,36,0,Direct
12159,4,187,2024-10-24,2,563.61,5,0,Social
12160,840,289,2024-06-15,5,45.19,16,0,Direct
12161,639,10,2024-12-15,4,902.87,41,0,Ads
12162,36,265,2024-11-12,2,976.0,28,0,Ads
12163,222,53,2024-03-05,2,695.76,31,0,Ads
12164,859,377,2024-08-05,2,463.09,32,0,Ads
12165,132,381,2024-11-12,4,627.29,15,0,Email
12166,703,134,2024-12-12,2,255.16,59,0,Social
12167,66,160,2024-12-02,5,199.92,6,0,Ads
12168,741,392,2024-06-28,1,983.46,54,0,Email
12169,391,10,2024-02-18,4,148.16,30,1,Email
12170,420,293,2024-02-10,4,392.66,19,1,Ads
12171,537,390,2024-01-15,1,986.09,32,0,Direct
12172,537,14,2024-07-08,5,646.71,46,0,Email
12173,721,18,2024-03-19,3,82.13,7,1,Ads
12174,663,374,2024-01-23,4,178.39,42,0,Email
12175,490,103,2024-01-28,3,717.16,30,0,Social
12176,845,53,2024-02-24,1,56.17,40,0,Direct
12177,363,202,2024-06-15,3,236.8,29,1,Social
12178,438,40,2024-11-29,4,758.1,56,0,Direct
12179,261,47,2024-12-14,5,194.5,30,0,Ads
12180,418,381,2024-03-27,1,928.36,26,1,Email
12181,771,40,2024-03-11,1,900.0,51,1,Direct
12182,400,13,2024-04-30,5,591.71,47,1,Direct
12183,864,11,2024-09-14,4,63.75,40,0,Social
12184,556,398,2024-01-09,3,1167.35,58,1,Ads
12185,469,282,2024-10-03,3,102.04,54,0,Ads
12186,356,112,2024-12-28,2,937.63,28,1,Direct
12187,274,73,2024-04-23,5,347.72,53,1,Direct
12188,673,245,2024-07-27,5,194.88,26,1,Ads
12189,171,174,2024-02-13,5,905.98,17,1,Direct
12190,12,126,2024-09-28,1,1062.06,37,0,Direct
12191,327,182,2024-04-19,5,1182.03,22,0,Social
12192,120,270,2024-01-09,4,444.47,60,0,Ads
12193,504,108,2024-08-10,1,1066.01,17,1,Direct
12194,440,187,2024-06-17,1,899.84,5,0,Email
12195,886,265,2024-01-07,2,407.55,24,1,Email
12196,585,139,2024-04-15,4,924.89,28,0,Direct
12197,629,166,2024-09-05,1,986.59,34,0,Direct
12198,382,238,2024-02-22,5,184.43,44,0,Email
12199,477,80,2024-01-23,4,619.68,15,1,Email
12200,971,74,2024-03-27,5,808.95,46,1,Email
12201,523,212,2024-04-10,4,879.79,31,1,Social
12202,825,207,2024-03-21,1,1017.39,60,0,Social
12203,827,391,2024-04-17,5,1108.87,43,0,Email
12204,397,203,2024-06-07,1,859.06,14,1,Ads
12205,256,138,2024-09-22,1,276.89,10,1,Email
12206,139,261,2024-03-13,4,546.62,55,1,Social
12207,655,336,2024-06-25,1,491.07,25,0,Ads
12208,566,319,2024-05-07,4,740.21,51,1,Direct
12209,189,214,2024-08-01,4,312.01,40,1,Direct
12210,735,336,2024-07-01,3,207.96,50,0,Social
12211,826,189,2024-11-15,1,657.08,54,1,Ads
12212,974,149,2024-04-15,2,149.92,60,0,Email
12213,473,107,2024-06-01,3,341.8,20,0,Social
12214,975,81,2024-05-05,3,60.14,6,1,Email
12215,355,331,2024-08-20,3,1081.5,45,0,Email
12216,268,135,2024-04-30,2,118.17,50,0,Social
12217,852,350,2024-05-05,1,86.64,51,1,Ads
12218,265,300,2024-08-16,4,80.62,39,1,Ads
12219,144,126,2024-07-09,4,1006.19,2,0,Direct
12220,654,70,2024-10-06,1,956.65,3,1,Email
12221,656,179,2024-02-01,3,814.95,44,0,Email
12222,284,226,2024-01-02,3,778.18,17,1,Email
12223,970,200,2024-07-16,5,877.62,3,0,Ads
12224,125,98,2024-11-05,5,537.55,38,0,Direct
12225,8,262,2024-03-05,4,546.72,42,1,Social
12226,82,79,2024-03-21,1,162.12,27,1,Direct
12227,319,335,2024-06-26,5,1042.2,55,1,Social
12228,932,65,2024-08-06,1,617.85,1,1,Email
12229,292,14,2024-12-21,4,200.24,54,1,Direct
12230,213,39,2024-04-19,3,855.09,51,1,Email
12231,10,97,2024-04-28,2,1104.7,39,0,Email
12232,896,307,2024-05-31,3,610.11,57,1,Social
12233,739,114,2024-02-05,1,917.48,30,0,Ads
12234,94,8,2024-11-06,5,989.77,29,1,Ads
12235,67,146,2024-06-11,4,358.03,31,1,Email
12236,3,24,2024-01-22,4,256.04,10,1,Ads
12237,663,85,2024-09-08,2,624.63,20,1,Ads
12238,72,168,2024-11-23,4,938.26,30,0,Direct
12239,346,259,2024-07-29,5,1160.06,33,0,Direct
12240,371,72,2024-12-27,4,690.98,10,1,Direct
12241,920,312,2024-07-06,4,83.15,15,1,Direct
12242,159,307,2024-08-23,5,1007.84,50,1,Social
12243,568,184,2024-07-02,1,746.33,37,1,Email
12244,789,258,2024-10-28,1,882.91,38,1,Social
12245,563,33,2024-09-28,1,974.51,18,1,Direct
12246,91,100,2024-01-09,4,587.48,1,0,Ads
12247,716,366,2024-09-02,4,403.62,4,1,Direct
12248,783,229,2024-10-31,5,583.86,10,0,Ads
12249,428,294,2024-01-23,3,373.93,27,1,Direct
12250,815,133,2024-04-01,1,215.82,48,0,Direct
12251,128,172,2024-04-20,4,877.16,13,1,Direct
12252,103,210,2024-09-14,2,852.73,21,1,Direct
12253,447,81,2024-06-11,2,910.21,53,1,Ads
12254,408,374,2024-04-27,1,811.52,41,1,Direct
12255,613,112,2024-02-08,2,780.91,22,0,Social
12256,64,96,2024-09-25,5,513.85,47,0,Social
12257,668,179,2024-09-02,5,234.75,31,1,Direct
12258,666,182,2024-02-07,3,609.53,12,0,Direct
12259,532,96,2024-03-27,2,30.59,20,0,Social
12260,806,221,2024-12-25,2,1125.65,52,0,Ads
12261,731,98,2024-02-24,5,709.2,21,0,Social
12262,869,101,2024-04-24,3,203.24,42,0,Email
12263,958,156,2024-10-14,3,256.23,16,1,Email
12264,540,158,2024-02-06,4,48.11,5,1,Social
12265,73,94,2024-10-30,4,21.07,13,0,Social
12266,424,20,2024-12-03,2,1043.56,18,1,Email
12267,108,320,2024-09-15,5,467.84,28,1,Direct
12268,842,246,2024-01-06,3,734.51,50,0,Email
12269,44,227,2024-06-24,4,832.65,2,0,Ads
12270,260,108,2024-01-27,5,416.39,21,1,Ads
12271,569,206,2024-11-10,2,748.9,2,0,Direct
12272,136,25,2024-11-19,5,481.62,47,1,Email
12273,112,233,2024-09-22,2,18.78,43,0,Social
12274,956,243,2024-08-28,5,92.31,19,0,Social
12275,930,311,2024-12-03,4,174.01,18,0,Email
12276,468,6,2024-07-07,3,649.46,34,1,Email
12277,430,229,2024-11-20,3,234.94,48,0,Email
12278,726,201,2024-06-23,5,109.58,41,1,Social
12279,500,51,2024-12-11,5,645.67,32,0,Email
12280,963,385,2024-10-03,5,621.97,46,0,Social
12281,726,124,2024-02-19,3,831.69,43,0,Ads
12282,525,349,2024-04-14,5,872.77,10,0,Social
12283,815,254,2024-03-08,2,679.97,29,0,Social
12284,720,346,2024-07-28,3,1108.37,40,0,Direct
12285,950,32,2024-06-13,5,793.55,11,1,Direct
12286,97,280,2024-01-07,1,181.87,25,0,Social
12287,770,168,2024-07-11,4,141.17,8,0,Ads
12288,253,330,2024-12-02,5,227.37,22,1,Ads
12289,331,60,2024-12-18,3,104.54,12,0,Direct
12290,382,217,2024-02-29,5,97.33,36,0,Email
12291,585,255,2024-05-27,4,457.5,5,1,Email
12292,813,149,2024-09-16,2,415.8,1,0,Direct
12293,488,335,2024-07-12,2,191.01,40,1,Direct
12294,357,154,2024-05-25,5,662.66,28,0,Email
12295,214,161,2024-09-25,4,558.39,54,1,Social
12296,71,288,2024-12-23,2,889.29,20,1,Direct
12297,692,125,2024-08-12,3,1169.12,4,1,Ads
12298,207,6,2024-10-09,5,371.95,3,0,Email
12299,733,330,2024-08-18,4,939.03,58,0,Direct
12300,6,251,2024-01-26,3,568.27,51,0,Email
12301,484,370,2024-11-24,4,568.61,28,0,Email
12302,449,98,2024-10-12,5,108.81,17,1,Ads
12303,649,11,2024-05-12,1,103.49,17,0,Direct
12304,533,164,2024-11-16,2,809.23,58,1,Direct
12305,876,229,2024-08-21,2,507.68,37,1,Email
12306,103,18,2024-11-12,2,389.26,23,0,Social
12307,597,136,2024-01-21,3,580.36,49,1,Ads
12308,693,196,2024-01-27,2,554.05,24,0,Direct
12309,99,123,2024-09-03,5,838.76,40,0,Social
12310,242,94,2024-06-27,1,337.76,24,0,Ads
12311,751,230,2024-09-16,1,1121.98,18,1,Social
12312,722,383,2024-11-12,2,682.32,17,0,Social
12313,220,178,2024-11-24,5,115.61,51,0,Ads
12314,302,75,2024-07-09,5,316.76,53,1,Social
12315,669,21,2024-02-24,2,1102.83,14,0,Social
12316,744,235,2024-12-02,2,231.77,52,1,Social
12317,15,152,2024-05-06,3,404.09,42,1,Social
12318,431,368,2024-10-29,1,98.26,50,0,Email
12319,231,396,2024-05-13,3,1033.42,44,0,Email
12320,938,325,2024-03-21,5,700.81,19,0,Direct
12321,762,280,2024-03-17,5,448.2,16,1,Ads
12322,164,97,2024-12-05,1,310.37,2,0,Email
12323,341,208,2024-10-25,3,327.96,49,1,Social
12324,2,248,2024-05-20,4,598.78,27,1,Ads
12325,354,249,2024-02-13,5,517.7,57,1,Email
12326,847,235,2024-10-27,2,675.83,55,0,Email
12327,494,329,2024-06-30,3,948.3,19,1,Email
12328,702,188,2024-04-30,5,712.58,32,0,Direct
12329,456,3,2024-11-16,2,651.0,28,0,Email
12330,691,146,2024-07-09,1,557.17,19,1,Social
12331,717,45,2024-10-10,5,938.0,33,0,Direct
12332,95,73,2024-01-26,5,466.17,41,1,Email
12333,453,27,2024-09-16,2,888.15,50,1,Social
12334,403,136,2024-12-23,4,714.99,25,0,Email
12335,667,355,2024-03-07,2,738.34,33,0,Ads
12336,403,336,2024-08-03,4,1021.15,46,0,Ads
12337,695,248,2024-09-27,2,189.94,46,0,Ads
12338,940,135,2024-08-23,5,798.77,42,1,Ads
12339,281,145,2024-06-21,2,731.89,38,0,Social
12340,287,200,2024-12-08,3,705.66,58,1,Ads
12341,413,6,2024-06-08,5,266.38,59,0,Social
12342,331,319,2024-10-07,2,743.59,56,1,Social
12343,47,203,2024-01-15,4,712.24,12,0,Email
12344,347,241,2024-01-07,4,294.17,21,0,Ads
12345,685,155,2024-06-14,4,422.35,6,1,Email
12346,736,238,2024-07-01,2,487.3,38,0,Email
12347,792,151,2024-10-27,4,231.24,21,1,Email
12348,58,268,2024-08-13,5,416.08,49,0,Email
12349,105,370,2024-06-28,2,100.13,39,0,Direct
12350,389,45,2024-08-04,3,420.08,36,1,Social
12351,590,256,2024-10-06,1,66.78,27,1,Social
12352,925,355,2024-08-05,4,775.68,1,1,Social
12353,174,154,2024-12-28,3,960.78,43,0,Email
12354,876,311,2024-01-18,3,964.9,19,1,Direct
12355,809,253,2024-11-28,5,410.45,56,1,Social
12356,807,380,2024-06-11,2,895.87,9,0,Ads
12357,886,324,2024-03-02,1,71.01,25,0,Email
12358,512,156,2024-07-21,2,1140.16,60,0,Ads
12359,353,195,2024-12-10,2,549.89,11,1,Social
12360,57,347,2024-09-25,2,605.94,48,1,Social
12361,582,31,2024-06-23,2,1025.91,28,0,Direct
12362,378,53,2024-08-27,5,1068.81,17,0,Social
12363,82,386,2024-11-11,1,650.7,25,0,Direct
12364,157,225,2024-03-20,3,445.85,44,1,Direct
12365,17,131,2024-01-11,4,413.46,12,1,Direct
12366,696,398,2024-12-28,5,627.38,4,0,Direct
12367,543,203,2024-04-02,4,586.79,50,0,Email
12368,526,159,2024-09-29,4,556.73,45,0,Email
12369,538,384,2024-03-25,2,159.39,56,0,Social
12370,799,374,2024-04-07,4,1151.25,37,1,Email
12371,363,280,2024-06-19,5,1177.33,59,0,Social
12372,446,277,2024-10-27,3,1031.52,60,1,Social
12373,177,302,2024-04-02,4,737.13,2,1,Ads
12374,795,155,2024-08-01,2,720.3,22,0,Ads
12375,263,195,2024-06-18,5,366.43,1,1,Social
12376,271,382,2024-07-24,5,355.34,15,0,Direct
12377,44,123,2024-11-01,2,1018.33,6,1,Email
12378,733,249,2024-02-22,4,1183.96,44,1,Social
12379,934,105,2024-11-23,1,1124.05,26,0,Direct
12380,671,313,2024-02-06,2,802.97,57,0,Email
12381,890,180,2024-02-24,4,332.35,43,0,Email
12382,816,323,2024-09-17,4,1177.56,20,0,Email
12383,975,74,2024-06-02,3,681.15,2,0,Social
12384,621,304,2024-05-29,3,1034.45,26,0,Direct
12385,906,244,2024-08-02,3,581.0,35,0,Direct
12386,79,172,2024-03-14,2,16.03,60,0,Direct
12387,406,125,2024-02-16,4,852.02,1,0,Ads
12388,544,91,2024-08-15,2,1075.92,45,1,Direct
12389,663,274,2024-03-15,5,734.88,35,1,Direct
12390,640,292,2024-08-10,2,46.11,7,0,Direct
12391,940,236,2024-06-05,2,554.65,39,1,Direct
12392,531,334,2024-12-08,5,1132.35,20,0,Direct
12393,557,303,2024-10-14,5,670.63,36,0,Ads
12394,841,292,2024-02-19,4,27.55,47,1,Ads
12395,74,321,2024-03-30,4,709.43,42,0,Ads
12396,887,383,2024-01-07,3,1035.43,19,0,Direct
12397,851,393,2024-06-01,5,652.17,16,0,Email
12398,412,356,2024-07-28,4,1025.74,18,1,Direct
12399,751,326,2024-09-16,2,647.36,40,1,Email
12400,987,159,2024-05-17,3,1050.43,1,1,Ads
12401,815,120,2024-10-30,4,810.85,52,0,Social
12402,540,226,2024-09-25,4,833.88,14,0,Ads
12403,93,131,2024-03-05,3,809.06,18,0,Direct
12404,677,341,2024-01-09,5,790.59,22,0,Ads
12405,338,286,2024-03-24,2,390.14,44,1,Email
12406,705,347,2024-04-14,2,1130.51,21,0,Social
12407,831,219,2024-06-03,2,1182.07,13,1,Ads
12408,655,147,2024-08-20,5,552.4,34,0,Social
12409,630,5,2024-03-31,3,88.58,27,0,Email
12410,463,350,2024-05-21,2,724.02,5,0,Email
12411,229,76,2024-05-14,5,900.32,1,0,Ads
12412,339,123,2024-01-13,1,1101.87,25,0,Ads
12413,183,86,2024-08-03,1,941.24,41,0,Ads
12414,741,282,2024-10-04,4,486.44,12,0,Direct
12415,844,176,2024-11-26,5,394.21,16,1,Social
12416,479,327,2024-05-17,4,496.21,56,0,Direct
12417,635,255,2024-04-11,1,1148.89,53,0,Ads
12418,943,370,2024-02-11,3,172.76,12,0,Email
12419,508,258,2024-11-21,5,930.79,15,1,Ads
12420,734,268,2024-09-14,1,16.97,40,1,Direct
12421,111,292,2024-04-29,2,537.2,26,0,Direct
12422,854,222,2024-02-18,3,737.02,34,0,Direct
12423,269,308,2024-08-30,4,925.89,14,1,Ads
12424,618,169,2024-01-29,2,426.11,21,1,Direct
12425,260,91,2024-08-29,5,701.72,18,1,Social
12426,35,267,2024-11-21,2,520.73,21,0,Email
12427,819,64,2024-01-29,4,1167.54,17,0,Social
12428,730,216,2024-12-29,5,657.05,12,1,Email
12429,903,220,2024-10-07,2,147.48,43,0,Ads
12430,147,26,2024-10-01,3,61.55,39,0,Social
12431,29,368,2024-06-24,1,1093.84,57,0,Ads
12432,654,48,2024-03-23,4,1150.94,17,1,Social
12433,106,114,2024-10-07,2,1195.76,17,1,Email
12434,409,55,2024-06-16,2,645.98,37,0,Social
12435,887,268,2024-04-22,4,772.26,29,0,Ads
12436,716,106,2024-06-06,1,847.23,33,1,Email
12437,500,397,2024-01-29,4,678.63,56,1,Email
12438,547,346,2024-11-18,2,741.13,11,0,Direct
12439,653,364,2024-03-16,1,305.18,42,1,Ads
12440,28,158,2024-06-17,5,838.67,15,1,Direct
12441,957,71,2024-06-04,2,585.59,58,0,Direct
12442,12,96,2024-11-29,3,1057.18,13,0,Ads
12443,247,127,2024-02-25,5,683.26,21,1,Ads
12444,130,76,2024-12-16,3,420.07,28,1,Social
12445,932,7,2024-07-19,3,1024.19,14,0,Email
12446,930,380,2024-04-21,3,1147.11,54,0,Social
12447,858,207,2024-10-16,5,622.73,58,0,Ads
12448,870,342,2024-03-08,4,995.57,59,0,Direct
12449,338,85,2024-07-29,2,143.65,23,0,Direct
12450,249,162,2024-05-16,5,463.37,30,1,Email
12451,421,67,2024-03-19,4,1178.65,57,1,Direct
12452,846,244,2024-03-05,4,227.28,35,0,Email
12453,371,19,2024-01-14,1,142.21,41,1,Social
12454,539,200,2024-04-18,5,132.88,54,0,Email
12455,177,369,2024-08-22,3,755.79,11,1,Social
12456,648,177,2024-11-04,2,521.89,13,1,Ads
12457,439,34,2024-07-26,4,710.8,60,0,Email
12458,638,349,2024-01-27,2,1150.67,45,1,Social
12459,690,298,2024-11-04,1,529.52,47,0,Direct
12460,252,257,2024-09-28,4,432.56,31,1,Email
12461,650,174,2024-01-31,3,139.88,26,1,Email
12462,417,348,2024-02-22,2,158.93,45,1,Direct
12463,779,204,2024-10-05,2,363.41,43,1,Email
12464,819,378,2024-02-12,2,678.5,9,0,Email
12465,516,179,2024-12-17,4,513.56,32,1,Direct
12466,833,240,2024-10-16,2,638.39,60,0,Email
12467,542,295,2024-10-31,2,170.53,22,0,Email
12468,699,1,2024-02-09,1,347.98,43,0,Email
12469,710,265,2024-10-05,1,1194.1,48,1,Social
12470,575,86,2024-08-19,4,351.25,40,0,Ads
12471,298,71,2024-03-04,5,559.51,56,1,Social
12472,537,227,2024-10-09,1,432.88,13,0,Social
12473,436,57,2024-05-01,4,205.22,34,0,Email
12474,968,316,2024-11-21,1,104.23,36,1,Email
12475,914,68,2024-05-17,2,751.0,20,0,Email
12476,846,355,2024-10-04,2,975.75,28,0,Social
12477,318,196,2024-06-25,5,225.35,47,1,Ads
12478,708,209,2024-03-28,1,645.56,16,1,Social
12479,654,174,2024-02-20,5,384.45,24,0,Direct
12480,253,394,2024-05-09,2,36.16,39,1,Direct
12481,976,73,2024-05-18,5,158.46,11,0,Social
12482,239,51,2024-06-28,5,740.64,26,0,Ads
12483,676,294,2024-06-23,1,615.32,5,1,Direct
12484,401,370,2024-09-01,5,195.27,6,0,Email
12485,172,291,2024-02-07,3,420.83,10,0,Direct
12486,607,366,2024-07-14,4,898.13,42,0,Ads
12487,204,4,2024-11-16,3,907.0,22,0,Social
12488,24,237,2024-06-01,1,1105.9,47,0,Social
12489,621,34,2024-07-04,2,1134.73,54,0,Email
12490,523,396,2024-01-29,4,420.37,20,1,Ads
12491,762,76,2024-12-01,3,620.57,26,1,Ads
12492,306,327,2024-07-29,4,361.89,32,0,Social
12493,1,61,2024-04-05,2,73.1,11,0,Direct
12494,499,57,2024-09-30,4,850.42,8,1,Email
12495,486,47,2024-01-19,5,1171.69,56,0,Social
12496,791,104,2024-08-27,1,124.12,22,0,Email
12497,736,342,2024-07-15,3,1175.5,6,0,Ads
12498,449,76,2024-07-10,2,792.51,25,1,Ads
12499,693,181,2024-12-02,1,922.76,8,0,Email
12500,707,398,2024-12-18,2,496.0,19,1,Direct
12501,101,9,2024-02-02,1,852.52,46,1,Direct
12502,889,313,2024-10-11,5,605.84,3,1,Email
12503,95,92,2024-09-18,4,802.15,56,1,Ads
12504,484,66,2024-12-28,4,461.78,32,1,Ads
12505,35,171,2024-01-23,5,489.93,58,0,Ads
12506,616,154,2024-09-17,1,325.97,13,1,Direct
12507,169,166,2024-01-25,5,848.57,60,0,Email
12508,998,349,2024-05-23,2,1111.56,46,0,Email
12509,972,228,2024-08-19,2,944.97,8,1,Direct
12510,480,243,2024-07-12,1,196.7,56,0,Email
12511,606,73,2024-12-06,5,270.95,54,0,Email
12512,476,35,2024-08-26,5,880.51,30,1,Email
12513,641,84,2024-06-05,4,1074.69,14,0,Social
12514,277,167,2024-11-18,4,474.29,40,1,Email
12515,418,123,2024-09-26,4,868.23,39,1,Ads
12516,372,106,2024-03-21,1,677.9,29,0,Email
12517,377,90,2024-09-09,4,934.29,59,1,Ads
12518,336,264,2024-06-15,4,968.54,53,1,Direct
12519,604,219,2024-11-26,1,473.82,5,1,Email
12520,430,313,2024-01-21,2,523.98,12,1,Ads
12521,226,222,2024-05-25,2,347.27,48,0,Social
12522,184,330,2024-11-15,4,664.95,54,0,Direct
12523,519,225,2024-05-06,2,942.3,33,1,Direct
12524,816,341,2024-10-16,1,1092.18,36,0,Ads
12525,961,304,2024-11-23,3,69.37,34,1,Ads
12526,217,112,2024-07-27,5,413.94,15,0,Ads
12527,244,69,2024-04-19,1,469.83,17,0,Email
12528,322,253,2024-06-23,4,156.14,32,1,Social
12529,957,354,2024-04-07,2,683.85,36,1,Email
12530,285,215,2024-11-07,4,1139.55,51,1,Ads
12531,520,390,2024-05-22,3,543.28,49,1,Ads
12532,328,259,2024-04-24,1,1060.39,40,1,Direct
12533,887,3,2024-08-11,1,400.46,19,0,Direct
12534,397,397,2024-06-17,2,666.95,42,1,Social
12535,51,105,2024-11-05,2,90.12,3,1,Direct
12536,627,203,2024-05-29,5,845.31,47,1,Direct
12537,79,218,2024-04-09,3,856.41,23,1,Email
12538,362,74,2024-02-02,1,314.8,36,0,Ads
12539,520,32,2024-05-01,5,698.76,28,0,Direct
12540,12,179,2024-08-02,5,125.9,31,0,Ads
12541,852,19,2024-05-03,1,210.01,35,0,Ads
12542,397,207,2024-07-23,3,260.99,17,1,Social
12543,982,230,2024-06-14,1,146.39,3,1,Ads
12544,862,93,2024-03-01,5,1182.84,1,0,Ads
12545,903,271,2024-06-17,2,1155.17,5,0,Social
12546,461,241,2024-06-21,5,509.64,55,1,Ads
12547,880,267,2024-12-04,4,341.75,46,1,Social
12548,662,342,2024-10-04,1,546.35,8,0,Ads
12549,787,20,2024-09-05,2,49.97,5,1,Direct
12550,273,291,2024-08-21,2,1134.12,8,0,Email
12551,895,154,2024-07-05,5,510.22,18,0,Email
12552,607,182,2024-04-07,5,937.81,38,0,Ads
12553,139,139,2024-07-26,3,821.67,26,1,Ads
12554,103,117,2024-05-10,2,957.3,55,1,Ads
12555,428,308,2024-09-24,1,385.55,53,0,Direct
12556,375,381,2024-02-04,4,118.07,57,1,Ads
12557,89,365,2024-05-20,1,453.06,22,1,Email
12558,853,181,2024-05-09,2,298.09,19,1,Email
12559,751,394,2024-11-18,4,243.57,4,0,Email
12560,319,123,2024-05-03,3,691.93,19,0,Ads
12561,527,351,2024-10-29,3,51.29,32,1,Ads
12562,635,318,2024-08-31,1,1033.54,26,1,Social
12563,894,121,2024-01-25,3,1119.71,1,1,Email
12564,931,58,2024-08-04,1,613.01,5,1,Direct
12565,923,64,2024-04-09,5,1013.21,32,1,Email
12566,70,264,2024-04-04,1,588.5,57,0,Direct
12567,18,312,2024-03-25,2,807.6,52,1,Email
12568,328,274,2024-11-01,2,1057.47,35,1,Email
12569,63,104,2024-09-13,3,557.37,60,0,Email
12570,635,278,2024-03-03,5,1004.56,44,0,Direct
12571,995,378,2024-03-12,4,788.17,26,0,Social
12572,710,76,2024-10-22,5,442.72,55,1,Email
12573,102,14,2024-10-03,3,451.4,11,0,Ads
12574,680,254,2024-02-06,4,1197.75,29,1,Email
12575,868,249,2024-09-04,1,920.09,32,0,Direct
12576,304,319,2024-03-03,5,147.54,26,1,Email
12577,37,73,2024-10-12,2,1014.33,36,1,Social
12578,303,310,2024-02-17,1,697.4,1,0,Email
12579,591,77,2024-09-20,4,207.88,39,0,Email
12580,849,397,2024-06-14,3,302.5,57,1,Social
12581,419,22,2024-04-03,3,669.79,2,0,Email
12582,811,352,2024-10-18,1,104.19,14,0,Ads
12583,805,91,2024-06-07,4,267.32,54,0,Direct
12584,623,283,2024-10-04,2,1198.5,32,1,Email
12585,494,210,2024-11-17,3,356.43,1,0,Ads
12586,566,305,2024-04-01,1,593.96,15,0,Social
12587,491,62,2024-06-20,4,450.81,19,1,Email
12588,249,326,2024-12-04,3,932.91,12,1,Social
12589,248,342,2024-07-16,4,716.79,49,0,Social
12590,769,232,2024-10-18,2,1023.59,2,0,Direct
12591,945,294,2024-10-07,5,251.53,9,0,Ads
12592,217,138,2024-01-04,1,396.91,22,1,Social
12593,77,38,2024-03-26,3,658.99,58,1,Social
12594,705,153,2024-08-09,2,328.03,33,0,Email
12595,254,117,2024-05-30,1,251.82,24,0,Social
12596,533,313,2024-03-01,3,270.69,8,1,Direct
12597,37,276,2024-04-10,5,394.15,21,1,Direct
12598,480,108,2024-03-13,4,664.79,5,1,Direct
12599,649,326,2024-06-18,3,121.36,34,1,Social
12600,881,129,2024-04-21,4,411.93,40,0,Ads
12601,10,272,2024-06-19,4,770.81,43,1,Ads
12602,478,379,2024-01-28,2,1141.16,3,1,Ads
12603,906,169,2024-06-15,4,340.8,28,0,Direct
12604,467,211,2024-08-07,3,317.8,9,1,Social
12605,650,228,2024-10-16,1,17.34,38,0,Direct
12606,66,212,2024-01-14,5,303.19,3,1,Direct
12607,207,238,2024-07-22,4,1130.81,55,0,Email
12608,331,206,2024-09-09,2,498.37,12,1,Direct
12609,238,63,2024-06-20,3,261.23,59,0,Email
12610,546,266,2024-11-09,5,642.74,30,1,Ads
12611,206,321,2024-12-03,5,1061.65,47,0,Direct
12612,673,343,2024-05-17,4,273.94,40,1,Social
12613,940,304,2024-05-29,5,117.01,12,1,Email
12614,641,306,2024-01-27,5,931.33,4,1,Social
12615,908,235,2024-03-10,1,935.35,49,1,Social
12616,438,336,2024-06-18,3,37.96,5,1,Ads
12617,666,347,2024-08-08,3,315.34,24,1,Email
12618,43,359,2024-08-10,2,703.22,39,1,Email
12619,482,320,2024-07-06,2,637.75,31,0,Direct
12620,937,365,2024-11-10,4,1133.07,44,1,Email
12621,165,146,2024-09-12,3,399.77,54,1,Ads
12622,18,224,2024-02-26,5,796.48,40,1,Direct
12623,476,205,2024-02-04,3,855.44,18,0,Direct
12624,650,176,2024-09-11,1,298.44,20,1,Direct
12625,830,339,2024-12-01,5,349.64,28,0,Email
12626,263,348,2024-09-22,4,639.55,52,1,Email
12627,79,149,2024-12-01,1,822.06,47,0,Ads
12628,985,337,2024-02-22,3,182.2,40,1,Email
12629,749,391,2024-10-11,4,1082.36,8,1,Ads
12630,541,384,2024-03-04,5,500.89,45,1,Email
12631,354,345,2024-11-11,3,905.72,15,1,Ads
12632,525,331,2024-09-17,3,1028.19,58,0,Social
12633,496,265,2024-06-27,1,424.56,16,1,Direct
12634,416,146,2024-04-01,1,527.12,11,1,Social
12635,746,207,2024-10-13,2,1125.6,31,1,Social
12636,166,142,2024-11-12,5,155.33,17,0,Social
12637,571,60,2024-08-11,3,1065.01,5,1,Email
12638,467,272,2024-10-22,2,481.11,16,1,Direct
12639,902,364,2024-03-10,1,999.45,45,0,Direct
12640,398,20,2024-05-08,4,655.53,45,0,Ads
12641,954,206,2024-10-17,5,27.68,34,0,Email
12642,635,132,2024-09-22,3,641.99,49,0,Email
12643,150,143,2024-07-21,5,797.6,38,1,Social
12644,512,207,2024-03-25,2,884.63,13,0,Social
12645,67,112,2024-08-08,3,315.4,39,0,Email
12646,42,358,2024-05-04,5,550.67,30,1,Email
12647,937,281,2024-08-11,5,654.33,53,1,Direct
12648,632,36,2024-03-14,3,416.09,45,1,Ads
12649,369,204,2024-08-17,1,268.24,29,0,Email
12650,525,319,2024-05-12,1,609.8,30,1,Ads
12651,741,38,2024-11-04,3,1107.78,16,1,Email
12652,415,227,2024-03-27,4,531.05,33,0,Direct
12653,599,136,2024-08-31,3,1013.37,40,1,Email
12654,944,227,2024-10-07,3,686.31,11,1,Social
12655,250,43,2024-12-15,4,980.12,30,1,Direct
12656,104,291,2024-05-04,5,921.95,53,0,Direct
12657,318,65,2024-01-20,2,1128.52,56,0,Email
12658,936,168,2024-08-14,3,170.68,2,1,Social
12659,481,131,2024-07-15,1,766.16,46,1,Email
12660,985,207,2024-11-16,3,671.43,37,1,Direct
12661,366,307,2024-08-30,3,1197.71,14,0,Direct
12662,851,399,2024-08-21,3,300.54,51,0,Email
12663,107,293,2024-09-05,5,759.02,11,0,Direct
12664,214,365,2024-05-05,2,108.05,25,1,Email
12665,263,293,2024-07-31,3,805.1,8,0,Email
12666,724,60,2024-06-23,2,698.54,54,1,Social
12667,764,318,2024-06-05,2,909.81,46,1,Direct
12668,703,122,2024-08-17,2,418.98,52,0,Direct
12669,922,314,2024-08-01,5,166.98,19,1,Ads
12670,928,117,2024-03-02,5,584.24,48,0,Direct
12671,381,205,2024-01-06,4,1179.09,58,1,Email
12672,202,11,2024-05-12,3,971.4,32,1,Ads
12673,667,289,2024-06-17,3,18.32,36,0,Social
12674,387,258,2024-11-11,3,273.74,4,1,Social
12675,715,37,2024-10-26,4,913.23,12,1,Ads
12676,335,334,2024-08-17,2,331.49,3,0,Email
12677,488,113,2024-06-16,1,366.57,3,0,Direct
12678,539,203,2024-12-22,5,866.89,22,1,Direct
12679,337,346,2024-08-28,2,614.98,35,1,Email
12680,623,34,2024-02-01,5,608.76,49,1,Email
12681,57,310,2024-10-14,2,576.86,35,0,Email
12682,992,113,2024-03-28,3,601.83,50,1,Direct
12683,741,290,2024-04-01,3,431.79,18,0,Email
12684,632,1,2024-07-31,5,21.43,10,1,Direct
12685,865,89,2024-10-16,4,1034.69,42,1,Email
12686,956,298,2024-03-16,2,700.57,32,1,Ads
12687,254,298,2024-03-07,2,608.18,58,0,Email
12688,437,210,2024-11-28,3,677.13,1,1,Direct
12689,746,118,2024-08-11,2,897.77,38,0,Social
12690,101,393,2024-03-07,1,963.22,22,0,Direct
12691,157,281,2024-04-28,4,1014.58,10,0,Direct
12692,321,100,2024-06-08,1,16.66,43,0,Social
12693,990,70,2024-12-02,3,621.94,49,1,Email
12694,432,220,2024-05-30,4,602.76,28,1,Email
12695,560,224,2024-07-19,4,745.77,25,0,Direct
12696,695,155,2024-10-10,1,938.57,43,1,Email
12697,245,329,2024-12-31,1,554.64,9,0,Ads
12698,371,232,2024-02-24,5,689.95,19,0,Ads
12699,352,77,2024-12-29,2,272.14,58,0,Ads
12700,717,70,2024-10-26,5,1065.1,36,1,Direct
12701,599,40,2024-08-28,3,372.96,48,1,Email
12702,35,262,2024-11-15,3,314.21,28,1,Email
12703,59,350,2024-09-23,3,280.29,38,0,Ads
12704,926,202,2024-02-12,2,536.34,31,0,Email
12705,118,372,2024-01-21,3,924.0,18,0,Ads
12706,41,136,2024-10-03,3,562.73,20,0,Social
12707,48,101,2024-05-30,1,318.79,39,1,Social
12708,120,148,2024-07-20,3,1080.3,19,0,Email
12709,237,159,2024-12-06,4,315.41,38,0,Social
12710,154,367,2024-09-07,1,1198.34,30,0,Ads
12711,242,276,2024-05-24,5,752.78,58,0,Direct
12712,936,209,2024-07-24,3,765.68,7,1,Social
12713,816,222,2024-10-15,5,295.84,18,0,Social
12714,527,273,2024-10-27,5,287.33,60,1,Ads
12715,799,158,2024-09-12,4,862.15,30,0,Ads
12716,893,147,2024-02-04,5,171.95,45,1,Direct
12717,849,91,2024-06-15,4,933.77,6,0,Ads
12718,740,38,2024-02-26,5,884.37,51,0,Email
12719,122,15,2024-08-02,1,191.87,32,1,Email
12720,743,78,2024-07-03,5,524.27,17,1,Email
12721,553,302,2024-05-06,5,414.13,45,1,Social
12722,460,69,2024-08-29,1,704.64,58,0,Social
12723,215,154,2024-09-01,3,481.91,7,0,Social
12724,358,39,2024-03-07,1,706.51,45,0,Direct
12725,830,54,2024-04-20,4,638.77,11,1,Direct
12726,31,44,2024-02-22,5,821.76,29,0,Social
12727,837,69,2024-09-12,4,426.22,10,1,Ads
12728,719,216,2024-05-24,5,915.15,52,1,Ads
12729,511,153,2024-08-25,3,23.4,24,0,Email
12730,524,284,2024-08-29,2,1159.07,34,1,Direct
12731,859,377,2024-05-14,1,228.43,32,1,Direct
12732,882,189,2024-01-28,2,1010.14,59,0,Direct
12733,568,331,2024-12-11,1,513.17,7,0,Social
12734,558,333,2024-11-29,3,681.58,29,0,Social
12735,206,355,2024-06-05,5,809.14,58,1,Ads
12736,378,348,2024-11-01,4,201.43,48,1,Social
12737,42,270,2024-08-31,3,323.49,31,0,Email
12738,232,164,2024-07-22,2,863.75,48,0,Ads
12739,599,26,2024-03-14,4,803.16,42,1,Ads
12740,248,51,2024-07-27,5,88.74,25,1,Direct
12741,948,107,2024-10-01,2,1116.69,52,0,Direct
12742,735,379,2024-05-20,5,893.53,2,0,Social
12743,647,334,2024-03-13,5,635.19,32,0,Direct
12744,874,101,2024-02-04,5,440.42,52,1,Direct
12745,278,304,2024-11-21,1,411.03,45,0,Ads
12746,230,327,2024-05-06,4,857.82,24,1,Social
12747,315,383,2024-11-18,4,554.49,55,1,Email
12748,31,134,2024-06-17,5,1063.36,56,1,Ads
12749,23,192,2024-12-29,3,247.09,55,1,Social
12750,155,276,2024-10-09,3,639.68,8,1,Direct
12751,477,218,2024-11-01,3,1126.6,51,1,Social
12752,32,226,2024-09-24,4,924.39,40,1,Ads
12753,232,42,2024-08-05,5,916.49,32,0,Email
12754,843,381,2024-12-31,3,848.66,10,0,Email
12755,426,351,2024-08-20,3,1135.94,36,1,Ads
12756,478,296,2024-09-02,2,946.2,9,0,Social
12757,687,310,2024-02-16,1,529.92,35,1,Ads
12758,416,269,2024-12-08,5,244.07,41,0,Social
12759,16,95,2024-10-19,3,808.64,33,0,Direct
12760,382,132,2024-10-03,1,610.22,30,1,Social
12761,148,144,2024-05-30,4,721.45,52,1,Email
12762,147,118,2024-04-09,5,277.18,1,0,Direct
12763,369,23,2024-12-13,5,377.39,6,1,Social
12764,109,75,2024-08-01,4,1154.3,57,1,Ads
12765,963,350,2024-06-16,2,582.8,19,1,Social
12766,625,207,2024-12-10,5,217.77,8,0,Email
12767,934,364,2024-08-25,3,1102.12,8,1,Direct
12768,843,241,2024-11-03,3,180.32,2,1,Email
12769,663,145,2024-10-17,2,650.35,25,1,Ads
12770,585,158,2024-11-30,2,317.41,8,1,Ads
12771,703,142,2024-03-21,5,532.4,55,0,Ads
12772,655,276,2024-03-13,2,542.02,18,1,Social
12773,69,75,2024-02-25,4,229.04,49,0,Direct
12774,569,396,2024-07-07,5,735.47,45,1,Email
12775,775,363,2024-07-06,5,450.23,56,1,Direct
12776,553,226,2024-10-17,4,1052.09,46,1,Direct
12777,312,391,2024-02-18,2,850.79,45,1,Ads
12778,920,106,2024-01-09,5,338.31,25,1,Ads
12779,912,309,2024-04-17,4,781.54,48,0,Direct
12780,211,356,2024-06-30,4,1130.87,27,0,Email
12781,854,331,2024-06-03,3,862.17,31,0,Ads
12782,778,196,2024-12-03,2,1132.18,32,0,Direct
12783,938,118,2024-04-06,1,753.0,56,1,Social
12784,642,311,2024-07-12,5,778.41,31,1,Email
12785,935,210,2024-04-08,5,1022.49,6,0,Direct
12786,621,344,2024-05-15,3,1025.8,27,0,Ads
12787,181,303,2024-11-23,5,1070.12,50,1,Direct
12788,859,397,2024-12-08,5,102.8,53,1,Social
12789,189,249,2024-08-20,1,230.13,17,1,Direct
12790,977,39,2024-06-22,2,217.57,51,1,Social
12791,122,174,2024-04-06,4,513.58,22,1,Direct
12792,854,160,2024-11-13,5,846.31,25,1,Email
12793,281,62,2024-03-24,2,1090.34,37,1,Social
12794,309,298,2024-01-15,4,981.54,47,1,Ads
12795,427,298,2024-09-20,5,997.26,6,1,Social
12796,19,91,2024-03-16,3,914.57,16,1,Ads
12797,147,38,2024-05-10,1,92.25,19,0,Social
12798,782,338,2024-11-14,4,863.54,58,0,Direct
12799,877,292,2024-11-01,4,1004.76,29,1,Social
12800,83,16,2024-12-06,1,964.22,15,1,Direct
12801,753,234,2024-09-18,4,926.76,33,0,Direct
12802,33,180,2024-04-22,4,417.79,53,1,Ads
12803,982,46,2024-03-26,3,931.98,35,1,Ads
12804,481,159,2024-10-25,5,555.25,46,1,Ads
12805,574,256,2024-01-03,3,1147.77,1,0,Email
12806,492,130,2024-08-06,1,361.87,14,0,Social
12807,530,232,2024-06-21,3,327.52,1,1,Email
12808,160,132,2024-07-03,3,218.25,60,1,Ads
12809,425,146,2024-12-22,5,1055.68,13,1,Social
12810,700,104,2024-05-19,5,140.34,45,0,Social
12811,29,104,2024-02-02,5,949.53,17,1,Social
12812,775,302,2024-06-06,2,168.62,28,0,Email
12813,980,268,2024-03-11,3,1019.32,29,1,Social
12814,237,216,2024-04-17,5,15.81,5,1,Direct
12815,993,36,2024-02-04,4,738.77,31,0,Social
12816,869,150,2024-08-14,1,454.81,57,0,Social
12817,493,227,2024-03-06,4,913.67,20,1,Ads
12818,360,142,2024-03-28,2,503.6,39,0,Ads
12819,836,270,2024-12-21,1,233.83,12,0,Email
12820,310,396,2024-03-15,1,115.82,41,0,Social
12821,649,157,2024-07-08,4,567.41,45,0,Ads
12822,428,219,2024-09-21,4,158.32,11,0,Direct
12823,513,391,2024-07-18,5,538.13,8,0,Email
12824,275,31,2024-05-19,3,226.05,15,1,Direct
12825,465,306,2024-04-28,5,462.05,36,1,Ads
12826,389,354,2024-08-09,5,1075.07,19,1,Email
12827,177,168,2024-02-22,2,571.5,3,1,Direct
12828,423,235,2024-05-24,1,350.68,53,1,Email
12829,331,221,2024-03-16,5,166.63,30,1,Social
12830,590,227,2024-02-06,5,131.37,4,0,Social
12831,858,220,2024-03-27,5,436.81,29,0,Ads
12832,438,106,2024-12-17,4,1192.83,12,1,Ads
12833,406,370,2024-11-14,5,1038.46,20,1,Direct
12834,670,358,2024-06-02,1,1116.7,35,0,Ads
12835,656,137,2024-01-26,4,370.58,57,1,Social
12836,21,66,2024-12-08,4,550.31,13,0,Direct
12837,578,135,2024-12-13,3,934.45,46,0,Direct
12838,455,259,2024-06-18,3,424.09,51,1,Email
12839,362,36,2024-07-03,4,17.65,7,1,Email
12840,363,141,2024-08-20,5,315.72,6,1,Social
12841,983,246,2024-10-13,5,209.73,52,1,Email
12842,981,236,2024-04-03,1,107.84,59,0,Direct
12843,693,150,2024-02-02,5,362.09,46,1,Email
12844,697,250,2024-10-12,5,954.91,25,1,Direct
12845,843,55,2024-07-26,2,526.38,45,0,Ads
12846,773,173,2024-08-24,4,368.77,37,0,Email
12847,199,394,2024-05-10,5,252.68,30,1,Direct
12848,242,310,2024-09-20,3,568.21,56,0,Ads
12849,359,298,2024-10-07,2,402.15,51,1,Social
12850,304,394,2024-09-26,2,649.15,5,0,Direct
12851,13,175,2024-03-26,3,1060.74,1,0,Direct
12852,112,46,2024-05-27,5,881.39,20,1,Direct
12853,856,331,2024-08-21,4,757.56,13,1,Email
12854,11,219,2024-04-29,2,318.92,50,1,Social
12855,382,338,2024-04-25,3,1138.37,47,0,Social
12856,440,15,2024-10-17,5,301.17,33,1,Direct
12857,590,355,2024-02-23,2,455.77,49,1,Email
12858,116,47,2024-04-13,5,465.98,54,1,Email
12859,794,368,2024-03-08,2,499.71,3,0,Ads
12860,696,165,2024-05-15,3,280.29,27,1,Email
12861,716,292,2024-02-24,5,891.9,29,0,Email
12862,318,76,2024-07-31,1,548.34,27,0,Email
12863,124,61,2024-01-13,1,424.89,29,1,Email
12864,208,136,2024-11-30,1,750.19,10,0,Email
12865,193,256,2024-10-12,2,1103.99,15,0,Social
12866,518,257,2024-10-23,5,483.02,48,0,Direct
12867,419,233,2024-10-03,1,434.39,33,1,Ads
12868,909,237,2024-12-23,4,294.9,15,0,Social
12869,237,7,2024-12-16,1,685.97,5,0,Email
12870,331,251,2024-08-06,1,253.6,52,1,Social
12871,541,2,2024-01-31,3,38.34,2,0,Email
12872,887,282,2024-07-15,3,1083.57,2,0,Direct
12873,291,29,2024-10-05,1,642.23,6,1,Ads
12874,55,381,2024-06-03,3,657.5,32,1,Direct
12875,635,191,2024-11-20,3,95.86,23,1,Email
12876,202,126,2024-08-20,4,219.09,44,1,Email
12877,166,94,2024-09-20,2,94.72,36,0,Email
12878,719,122,2024-08-20,1,949.14,21,1,Social
12879,702,173,2024-06-18,4,442.85,44,0,Email
12880,263,320,2024-04-11,3,259.59,20,1,Ads
12881,85,391,2024-01-20,3,838.16,42,1,Social
12882,24,99,2024-01-31,3,762.54,54,1,Direct
12883,504,172,2024-01-17,3,1187.69,58,1,Direct
12884,998,176,2024-08-13,1,481.44,53,1,Email
12885,882,394,2024-09-13,3,80.59,32,1,Ads
12886,357,360,2024-06-01,2,898.44,30,0,Social
12887,516,371,2024-01-06,4,349.46,2,1,Ads
12888,317,85,2024-12-12,3,844.33,30,0,Email
12889,938,226,2024-10-06,2,105.68,29,0,Social
12890,752,34,2024-09-05,4,651.9,28,1,Ads
12891,832,304,2024-11-05,4,59.63,29,0,Social
12892,244,156,2024-08-17,3,576.68,43,0,Direct
12893,244,80,2024-10-10,2,1102.67,12,0,Direct
12894,914,326,2024-05-12,1,397.46,26,1,Social
12895,666,129,2024-02-12,3,114.7,27,0,Social
12896,672,399,2024-03-03,4,1143.2,43,0,Ads
12897,489,128,2024-08-19,4,338.92,21,1,Social
12898,354,357,2024-06-08,3,778.61,12,1,Direct
12899,15,84,2024-10-25,5,109.44,54,0,Direct
12900,164,216,2024-03-30,1,1008.3,53,1,Direct
12901,451,391,2024-04-28,4,205.89,41,1,Email
12902,326,159,2024-08-21,2,607.0,28,0,Ads
12903,368,311,2024-01-30,5,897.76,30,1,Email
12904,460,77,2024-08-09,3,920.51,60,1,Social
12905,782,215,2024-11-24,4,1044.97,29,0,Direct
12906,337,168,2024-06-02,5,322.96,50,1,Email
12907,390,72,2024-07-02,3,164.44,52,0,Email
12908,887,326,2024-02-05,3,582.43,49,1,Social
12909,841,87,2024-05-12,2,108.0,10,1,Social
12910,309,57,2024-08-08,2,475.31,19,1,Email
12911,336,388,2024-11-06,2,481.13,18,1,Social
12912,628,166,2024-08-27,3,59.54,46,1,Direct
12913,142,177,2024-03-30,1,27.81,41,0,Email
12914,148,24,2024-10-31,4,202.17,12,1,Email
12915,536,140,2024-12-13,4,213.24,9,1,Direct
12916,702,245,2024-06-17,1,534.71,37,0,Ads
12917,640,187,2024-09-05,3,180.89,21,0,Social
12918,313,196,2024-07-23,2,416.06,40,1,Email
12919,230,349,2024-04-29,4,476.94,38,1,Direct
12920,384,355,2024-09-09,2,530.4,27,1,Ads
12921,324,315,2024-02-16,1,1121.61,8,0,Email
12922,637,249,2024-04-25,4,827.01,47,0,Email
12923,498,246,2024-11-25,3,774.79,50,0,Ads
12924,149,220,2024-05-26,2,300.21,15,1,Direct
12925,489,162,2024-12-30,5,902.69,30,0,Email
12926,64,299,2024-01-01,3,1086.81,25,0,Ads
12927,497,49,2024-01-22,3,380.41,7,0,Direct
12928,994,355,2024-08-10,4,1065.94,9,0,Direct
12929,672,165,2024-08-01,1,697.93,14,1,Direct
12930,536,7,2024-01-24,2,1108.62,17,1,Ads
12931,118,70,2024-10-21,3,292.1,4,1,Social
12932,625,144,2024-07-31,2,1066.13,2,0,Ads
12933,863,147,2024-09-18,5,243.59,42,1,Social
12934,493,370,2024-03-08,5,480.04,34,1,Email
12935,845,183,2024-02-11,5,737.91,31,0,Direct
12936,457,79,2024-12-30,4,1131.71,10,1,Social
12937,126,77,2024-01-12,3,891.86,15,0,Social
12938,925,398,2024-02-07,2,850.3,36,1,Direct
12939,126,126,2024-04-01,4,40.12,6,1,Direct
12940,753,282,2024-03-04,4,344.03,6,1,Direct
12941,288,320,2024-11-27,4,430.98,56,1,Social
12942,559,184,2024-03-22,1,206.11,58,0,Email
12943,406,201,2024-11-26,5,869.71,45,1,Direct
12944,717,69,2024-05-24,1,290.83,59,0,Direct
12945,171,46,2024-07-29,5,115.67,34,0,Email
12946,897,106,2024-07-20,3,681.95,16,1,Email
12947,90,202,2024-04-19,2,762.8,41,0,Ads
12948,616,348,2024-04-27,1,313.16,44,0,Direct
12949,221,133,2024-11-27,1,731.78,60,1,Social
12950,335,309,2024-04-14,2,305.14,38,1,Direct
12951,827,200,2024-01-29,4,543.75,5,0,Direct
12952,922,222,2024-03-23,3,406.2,1,1,Ads
12953,437,262,2024-08-16,3,503.36,26,0,Social
12954,533,203,2024-10-28,5,996.92,57,0,Social
12955,456,356,2024-05-10,5,16.09,58,1,Social
12956,620,370,2024-01-31,1,327.83,33,0,Ads
12957,837,356,2024-02-17,2,64.33,14,0,Ads
12958,824,384,2024-09-26,3,1066.28,4,1,Direct
12959,323,106,2024-11-24,2,544.11,39,1,Social
12960,703,22,2024-09-11,2,290.32,34,1,Direct
12961,699,312,2024-12-08,2,862.36,59,1,Direct
12962,899,2,2024-09-24,5,1055.62,50,0,Direct
12963,731,47,2024-03-07,4,1154.58,1,1,Direct
12964,799,302,2024-05-31,4,607.52,54,1,Direct
12965,361,325,2024-01-23,1,1030.53,45,1,Social
12966,311,57,2024-09-25,1,261.61,46,0,Ads
12967,806,358,2024-10-17,5,441.69,53,1,Direct
12968,867,309,2024-07-01,5,631.55,4,0,Email
12969,579,156,2024-11-19,3,485.99,11,1,Direct
12970,950,334,2024-11-15,1,585.5,2,1,Social
12971,112,260,2024-12-18,4,1060.54,45,1,Email
12972,211,70,2024-07-10,1,376.82,1,0,Email
12973,328,196,2024-05-01,4,355.35,6,1,Direct
12974,235,137,2024-01-07,1,967.96,30,0,Social
12975,614,65,2024-02-24,1,483.59,13,0,Ads
12976,723,228,2024-05-23,4,490.19,45,0,Ads
12977,58,190,2024-04-22,1,998.97,27,1,Ads
12978,462,16,2024-03-11,5,781.68,55,1,Direct
12979,965,251,2024-02-15,1,401.1,30,1,Ads
12980,447,40,2024-05-07,5,117.32,16,1,Social
12981,9,208,2024-08-15,3,522.95,55,1,Direct
12982,793,164,2024-09-14,5,68.05,32,0,Direct
12983,191,235,2024-05-19,3,695.51,56,1,Email
12984,310,249,2024-04-26,5,126.14,2,0,Direct
12985,536,110,2024-08-11,5,1033.33,39,1,Email
12986,752,292,2024-02-09,1,828.46,55,1,Email
12987,105,389,2024-07-29,4,860.11,16,1,Direct
12988,120,346,2024-04-16,3,373.02,21,0,Social
12989,17,297,2024-05-16,3,1097.41,32,0,Direct
12990,933,90,2024-01-13,2,54.82,13,1,Email
12991,620,388,2024-03-28,2,734.0,32,1,Email
12992,544,134,2024-04-09,3,1151.14,28,0,Ads
12993,730,2,2024-04-10,1,569.74,7,1,Direct
12994,408,330,2024-04-04,1,981.21,32,1,Ads
12995,967,337,2024-07-10,5,1127.97,1,1,Ads
12996,10,299,2024-05-05,1,1160.69,56,1,Direct
12997,783,116,2024-01-05,3,1062.81,1,0,Email
12998,728,135,2024-11-25,1,746.75,22,0,Direct
12999,292,328,2024-03-17,2,1003.52,41,0,Ads
13000,796,137,2024-05-05,4,89.41,23,1,Social
13001,554,109,2024-09-05,5,674.53,34,1,Direct
13002,831,340,2024-12-09,4,487.93,21,0,Ads
13003,631,290,2024-07-27,2,717.84,12,0,Ads
13004,787,193,2024-04-19,3,291.16,46,1,Email
13005,826,191,2024-05-10,4,484.33,24,0,Direct
13006,801,363,2024-10-13,4,585.86,55,1,Social
13007,575,266,2024-02-25,5,698.47,22,1,Social
13008,776,323,2024-11-19,1,1189.58,10,0,Ads
13009,257,72,2024-08-28,1,24.02,7,0,Email
13010,410,46,2024-12-29,1,513.1,20,1,Ads
13011,597,298,2024-02-08,5,689.56,30,1,Social
13012,784,360,2024-07-29,1,155.82,7,1,Email
13013,454,291,2024-12-29,1,1010.61,37,1,Email
13014,931,167,2024-12-12,2,134.49,49,1,Ads
13015,235,333,2024-10-16,3,81.61,47,1,Direct
13016,279,265,2024-09-26,5,975.31,44,0,Direct
13017,96,256,2024-07-26,3,402.64,55,0,Social
13018,387,300,2024-09-03,2,1093.44,56,0,Email
13019,984,288,2024-11-17,3,67.34,38,0,Ads
13020,702,310,2024-12-10,2,287.97,49,0,Direct
13021,727,196,2024-03-19,1,1055.74,59,0,Ads
13022,348,118,2024-12-10,5,519.57,22,0,Ads
13023,234,284,2024-07-27,3,311.08,28,1,Ads
13024,50,347,2024-10-23,2,1171.29,40,0,Direct
13025,948,190,2024-05-17,5,452.89,48,0,Ads
13026,82,289,2024-09-21,5,1193.99,57,0,Social
13027,630,301,2024-05-09,4,1044.13,11,0,Ads
13028,706,16,2024-01-15,1,649.42,37,0,Social
13029,945,169,2024-06-22,1,175.48,28,1,Social
13030,866,11,2024-07-20,1,1041.56,32,1,Direct
13031,64,44,2024-10-26,3,381.72,58,1,Direct
13032,360,287,2024-08-11,1,637.39,17,0,Social
13033,870,3,2024-04-09,2,1141.48,20,1,Ads
13034,739,49,2024-07-31,3,742.18,30,1,Ads
13035,351,358,2024-09-20,1,512.92,57,1,Email
13036,506,207,2024-02-20,5,1075.44,38,0,Direct
13037,832,74,2024-02-13,1,442.68,53,0,Ads
13038,300,113,2024-10-18,4,614.28,12,0,Social
13039,830,43,2024-12-10,1,140.24,55,0,Direct
13040,876,182,2024-07-17,1,945.93,7,0,Ads
13041,948,196,2024-09-25,2,483.29,31,1,Social
13042,502,254,2024-12-23,1,469.63,40,0,Ads
13043,36,395,2024-10-05,3,242.04,32,0,Email
13044,572,165,2024-06-15,4,80.57,54,1,Social
13045,147,377,2024-03-31,3,151.01,27,0,Social
13046,530,400,2024-08-20,4,653.97,3,1,Email
13047,665,89,2024-02-27,1,264.17,55,1,Direct
13048,444,180,2024-11-13,2,300.01,17,1,Email
13049,127,249,2024-12-01,4,679.93,26,1,Social
13050,407,30,2024-05-03,2,18.03,29,1,Email
13051,816,3,2024-04-04,2,1016.64,40,0,Email
13052,367,167,2024-03-18,5,1003.38,42,0,Ads
13053,961,94,2024-02-03,5,487.08,3,0,Email
13054,230,396,2024-02-25,2,658.36,15,0,Email
13055,360,199,2024-11-22,3,295.82,40,1,Direct
13056,652,374,2024-06-26,5,925.2,26,0,Ads
13057,792,215,2024-06-28,5,127.19,33,0,Social
13058,21,61,2024-08-21,5,589.58,19,0,Email
13059,295,350,2024-02-28,2,354.72,28,0,Email
13060,107,21,2024-01-05,5,873.24,31,1,Email
13061,716,60,2024-12-21,3,31.02,39,0,Email
13062,377,147,2024-08-12,5,343.36,57,0,Direct
13063,603,260,2024-05-08,5,755.31,8,1,Ads
13064,976,392,2024-06-15,4,690.97,25,0,Email
13065,551,128,2024-10-14,5,566.9,7,1,Ads
13066,762,383,2024-04-01,4,22.99,14,1,Direct
13067,155,309,2024-03-22,5,1191.8,17,1,Social
13068,317,360,2024-10-18,5,529.35,4,1,Direct
13069,129,280,2024-01-16,3,764.15,18,0,Direct
13070,47,235,2024-10-07,3,279.23,43,1,Email
13071,725,272,2024-09-22,2,21.91,12,0,Email
13072,147,225,2024-10-01,3,248.3,41,0,Direct
13073,865,214,2024-06-08,4,920.71,10,0,Email
13074,3,269,2024-05-10,1,730.8,18,0,Ads
13075,966,31,2024-03-16,2,204.42,8,1,Social
13076,453,96,2024-09-18,5,612.47,21,0,Email
13077,272,384,2024-01-29,5,863.58,6,1,Social
13078,494,362,2024-11-12,4,255.58,11,1,Direct
13079,65,383,2024-07-19,1,507.24,42,0,Direct
13080,780,211,2024-11-25,1,211.83,59,0,Email
13081,140,244,2024-04-11,3,949.3,31,0,Social
13082,480,333,2024-03-03,2,242.16,27,1,Social
13083,838,172,2024-02-11,2,1185.02,57,1,Email
13084,721,285,2024-04-26,2,21.74,46,1,Social
13085,705,139,2024-04-20,4,665.13,28,0,Email
13086,398,5,2024-09-29,1,789.22,34,0,Social
13087,673,354,2024-04-06,1,537.43,51,1,Social
13088,604,46,2024-07-06,4,631.4,44,1,Direct
13089,724,13,2024-08-23,2,818.58,32,0,Ads
13090,627,124,2024-12-15,4,681.48,15,1,Email
13091,418,159,2024-04-17,2,1189.38,44,0,Direct
13092,797,331,2024-06-02,1,1115.04,38,1,Ads
13093,369,42,2024-09-26,2,126.87,22,1,Email
13094,510,26,2024-05-09,3,820.61,11,0,Ads
13095,629,7,2024-08-19,5,1025.73,27,0,Ads
13096,794,11,2024-07-25,3,898.23,29,1,Ads
13097,591,229,2024-08-16,3,1171.47,14,0,Social
13098,33,117,2024-10-31,3,20.76,46,0,Ads
13099,786,375,2024-02-18,2,675.13,41,0,Social
13100,231,239,2024-04-06,3,454.2,44,0,Ads
13101,659,375,2024-04-13,3,58.99,18,0,Social
13102,650,5,2024-02-02,5,354.92,49,1,Ads
13103,87,48,2024-09-30,2,820.79,1,1,Ads
13104,653,22,2024-06-14,4,1165.3,15,0,Direct
13105,884,82,2024-06-01,3,306.27,23,1,Email
13106,738,160,2024-09-07,3,568.73,53,1,Social
13107,286,111,2024-12-08,5,338.3,40,1,Social
13108,568,125,2024-05-30,1,605.12,53,1,Ads
13109,262,150,2024-01-02,4,1035.49,27,0,Ads
13110,62,184,2024-07-16,4,448.22,36,0,Email
13111,334,15,2024-03-16,1,246.6,29,1,Social
13112,986,80,2024-05-18,2,1116.22,58,0,Social
13113,645,138,2024-11-19,2,126.29,43,1,Social
13114,567,107,2024-04-24,1,513.52,45,0,Direct
13115,811,331,2024-12-26,3,969.17,48,0,Email
13116,760,357,2024-02-12,4,303.13,16,0,Ads
13117,976,146,2024-10-02,2,893.5,10,1,Direct
13118,429,201,2024-04-29,1,1014.77,39,0,Ads
13119,491,73,2024-07-19,4,252.48,28,0,Direct
13120,873,345,2024-01-09,1,776.76,49,1,Email
13121,763,8,2024-06-24,5,589.33,9,0,Email
13122,692,393,2024-03-14,3,190.76,41,1,Ads
13123,986,31,2024-09-09,3,790.78,17,0,Social
13124,856,361,2024-05-21,1,529.14,24,0,Direct
13125,889,220,2024-09-27,1,527.11,49,0,Ads
13126,989,120,2024-08-27,5,189.7,12,1,Direct
13127,9,219,2024-03-23,1,225.61,9,0,Ads
13128,483,227,2024-12-01,2,376.27,57,1,Direct
13129,440,101,2024-05-26,3,457.4,38,1,Ads
13130,242,336,2024-04-05,3,485.92,54,1,Ads
13131,572,21,2024-03-26,1,227.12,51,0,Direct
13132,966,148,2024-03-24,3,778.71,56,1,Ads
13133,701,171,2024-09-09,1,1071.95,14,0,Direct
13134,893,24,2024-04-26,1,1023.37,22,0,Social
13135,109,46,2024-01-19,3,1087.91,43,1,Social
13136,348,374,2024-06-21,2,910.97,40,1,Email
13137,520,21,2024-08-24,2,670.46,57,0,Social
13138,928,28,2024-09-12,3,350.94,40,1,Social
13139,745,245,2024-11-24,2,1045.38,60,1,Social
13140,815,133,2024-08-20,5,778.65,25,1,Email
13141,616,36,2024-10-26,5,610.95,12,0,Social
13142,675,383,2024-02-03,4,743.77,43,1,Ads
13143,942,240,2024-06-09,1,751.95,2,1,Direct
13144,283,231,2024-05-19,2,364.88,43,0,Email
13145,685,350,2024-08-05,2,1137.96,56,0,Social
13146,859,311,2024-01-19,5,974.79,39,0,Social
13147,943,89,2024-04-22,2,229.75,12,0,Social
13148,930,348,2024-11-15,3,385.19,47,1,Social
13149,503,302,2024-03-09,4,271.7,8,0,Ads
13150,36,380,2024-07-04,2,428.74,5,1,Social
13151,298,231,2024-03-23,2,147.5,32,1,Direct
13152,238,253,2024-12-07,1,623.6,58,0,Email
13153,848,100,2024-06-04,2,476.68,23,0,Ads
13154,724,290,2024-07-28,4,944.84,32,0,Social
13155,360,302,2024-02-01,1,499.21,45,0,Email
13156,802,187,2024-11-01,1,768.79,22,1,Ads
13157,64,94,2024-09-17,1,1129.39,51,0,Social
13158,827,357,2024-03-13,2,1066.79,53,1,Email
13159,641,276,2024-12-10,5,832.56,46,0,Email
13160,800,192,2024-07-29,3,596.44,33,0,Ads
13161,356,234,2024-05-12,2,654.23,42,0,Ads
13162,767,211,2024-10-17,5,538.43,30,0,Email
13163,774,69,2024-05-09,2,862.61,44,0,Social
13164,808,45,2024-09-24,3,995.76,25,0,Social
13165,975,323,2024-10-07,3,485.76,60,0,Social
13166,147,321,2024-05-01,3,924.92,20,0,Direct
13167,91,183,2024-02-12,4,893.7,5,1,Email
13168,490,61,2024-05-30,2,805.68,48,0,Direct
13169,606,31,2024-08-09,2,913.4,42,1,Direct
13170,555,311,2024-07-26,3,523.7,42,1,Social
13171,614,115,2024-05-25,4,250.03,49,1,Email
13172,544,178,2024-06-01,4,63.66,6,1,Email
13173,3,351,2024-01-22,3,668.28,6,1,Social
13174,873,367,2024-06-29,3,566.26,43,0,Ads
13175,201,163,2024-10-22,5,629.04,56,1,Email
13176,377,143,2024-11-18,1,15.68,42,0,Social
13177,248,377,2024-06-06,1,929.63,24,0,Ads
13178,773,25,2024-06-24,5,108.59,33,1,Ads
13179,76,33,2024-04-20,3,450.93,24,0,Email
13180,578,62,2024-08-23,5,1019.33,24,1,Email
13181,821,64,2024-09-13,5,248.01,33,1,Email
13182,500,144,2024-07-06,3,812.62,9,1,Social
13183,513,124,2024-01-27,2,777.03,39,1,Social
13184,114,307,2024-02-17,2,497.41,10,0,Direct
13185,160,296,2024-01-09,4,658.69,26,0,Ads
13186,655,276,2024-03-13,3,864.58,60,1,Ads
13187,48,293,2024-05-15,2,279.15,43,0,Ads
13188,487,183,2024-02-03,2,104.5,7,0,Ads
13189,572,189,2024-08-02,4,273.98,6,0,Direct
13190,7,235,2024-10-18,2,733.16,52,1,Ads
13191,465,260,2024-11-13,2,831.43,44,1,Direct
13192,523,96,2024-02-13,5,240.62,43,0,Social
13193,651,195,2024-04-06,3,715.21,52,1,Ads
13194,671,69,2024-04-26,3,501.53,28,1,Email
13195,934,248,2024-12-13,3,660.86,13,0,Direct
13196,861,242,2024-09-15,2,976.66,42,1,Ads
13197,256,385,2024-12-01,5,978.54,28,0,Social
13198,648,14,2024-03-23,3,801.16,4,1,Ads
13199,776,67,2024-06-21,3,219.32,21,1,Direct
13200,601,227,2024-08-15,2,386.33,30,0,Direct
13201,189,3,2024-08-30,1,145.22,60,1,Social
13202,989,201,2024-04-23,1,307.63,16,0,Direct
13203,731,107,2024-12-29,3,223.98,4,1,Ads
13204,841,188,2024-06-08,1,563.69,12,1,Direct
13205,88,159,2024-08-03,5,55.3,55,0,Social
13206,840,192,2024-10-08,1,884.8,28,0,Ads
13207,510,279,2024-10-25,2,144.65,23,1,Email
13208,914,226,2024-01-12,3,662.5,30,1,Ads
13209,189,193,2024-12-20,3,953.81,8,0,Ads
13210,577,146,2024-05-24,4,500.32,18,1,Email
13211,612,328,2024-08-22,2,886.78,20,0,Direct
13212,177,371,2024-02-22,1,938.35,40,0,Direct
13213,890,59,2024-07-06,2,376.1,10,0,Ads
13214,509,217,2024-07-13,5,325.32,50,1,Direct
13215,672,63,2024-05-26,5,1172.92,36,0,Ads
13216,886,132,2024-03-20,1,544.73,36,1,Social
13217,189,117,2024-09-26,5,1009.78,5,1,Social
13218,898,326,2024-11-24,1,1171.21,39,1,Direct
13219,179,234,2024-12-16,3,1062.64,15,1,Direct
13220,181,37,2024-04-06,1,247.78,12,0,Direct
13221,733,318,2024-09-17,3,1183.6,12,0,Direct
13222,351,14,2024-09-30,4,546.61,45,1,Ads
13223,513,341,2024-06-18,5,1116.32,32,1,Direct
13224,356,300,2024-01-30,4,306.4,53,1,Ads
13225,209,144,2024-07-18,5,205.27,48,0,Direct
13226,176,22,2024-12-31,4,1068.09,51,1,Ads
13227,221,381,2024-10-02,4,874.28,60,0,Email
13228,590,72,2024-05-29,1,147.89,59,1,Ads
13229,623,201,2024-08-03,1,814.39,5,0,Direct
13230,343,68,2024-01-09,1,1001.7,7,1,Direct
13231,321,13,2024-09-24,1,990.16,17,1,Ads
13232,481,260,2024-03-26,5,909.16,20,0,Email
13233,152,54,2024-08-29,5,585.32,52,0,Email
13234,691,372,2024-11-09,3,351.82,57,0,Social
13235,196,383,2024-06-04,1,222.2,18,0,Direct
13236,269,313,2024-09-13,4,593.05,41,1,Direct
13237,738,10,2024-03-11,5,303.08,35,0,Ads
13238,996,231,2024-03-20,5,391.21,19,0,Ads
13239,104,186,2024-12-07,3,798.86,2,0,Email
13240,152,273,2024-11-19,2,288.83,28,0,Ads
13241,619,329,2024-10-16,5,884.42,56,1,Email
13242,256,220,2024-08-22,1,946.5,57,1,Social
13243,251,103,2024-03-15,1,761.64,18,0,Direct
13244,677,131,2024-09-13,1,576.77,59,1,Direct
13245,818,343,2024-08-06,4,798.52,43,1,Social
13246,33,175,2024-02-21,3,248.02,1,0,Ads
13247,493,132,2024-06-22,2,480.23,50,0,Email
13248,871,60,2024-07-25,1,1014.21,45,1,Social
13249,855,130,2024-01-01,4,155.14,41,1,Email
13250,72,137,2024-06-01,1,782.41,44,0,Direct
13251,410,58,2024-11-24,4,140.5,28,1,Direct
13252,829,82,2024-12-19,5,574.37,12,0,Email
13253,718,259,2024-05-20,2,545.68,56,1,Ads
13254,972,274,2024-11-02,1,778.28,29,0,Direct
13255,113,328,2024-09-12,4,531.99,55,1,Email
13256,4,320,2024-11-09,3,187.88,52,1,Direct
13257,185,278,2024-03-15,3,1197.16,51,0,Social
13258,72,305,2024-03-28,5,587.8,22,0,Social
13259,915,229,2024-04-24,4,143.03,43,1,Direct
13260,273,11,2024-02-27,2,650.62,17,1,Social
13261,339,43,2024-02-08,5,1088.15,14,1,Direct
13262,177,148,2024-08-23,1,785.76,25,1,Direct
13263,441,253,2024-12-22,2,1010.2,51,0,Email
13264,730,205,2024-02-09,3,1060.97,17,0,Direct
13265,924,224,2024-05-08,1,424.27,15,0,Social
13266,589,290,2024-12-17,4,57.33,11,0,Ads
13267,923,53,2024-05-13,2,960.8,28,0,Email
13268,800,63,2024-07-05,5,1138.43,14,1,Ads
13269,218,180,2024-01-14,5,330.75,55,0,Ads
13270,406,92,2024-05-06,5,881.86,50,0,Direct
13271,635,167,2024-09-23,4,1143.07,50,0,Social
13272,111,116,2024-07-13,1,783.83,26,0,Email
13273,961,194,2024-06-18,2,851.92,3,1,Email
13274,841,342,2024-06-20,2,723.53,59,0,Direct
13275,859,30,2024-11-25,1,580.86,41,1,Direct
13276,277,59,2024-01-21,5,429.64,60,1,Email
13277,640,366,2024-12-17,4,72.89,31,0,Email
13278,92,43,2024-07-29,4,149.44,38,1,Social
13279,420,123,2024-10-15,3,693.89,60,1,Ads
13280,663,192,2024-08-24,4,27.06,19,0,Email
13281,481,150,2024-01-01,1,142.17,27,1,Social
13282,844,318,2024-06-20,4,664.77,51,0,Social
13283,759,115,2024-10-06,4,1085.8,33,1,Social
13284,436,274,2024-08-09,4,1123.53,37,0,Social
13285,58,46,2024-07-10,3,257.61,31,1,Ads
13286,465,150,2024-08-08,5,861.66,53,0,Social
13287,232,77,2024-04-21,5,1057.16,54,0,Ads
13288,164,143,2024-09-22,1,847.61,24,1,Email
13289,345,13,2024-07-26,4,591.66,53,0,Direct
13290,886,119,2024-09-21,4,123.95,51,1,Social
13291,81,205,2024-02-01,3,16.82,53,0,Direct
13292,935,80,2024-12-17,5,1061.15,26,1,Social
13293,195,392,2024-02-04,2,242.32,53,0,Ads
13294,372,360,2024-09-11,3,851.59,60,1,Email
13295,444,189,2024-09-12,1,1174.75,46,0,Social
13296,903,392,2024-07-12,5,229.84,22,0,Ads
13297,557,375,2024-08-29,1,305.46,39,1,Direct
13298,476,96,2024-03-17,1,1192.45,48,0,Social
13299,769,248,2024-02-18,1,508.36,13,0,Social
13300,110,164,2024-01-05,5,317.41,34,0,Direct
13301,4,322,2024-03-31,1,1100.4,51,0,Direct
13302,743,287,2024-03-10,4,369.18,24,1,Direct
13303,291,125,2024-06-03,4,659.58,20,0,Direct
13304,745,214,2024-03-17,5,568.53,43,1,Social
13305,321,348,2024-02-17,2,798.12,34,1,Social
13306,613,87,2024-01-01,5,1096.11,2,0,Direct
13307,196,346,2024-11-22,4,373.59,10,0,Direct
13308,862,229,2024-10-31,3,17.82,38,1,Direct
13309,388,293,2024-06-29,4,1065.84,30,0,Email
13310,985,151,2024-02-15,2,894.47,48,1,Direct
13311,540,293,2024-12-23,1,885.42,47,0,Email
13312,615,324,2024-09-17,4,151.34,44,1,Direct
13313,591,346,2024-09-22,2,136.68,20,1,Social
13314,3,59,2024-10-23,1,287.68,58,1,Social
13315,644,8,2024-07-05,3,483.15,24,1,Social
13316,411,192,2024-10-21,5,353.13,14,1,Ads
13317,68,292,2024-09-11,4,304.4,29,0,Social
13318,221,21,2024-03-11,3,666.16,22,0,Email
13319,597,193,2024-04-27,1,299.53,50,1,Ads
13320,799,114,2024-06-17,5,1065.97,5,0,Ads
13321,153,292,2024-01-14,3,1181.05,30,1,Social
13322,376,200,2024-08-30,1,1068.89,56,1,Ads
13323,970,278,2024-01-04,4,491.48,57,0,Email
13324,362,131,2024-12-21,1,825.17,59,1,Ads
13325,753,165,2024-11-02,1,821.77,19,0,Direct
13326,981,87,2024-01-01,1,915.85,18,0,Ads
13327,735,41,2024-12-03,1,75.25,5,0,Email
13328,323,360,2024-04-21,4,1142.59,56,1,Ads
13329,491,300,2024-06-29,4,241.5,22,1,Direct
13330,953,56,2024-04-11,5,29.12,60,1,Email
13331,727,300,2024-05-19,3,677.86,54,0,Social
13332,120,394,2024-05-30,3,876.46,55,1,Email
13333,603,50,2024-02-25,4,1049.87,37,0,Email
13334,913,106,2024-11-27,2,76.42,35,0,Email
13335,450,24,2024-03-03,3,807.32,25,1,Email
13336,232,58,2024-06-24,5,624.83,22,1,Email
13337,900,40,2024-07-03,4,957.72,23,0,Social
13338,754,13,2024-12-16,3,163.39,19,1,Email
13339,832,167,2024-08-24,2,756.27,39,1,Direct
13340,247,46,2024-07-14,4,157.65,16,1,Social
13341,194,335,2024-10-04,1,456.34,20,0,Social
13342,149,146,2024-02-11,2,493.43,29,0,Email
13343,962,45,2024-09-22,2,1164.74,7,0,Ads
13344,229,61,2024-09-15,2,518.74,30,0,Email
13345,395,114,2024-09-29,3,605.0,58,1,Email
13346,949,1,2024-05-01,3,391.93,56,1,Direct
13347,660,85,2024-02-27,3,612.91,47,1,Ads
13348,136,96,2024-03-15,3,500.5,7,0,Social
13349,562,312,2024-04-03,1,161.25,24,0,Ads
13350,904,388,2024-03-17,5,79.25,27,0,Email
13351,362,106,2024-05-13,1,379.56,26,0,Social
13352,430,51,2024-08-22,3,515.74,39,0,Ads
13353,383,142,2024-10-24,4,705.3,23,1,Ads
13354,474,227,2024-11-04,4,805.55,36,1,Ads
13355,173,88,2024-04-26,5,345.81,12,0,Email
13356,910,235,2024-09-12,2,556.16,54,0,Direct
13357,114,208,2024-08-05,3,139.05,11,0,Email
13358,635,323,2024-12-08,5,105.29,54,0,Direct
13359,696,126,2024-11-23,5,353.95,54,0,Social
13360,582,291,2024-07-21,3,534.26,24,1,Ads
13361,726,357,2024-10-20,5,759.34,30,1,Email
13362,192,56,2024-04-12,3,907.24,34,0,Email
13363,495,166,2024-05-24,2,529.56,41,0,Email
13364,743,388,2024-04-19,3,475.8,28,1,Email
13365,810,267,2024-02-23,2,416.42,8,0,Direct
13366,547,89,2024-04-26,5,550.0,35,0,Social
13367,776,179,2024-01-10,3,629.1,24,1,Email
13368,731,318,2024-05-01,5,418.12,8,1,Direct
13369,729,171,2024-12-01,2,1120.9,24,0,Email
13370,173,118,2024-10-22,2,41.98,19,0,Ads
13371,631,33,2024-07-27,5,97.01,55,1,Email
13372,909,334,2024-10-17,1,1034.94,14,0,Direct
13373,578,339,2024-01-04,4,314.23,55,0,Direct
13374,992,334,2024-03-14,1,1012.52,19,0,Social
13375,828,98,2024-01-26,5,996.28,41,1,Email
13376,706,113,2024-08-03,1,743.05,39,0,Ads
13377,274,390,2024-07-31,3,681.69,1,0,Ads
13378,671,29,2024-07-12,3,627.65,60,0,Social
13379,437,359,2024-08-24,1,97.12,28,1,Direct
13380,785,41,2024-07-15,4,241.27,40,1,Social
13381,931,211,2024-01-28,1,213.71,3,0,Email
13382,854,294,2024-07-08,2,846.37,47,1,Social
13383,642,307,2024-03-07,2,403.95,51,1,Social
13384,453,359,2024-06-15,5,881.84,24,0,Ads
13385,913,105,2024-03-17,5,237.55,15,0,Ads
13386,778,176,2024-05-10,5,1101.35,10,1,Direct
13387,181,288,2024-08-11,4,925.18,14,1,Direct
13388,89,252,2024-04-12,3,260.82,35,0,Email
13389,378,287,2024-08-07,4,53.44,48,0,Ads
13390,166,59,2024-01-01,1,1107.85,44,0,Direct
13391,322,193,2024-11-18,5,702.1,17,1,Social
13392,921,37,2024-08-04,5,174.85,20,0,Email
13393,986,192,2024-06-28,4,918.47,9,1,Direct
13394,530,75,2024-11-29,1,441.24,32,1,Direct
13395,582,179,2024-05-10,5,622.48,42,0,Social
13396,54,81,2024-04-21,3,544.22,46,0,Email
13397,470,91,2024-11-24,2,971.15,36,0,Social
13398,351,294,2024-11-26,3,997.07,15,1,Social
13399,982,208,2024-12-21,4,489.21,27,0,Direct
13400,144,371,2024-02-17,5,391.64,19,0,Direct
13401,428,25,2024-12-07,2,294.09,56,1,Ads
13402,191,289,2024-02-06,1,401.14,50,1,Direct
13403,713,153,2024-01-19,4,849.35,37,0,Social
13404,959,9,2024-05-28,2,1058.5,59,0,Ads
13405,131,203,2024-04-04,3,227.55,56,0,Social
13406,222,370,2024-05-18,2,471.01,58,1,Email
13407,733,130,2024-05-29,2,1069.16,42,0,Direct
13408,510,295,2024-11-13,2,416.74,34,1,Direct
13409,653,44,2024-08-01,1,766.21,22,1,Direct
13410,176,114,2024-09-18,3,70.12,9,0,Ads
13411,900,307,2024-12-31,5,701.02,34,0,Ads
13412,955,52,2024-01-05,1,523.06,8,1,Direct
13413,495,138,2024-04-21,2,457.75,7,0,Direct
13414,176,66,2024-03-08,4,201.05,20,1,Email
13415,957,17,2024-08-06,1,758.56,50,1,Social
13416,432,29,2024-07-18,2,103.84,6,0,Direct
13417,638,56,2024-03-06,3,594.58,22,0,Ads
13418,732,215,2024-09-08,3,17.96,8,1,Social
13419,215,339,2024-12-02,1,100.19,60,1,Email
13420,356,190,2024-03-15,3,1192.99,8,0,Ads
13421,239,34,2024-05-13,3,747.83,2,0,Direct
13422,250,134,2024-07-12,2,74.29,34,0,Social
13423,654,224,2024-09-19,4,1149.17,27,1,Email
13424,242,10,2024-03-15,2,349.17,31,0,Ads
13425,70,357,2024-03-07,4,747.43,4,1,Email
13426,912,61,2024-11-16,2,729.0,8,0,Email
13427,932,305,2024-08-20,5,809.77,3,0,Social
13428,520,48,2024-12-03,1,862.84,27,1,Email
13429,204,396,2024-05-21,5,840.89,42,0,Email
13430,592,139,2024-04-18,1,359.82,55,1,Social
13431,37,186,2024-09-26,4,260.19,26,0,Direct
13432,452,19,2024-07-05,4,370.71,6,1,Email
13433,752,351,2024-03-19,4,627.16,19,0,Direct
13434,72,76,2024-11-07,1,410.58,13,0,Social
13435,344,50,2024-03-31,1,736.77,18,1,Social
13436,697,80,2024-09-17,1,901.66,25,0,Direct
13437,355,214,2024-09-10,1,1123.44,38,1,Social
13438,102,185,2024-12-25,2,493.03,29,0,Email
13439,865,53,2024-03-02,5,784.64,56,0,Direct
13440,757,203,2024-04-19,1,726.55,25,0,Social
13441,520,240,2024-02-23,3,735.27,53,0,Ads
13442,107,27,2024-01-10,3,103.71,1,1,Email
13443,168,175,2024-02-20,3,1176.8,44,1,Email
13444,969,72,2024-06-18,3,331.96,32,1,Ads
13445,983,157,2024-02-22,1,1183.16,15,0,Social
13446,770,279,2024-05-23,5,796.48,44,1,Ads
13447,638,7,2024-10-15,2,505.42,12,0,Direct
13448,960,249,2024-12-06,4,1048.02,4,0,Direct
13449,786,162,2024-12-04,2,927.05,14,0,Social
13450,374,40,2024-09-04,2,390.11,33,0,Ads
13451,850,270,2024-11-11,5,945.2,4,1,Direct
13452,609,58,2024-11-19,2,1042.95,49,1,Direct
13453,959,322,2024-06-17,2,151.3,47,0,Email
13454,964,176,2024-11-30,2,549.98,16,1,Email
13455,708,258,2024-11-25,5,411.74,21,0,Direct
13456,465,73,2024-01-14,1,246.26,21,0,Social
13457,596,216,2024-01-12,1,1109.59,10,1,Ads
13458,191,50,2024-05-09,5,723.13,21,0,Direct
13459,603,56,2024-05-20,5,1011.12,54,1,Ads
13460,38,397,2024-02-04,2,735.68,37,1,Ads
13461,426,122,2024-07-13,4,720.6,26,0,Email
13462,82,300,2024-06-18,3,147.69,8,1,Ads
13463,789,53,2024-04-22,3,326.45,16,1,Direct
13464,747,244,2024-05-14,2,18.6,51,1,Ads
13465,50,260,2024-04-28,1,610.04,24,0,Email
13466,175,118,2024-02-19,2,846.14,46,1,Email
13467,188,248,2024-10-03,4,1151.56,60,0,Direct
13468,534,341,2024-01-17,4,827.95,22,0,Email
13469,370,228,2024-08-16,2,311.61,42,0,Ads
13470,778,171,2024-06-06,1,669.1,59,1,Direct
13471,945,388,2024-08-29,4,946.68,44,0,Direct
13472,726,189,2024-01-10,4,257.54,56,0,Social
13473,922,269,2024-02-22,5,1078.39,55,1,Social
13474,483,364,2024-08-12,4,962.64,26,0,Direct
13475,742,213,2024-04-07,5,723.84,18,1,Email
13476,744,264,2024-10-09,5,431.26,33,1,Email
13477,372,211,2024-12-16,5,730.04,48,1,Direct
13478,429,389,2024-09-20,1,901.61,1,1,Social
13479,772,46,2024-07-13,3,540.59,55,1,Social
13480,785,250,2024-06-24,4,768.24,50,0,Social
13481,854,11,2024-11-20,2,450.78,32,1,Social
13482,246,137,2024-05-23,2,1147.32,8,1,Ads
13483,766,397,2024-12-15,4,448.69,31,0,Social
13484,832,273,2024-01-10,4,917.72,47,1,Email
13485,149,327,2024-05-15,5,398.92,1,1,Social
13486,111,3,2024-06-29,1,574.96,1,1,Direct
13487,927,268,2024-03-22,5,293.81,25,1,Social
13488,105,20,2024-10-17,3,426.01,12,0,Social
13489,653,174,2024-06-22,4,917.38,29,1,Ads
13490,248,153,2024-07-24,3,766.52,36,1,Direct
13491,464,42,2024-11-10,4,440.55,28,1,Direct
13492,827,217,2024-03-26,3,226.02,21,0,Social
13493,894,162,2024-02-03,5,570.46,31,0,Direct
13494,448,217,2024-10-28,3,76.83,4,1,Direct
13495,719,127,2024-01-06,5,430.81,5,0,Direct
13496,444,81,2024-04-05,3,395.23,42,1,Direct
13497,820,96,2024-02-20,2,423.87,16,0,Ads
13498,806,62,2024-10-22,4,403.47,37,0,Email
13499,735,149,2024-01-17,1,29.78,40,0,Social
13500,719,191,2024-04-19,4,361.11,17,1,Direct
13501,12,299,2024-09-17,3,15.92,20,1,Email
13502,683,54,2024-10-03,2,1043.82,55,0,Email
13503,653,1,2024-11-15,3,655.37,19,0,Ads
13504,971,199,2024-06-10,4,288.17,37,1,Direct
13505,487,68,2024-11-19,3,69.64,17,1,Ads
13506,328,71,2024-03-16,1,553.79,36,0,Direct
13507,466,67,2024-09-01,2,514.7,15,1,Ads
13508,405,372,2024-02-24,2,378.25,43,0,Social
13509,47,350,2024-07-13,5,854.02,1,1,Ads
13510,863,323,2024-03-13,5,193.98,27,1,Social
13511,511,374,2024-08-03,1,934.67,53,0,Direct
13512,644,311,2024-06-24,2,50.05,16,0,Direct
13513,686,393,2024-05-15,5,692.57,59,1,Direct
13514,664,197,2024-10-04,5,632.25,4,1,Direct
13515,706,396,2024-01-16,5,431.45,32,1,Ads
13516,538,273,2024-09-06,5,861.23,21,1,Ads
13517,921,314,2024-07-11,4,552.91,3,0,Email
13518,548,142,2024-07-31,3,1131.87,45,1,Ads
13519,1,311,2024-03-13,4,1147.02,35,1,Ads
13520,938,187,2024-01-25,1,679.92,45,0,Social
13521,197,112,2024-07-21,2,1022.88,41,1,Ads
13522,662,4,2024-05-13,3,324.74,60,1,Ads
13523,294,131,2024-11-05,2,82.54,39,0,Direct
13524,635,32,2024-11-02,1,1152.49,50,0,Direct
13525,96,262,2024-02-26,4,857.66,5,0,Ads
13526,830,115,2024-06-13,3,53.01,60,0,Social
13527,351,54,2024-06-07,4,111.2,34,1,Email
13528,238,190,2024-11-10,3,1018.44,37,0,Social
13529,385,280,2024-04-04,1,407.28,39,0,Direct
13530,612,13,2024-11-14,2,1073.44,60,0,Social
13531,557,257,2024-12-30,4,408.66,35,1,Email
13532,657,178,2024-11-10,1,713.48,50,1,Ads
13533,921,351,2024-01-12,2,895.18,27,0,Email
13534,777,153,2024-11-03,1,101.02,8,1,Social
13535,34,245,2024-06-10,4,24.73,29,1,Ads
13536,530,286,2024-11-05,1,558.05,46,1,Direct
13537,219,228,2024-03-18,1,299.19,4,1,Email
13538,799,294,2024-07-21,5,441.12,60,0,Social
13539,249,355,2024-08-30,1,632.91,42,0,Direct
13540,287,40,2024-10-16,2,1128.87,45,0,Social
13541,485,219,2024-10-04,3,1106.15,47,1,Ads
13542,746,181,2024-05-01,3,20.49,11,1,Ads
13543,389,357,2024-08-05,4,744.52,42,1,Social
13544,585,44,2024-05-26,5,149.45,30,0,Email
13545,480,62,2024-05-09,3,1191.47,15,1,Ads
13546,192,119,2024-04-03,1,810.09,12,0,Email
13547,987,205,2024-11-29,1,657.01,34,1,Social
13548,76,120,2024-12-08,4,1064.88,31,0,Direct
13549,648,226,2024-09-18,5,1183.19,54,0,Social
13550,52,22,2024-04-07,5,664.26,60,0,Email
13551,851,170,2024-10-24,1,158.78,59,0,Email
13552,767,377,2024-04-10,2,146.65,5,1,Email
13553,853,82,2024-12-15,5,280.25,52,1,Ads
13554,693,259,2024-06-04,2,657.52,46,1,Social
13555,583,348,2024-03-20,4,954.1,24,0,Ads
13556,365,225,2024-01-12,1,867.39,3,1,Social
13557,867,104,2024-10-10,1,884.31,21,0,Ads
13558,604,217,2024-05-13,2,898.87,56,0,Direct
13559,603,383,2024-10-02,5,791.23,54,0,Email
13560,851,165,2024-04-06,1,466.88,5,0,Ads
13561,374,240,2024-12-16,4,1073.63,29,0,Ads
13562,728,371,2024-02-11,2,214.93,58,0,Email
13563,876,50,2024-09-06,2,22.42,25,1,Direct
13564,421,36,2024-09-27,4,213.92,21,0,Email
13565,38,43,2024-10-14,4,1098.02,52,0,Social
13566,765,156,2024-11-30,3,121.01,57,1,Direct
13567,799,102,2024-04-16,1,46.69,14,1,Social
13568,644,382,2024-06-09,2,766.15,24,0,Social
13569,222,342,2024-01-04,4,16.1,60,0,Direct
13570,142,255,2024-02-21,4,737.44,60,1,Social
13571,29,124,2024-11-04,2,453.83,11,0,Social
13572,352,74,2024-06-08,4,890.41,28,0,Email
13573,557,373,2024-07-17,3,91.53,11,1,Email
13574,804,341,2024-10-13,5,1083.3,13,0,Direct
13575,513,366,2024-12-08,4,72.77,22,1,Email
13576,530,31,2024-07-01,4,71.82,10,1,Email
13577,724,357,2024-01-17,4,98.31,52,1,Social
13578,380,199,2024-03-06,2,378.4,51,0,Email
13579,875,349,2024-03-12,5,1197.7,2,1,Direct
13580,68,340,2024-08-24,1,604.27,54,1,Social
13581,819,60,2024-10-06,1,367.68,5,1,Email
13582,718,315,2024-02-13,3,353.57,51,1,Direct
13583,481,327,2024-09-14,1,1079.45,46,0,Ads
13584,456,203,2024-02-19,5,661.8,34,0,Direct
13585,541,376,2024-06-15,2,176.5,58,0,Email
13586,500,154,2024-09-30,3,947.85,6,0,Social
13587,533,315,2024-02-27,3,532.96,55,0,Email
13588,366,19,2024-02-25,4,1072.82,38,1,Social
13589,162,214,2024-09-01,4,557.65,60,0,Social
13590,322,327,2024-02-10,5,852.51,16,0,Ads
13591,903,385,2024-11-17,4,219.32,24,1,Ads
13592,467,42,2024-02-12,5,459.71,58,0,Direct
13593,562,161,2024-09-12,3,174.7,2,0,Social
13594,267,340,2024-12-19,2,1196.0,24,0,Ads
13595,710,245,2024-10-12,4,859.61,29,1,Email
13596,688,41,2024-03-23,2,477.6,42,1,Social
13597,222,368,2024-05-08,1,773.54,5,1,Ads
13598,609,30,2024-04-06,4,358.32,50,0,Social
13599,475,338,2024-06-12,2,941.63,35,0,Email
13600,83,226,2024-12-24,5,1088.96,42,0,Ads
13601,102,14,2024-04-21,2,759.79,12,0,Social
13602,518,100,2024-09-24,2,1085.28,41,0,Social
13603,489,55,2024-08-24,2,386.84,10,1,Email
13604,249,305,2024-06-13,1,161.81,13,1,Social
13605,961,336,2024-03-15,4,879.44,15,0,Email
13606,799,188,2024-05-28,1,689.92,12,1,Social
13607,443,36,2024-01-18,2,233.45,9,1,Email
13608,271,280,2024-10-29,4,929.35,18,0,Ads
13609,502,394,2024-02-01,3,566.08,5,1,Social
13610,967,174,2024-10-31,4,641.66,19,1,Direct
13611,987,65,2024-09-13,5,1065.2,37,1,Direct
13612,987,212,2024-01-08,5,1154.95,5,1,Social
13613,419,223,2024-12-03,2,1174.26,20,1,Direct
13614,64,369,2024-05-30,1,741.94,29,0,Direct
13615,44,200,2024-12-07,4,176.35,31,0,Direct
13616,889,86,2024-03-30,3,1001.19,19,0,Email
13617,528,168,2024-04-19,5,835.0,7,1,Email
13618,595,29,2024-07-01,3,730.58,25,1,Ads
13619,516,72,2024-11-03,4,632.91,19,0,Ads
13620,918,374,2024-11-22,2,82.43,17,1,Social
13621,358,346,2024-09-13,2,819.53,60,0,Direct
13622,379,122,2024-08-17,2,1046.44,33,1,Ads
13623,51,228,2024-05-19,2,1145.71,29,0,Social
13624,447,301,2024-10-24,5,198.78,6,0,Social
13625,159,79,2024-05-26,4,317.41,15,0,Email
13626,732,384,2024-08-12,4,738.33,44,0,Email
13627,551,319,2024-12-27,2,702.28,43,1,Direct
13628,758,212,2024-08-22,5,354.95,36,0,Direct
13629,264,67,2024-11-06,3,1149.52,19,1,Direct
13630,66,283,2024-06-16,5,841.12,38,1,Email
13631,151,329,2024-10-05,2,548.4,28,0,Social
13632,220,358,2024-08-10,5,152.37,6,1,Social
13633,423,164,2024-06-25,1,209.35,4,0,Social
13634,1,394,2024-04-13,2,290.21,8,0,Ads
13635,768,113,2024-01-15,1,227.93,10,1,Direct
13636,27,51,2024-01-12,1,146.87,3,0,Ads
13637,109,228,2024-11-04,3,348.6,21,1,Direct
13638,271,89,2024-02-16,5,90.87,18,1,Ads
13639,573,307,2024-05-28,2,1019.2,5,0,Ads
13640,509,159,2024-02-19,3,384.4,54,1,Ads
13641,377,374,2024-03-12,1,508.76,49,1,Ads
13642,768,299,2024-09-12,2,174.81,57,1,Direct
13643,55,261,2024-06-06,4,329.11,26,1,Ads
13644,938,265,2024-11-12,1,380.68,18,0,Email
13645,114,209,2024-01-28,4,314.64,47,1,Social
13646,10,296,2024-01-07,1,605.42,18,0,Direct
13647,352,265,2024-08-03,4,279.17,38,1,Social
13648,558,229,2024-01-01,5,292.4,38,0,Social
13649,937,285,2024-03-19,4,524.57,60,0,Direct
13650,542,140,2024-06-11,2,539.49,31,1,Ads
13651,749,234,2024-06-21,1,337.08,9,1,Direct
13652,426,135,2024-09-02,5,242.2,26,1,Email
13653,737,144,2024-06-25,1,316.66,22,1,Ads
13654,364,225,2024-02-06,5,607.06,21,1,Email
13655,366,248,2024-11-13,2,767.64,33,1,Ads
13656,195,170,2024-01-28,5,726.43,46,0,Email
13657,199,32,2024-10-31,1,1062.89,19,1,Ads
13658,56,337,2024-05-17,1,382.65,13,0,Social
13659,19,284,2024-10-22,3,742.34,20,0,Ads
13660,698,125,2024-12-06,4,1048.13,37,0,Ads
13661,293,172,2024-06-25,3,718.16,54,0,Social
13662,792,316,2024-06-26,2,620.51,58,0,Direct
13663,44,142,2024-09-15,4,451.37,43,1,Email
13664,344,227,2024-05-03,2,204.21,12,1,Email
13665,574,342,2024-07-22,5,87.49,3,0,Email
13666,237,16,2024-07-18,3,868.0,58,0,Social
13667,299,330,2024-06-04,4,952.48,50,1,Social
13668,252,392,2024-01-16,2,854.57,34,1,Ads
13669,712,384,2024-04-25,3,265.72,44,0,Ads
13670,133,198,2024-10-27,3,1044.68,44,1,Direct
13671,404,9,2024-03-30,4,926.81,12,1,Direct
13672,122,378,2024-03-10,2,54.58,32,1,Email
13673,250,364,2024-07-04,4,422.25,23,0,Social
13674,3,167,2024-11-25,1,298.83,49,1,Direct
13675,109,198,2024-11-23,3,527.72,15,1,Social
13676,758,123,2024-01-23,2,218.09,47,0,Email
13677,909,136,2024-11-11,2,67.76,36,0,Email
13678,172,173,2024-02-06,3,201.85,25,0,Ads
13679,185,259,2024-08-15,3,843.12,49,0,Email
13680,434,145,2024-05-18,3,910.17,44,0,Social
13681,914,123,2024-11-15,3,949.29,4,0,Email
13682,136,16,2024-12-07,2,31.27,2,0,Ads
13683,216,208,2024-06-22,2,76.39,44,0,Email
13684,810,19,2024-04-09,1,404.25,49,0,Email
13685,180,210,2024-05-17,2,904.64,11,1,Direct
13686,864,267,2024-09-03,4,942.18,10,0,Ads
13687,190,346,2024-04-12,2,377.75,1,1,Ads
13688,158,326,2024-11-26,3,213.44,57,1,Ads
13689,171,242,2024-12-11,3,1168.09,40,1,Social
13690,653,302,2024-03-30,4,817.06,25,0,Ads
13691,928,230,2024-03-14,1,358.64,35,0,Direct
13692,138,297,2024-07-18,1,469.53,20,0,Ads
13693,852,368,2024-04-11,3,1147.24,24,0,Direct
13694,432,85,2024-09-28,3,666.85,57,0,Direct
13695,50,114,2024-01-04,1,302.51,54,1,Direct
13696,10,161,2024-03-19,5,726.58,3,1,Ads
13697,285,286,2024-11-26,4,674.43,20,0,Social
13698,856,390,2024-05-04,4,1077.1,16,1,Email
13699,531,336,2024-06-17,3,461.66,34,1,Ads
13700,815,233,2024-09-22,5,1054.08,48,1,Direct
13701,469,377,2024-03-01,2,978.16,31,0,Direct
13702,435,54,2024-04-30,5,653.3,37,0,Email
13703,644,283,2024-11-23,4,698.96,10,1,Direct
13704,254,245,2024-04-05,4,112.02,41,0,Email
13705,688,137,2024-09-19,1,678.81,17,0,Ads
13706,672,400,2024-06-21,3,1175.52,21,0,Ads
13707,598,200,2024-09-03,5,1160.1,1,0,Email
13708,584,106,2024-03-30,1,622.35,11,1,Social
13709,58,194,2024-01-08,1,1087.07,15,0,Direct
13710,574,89,2024-10-22,2,307.2,15,0,Ads
13711,954,283,2024-01-22,3,928.09,13,0,Ads
13712,471,112,2024-11-08,5,179.02,41,0,Direct
13713,794,102,2024-07-17,2,408.67,59,1,Ads
13714,525,112,2024-08-19,1,126.02,10,0,Direct
13715,580,110,2024-01-25,3,749.19,38,1,Ads
13716,65,356,2024-12-21,3,597.54,8,1,Email
13717,866,60,2024-08-05,2,62.94,23,1,Ads
13718,686,273,2024-09-06,3,1078.11,29,1,Email
13719,422,262,2024-05-23,2,667.44,26,1,Ads
13720,106,198,2024-10-17,3,323.62,58,0,Email
13721,423,175,2024-04-12,4,721.77,20,1,Email
13722,993,39,2024-11-11,3,648.38,40,0,Social
13723,757,108,2024-12-31,5,595.5,49,1,Direct
13724,522,144,2024-12-07,2,1054.27,31,1,Direct
13725,745,185,2024-03-18,1,877.59,36,0,Social
13726,558,114,2024-09-13,2,294.14,35,1,Email
13727,425,362,2024-05-04,5,645.05,60,1,Social
13728,572,343,2024-04-08,3,1003.11,42,0,Email
13729,634,345,2024-01-07,3,181.25,23,1,Social
13730,928,274,2024-04-05,3,768.22,34,0,Ads
13731,822,200,2024-11-01,4,513.46,25,1,Direct
13732,678,309,2024-03-14,5,826.22,32,1,Direct
13733,757,228,2024-06-17,5,399.44,55,0,Direct
13734,147,157,2024-08-14,5,400.84,8,0,Email
13735,559,380,2024-04-30,4,758.5,39,0,Email
13736,774,216,2024-02-01,2,300.06,45,1,Direct
13737,866,396,2024-11-17,2,872.65,36,0,Ads
13738,777,239,2024-02-19,1,1065.32,43,1,Ads
13739,571,50,2024-06-01,1,15.61,49,0,Direct
13740,14,87,2024-01-21,3,962.67,47,0,Direct
13741,544,58,2024-09-11,1,1001.39,52,0,Ads
13742,131,60,2024-06-24,1,617.19,19,0,Direct
13743,261,337,2024-07-30,3,888.48,9,0,Direct
13744,453,334,2024-02-02,1,285.85,35,1,Direct
13745,289,229,2024-08-26,5,788.56,31,1,Social
13746,112,377,2024-10-13,5,1010.91,26,1,Email
13747,51,333,2024-09-06,2,583.58,24,1,Direct
13748,462,332,2024-09-24,3,348.94,19,0,Social
13749,257,327,2024-09-18,1,1061.42,3,1,Direct
13750,231,321,2024-10-27,2,1192.4,29,1,Social
13751,871,267,2024-07-18,3,763.77,26,1,Email
13752,305,177,2024-12-27,5,341.31,20,1,Ads
13753,105,374,2024-08-05,4,630.22,4,0,Direct
13754,257,146,2024-01-31,1,448.74,2,0,Social
13755,154,73,2024-07-09,3,403.09,25,0,Social
13756,452,176,2024-08-22,3,358.21,3,0,Email
13757,159,120,2024-12-08,3,336.26,34,0,Social
13758,72,270,2024-11-17,4,941.79,31,1,Email
13759,226,160,2024-08-26,1,1172.92,20,1,Direct
13760,725,102,2024-09-16,1,183.6,23,1,Social
13761,50,85,2024-12-24,5,810.89,8,1,Direct
13762,901,60,2024-08-25,4,1055.63,13,1,Email
13763,638,183,2024-02-26,4,660.21,5,0,Direct
13764,185,78,2024-01-04,1,616.37,6,1,Social
13765,266,356,2024-03-13,1,538.71,56,1,Ads
13766,179,30,2024-01-30,5,91.82,34,1,Social
13767,455,213,2024-07-25,4,74.3,14,0,Ads
13768,173,109,2024-10-16,2,1163.74,7,0,Ads
13769,513,342,2024-07-23,2,856.94,6,0,Email
13770,945,266,2024-05-15,2,469.28,36,0,Direct
13771,574,399,2024-12-21,5,810.57,22,1,Direct
13772,107,378,2024-05-10,2,474.13,7,0,Ads
13773,879,382,2024-06-21,1,507.09,29,0,Direct
13774,223,221,2024-09-05,5,254.5,43,1,Ads
13775,50,205,2024-11-18,4,1176.36,6,0,Email
13776,767,391,2024-03-31,4,913.65,2,0,Ads
13777,227,131,2024-08-27,4,603.28,15,0,Email
13778,317,233,2024-11-13,4,604.43,5,0,Direct
13779,887,155,2024-08-27,4,286.49,11,1,Social
13780,850,279,2024-05-20,1,695.65,41,1,Social
13781,540,82,2024-01-11,3,869.86,16,0,Direct
13782,335,61,2024-08-03,5,322.45,56,1,Email
13783,492,13,2024-07-01,2,297.99,17,1,Ads
13784,325,262,2024-08-23,2,17.58,5,0,Direct
13785,818,263,2024-04-26,1,1059.04,11,1,Email
13786,392,172,2024-02-20,3,399.25,43,0,Email
13787,559,88,2024-11-18,1,901.71,10,0,Social
13788,569,365,2024-12-18,4,327.95,35,0,Email
13789,256,103,2024-05-15,3,1060.28,6,1,Email
13790,184,20,2024-03-18,3,282.81,55,1,Social
13791,109,311,2024-09-15,2,776.92,16,0,Social
13792,186,128,2024-01-09,4,311.05,3,0,Direct
13793,507,34,2024-08-21,2,713.94,24,1,Ads
13794,611,124,2024-06-22,5,1147.75,14,0,Social
13795,236,159,2024-01-31,5,372.06,20,0,Social
13796,239,65,2024-01-21,2,124.88,40,0,Direct
13797,707,299,2024-02-15,2,373.38,51,0,Direct
13798,22,102,2024-08-22,1,1165.64,33,1,Ads
13799,616,97,2024-10-02,3,512.08,56,0,Direct
13800,410,335,2024-03-10,4,872.18,43,0,Ads
13801,879,390,2024-05-21,5,235.4,4,1,Email
13802,210,107,2024-09-13,1,726.3,47,1,Email
13803,891,161,2024-07-31,1,820.08,57,1,Email
13804,257,44,2024-08-31,2,429.22,43,0,Direct
13805,745,59,2024-05-31,3,835.69,26,0,Email
13806,712,125,2024-06-29,4,909.97,23,1,Social
13807,277,376,2024-08-04,2,92.3,50,1,Social
13808,75,117,2024-10-01,2,675.48,60,1,Social
13809,830,224,2024-10-29,2,671.09,37,1,Social
13810,714,170,2024-08-07,2,37.0,8,1,Direct
13811,442,114,2024-07-26,2,785.2,46,1,Email
13812,109,244,2024-08-01,3,762.15,40,0,Social
13813,831,228,2024-11-22,3,1041.06,38,0,Direct
13814,143,253,2024-11-14,5,617.93,16,0,Social
13815,850,67,2024-05-15,4,479.06,4,1,Direct
13816,572,19,2024-01-23,3,607.26,45,1,Email
13817,91,269,2024-09-12,1,815.02,1,0,Ads
13818,596,383,2024-06-05,1,478.33,13,0,Social
13819,298,3,2024-10-05,3,937.59,21,0,Social
13820,886,73,2024-12-04,1,383.9,4,0,Social
13821,821,159,2024-02-12,3,815.45,55,1,Ads
13822,558,194,2024-08-15,3,79.29,26,0,Direct
13823,442,85,2024-07-24,4,261.54,26,0,Email
13824,511,236,2024-04-07,4,644.94,24,0,Direct
13825,614,229,2024-11-20,2,846.45,7,1,Direct
13826,775,241,2024-05-23,3,953.2,49,1,Social
13827,755,63,2024-10-21,4,88.85,15,1,Email
13828,182,81,2024-01-03,5,946.98,44,1,Email
13829,223,35,2024-04-27,4,772.92,55,0,Direct
13830,506,333,2024-07-21,4,350.91,35,1,Social
13831,245,334,2024-07-11,5,815.55,28,1,Direct
13832,993,50,2024-09-10,4,1107.15,6,0,Email
13833,751,21,2024-03-06,1,1018.87,40,1,Ads
13834,265,18,2024-04-02,2,531.27,19,0,Ads
13835,903,33,2024-12-31,4,537.91,55,1,Social
13836,430,360,2024-03-16,1,441.84,23,1,Social
13837,375,112,2024-09-14,4,690.13,20,0,Ads
13838,644,242,2024-12-12,5,15.95,51,1,Social
13839,470,347,2024-11-18,1,233.31,51,0,Email
13840,79,391,2024-01-27,1,706.12,47,0,Email
13841,967,371,2024-04-27,1,294.58,2,1,Email
13842,317,335,2024-06-19,4,500.46,60,0,Direct
13843,770,187,2024-12-16,5,627.55,30,0,Email
13844,743,9,2024-03-08,2,592.83,23,0,Ads
13845,134,123,2024-11-15,5,811.46,35,0,Email
13846,333,16,2024-08-05,5,142.74,50,0,Direct
13847,86,134,2024-09-23,5,1172.08,15,1,Direct
13848,85,166,2024-09-04,5,1147.67,20,1,Ads
13849,583,42,2024-11-18,4,671.1,14,1,Social
13850,785,322,2024-02-25,4,589.8,31,1,Email
13851,644,306,2024-09-16,1,612.55,7,1,Email
13852,920,218,2024-12-03,4,1142.83,58,1,Direct
13853,73,302,2024-09-04,3,515.2,19,1,Social
13854,758,221,2024-03-22,4,1033.39,19,1,Ads
13855,156,33,2024-10-02,2,213.79,8,0,Email
13856,525,120,2024-10-21,2,1049.55,6,1,Direct
13857,461,210,2024-02-14,4,782.05,37,0,Ads
13858,900,289,2024-05-01,2,17.46,25,0,Ads
13859,85,240,2024-05-02,5,624.69,12,1,Direct
13860,944,348,2024-11-12,3,136.84,7,0,Email
13861,31,349,2024-01-30,2,186.45,56,1,Email
13862,311,315,2024-05-26,5,45.86,33,0,Ads
13863,716,338,2024-03-16,4,965.29,33,1,Direct
13864,44,300,2024-08-03,5,922.6,29,1,Email
13865,457,360,2024-04-02,4,787.97,18,0,Ads
13866,298,308,2024-03-09,3,21.05,22,0,Social
13867,164,275,2024-11-14,2,530.68,9,0,Email
13868,452,333,2024-04-08,5,854.29,35,1,Social
13869,641,318,2024-07-20,1,948.82,57,0,Direct
13870,290,268,2024-10-26,1,674.9,59,0,Email
13871,866,161,2024-09-05,5,737.93,59,0,Ads
13872,263,256,2024-10-28,2,720.03,23,0,Email
13873,220,125,2024-10-07,4,655.89,28,1,Social
13874,24,391,2024-05-07,1,693.15,56,0,Social
13875,9,154,2024-07-07,1,718.07,50,1,Email
13876,397,60,2024-12-11,5,549.05,55,1,Email
13877,724,1,2024-07-17,5,412.44,30,0,Email
13878,170,61,2024-06-18,1,1168.01,22,0,Direct
13879,626,33,2024-10-09,3,519.1,37,1,Social
13880,320,49,2024-07-06,1,1042.09,25,1,Email
13881,758,77,2024-06-30,2,1087.66,37,0,Direct
13882,31,159,2024-02-06,4,952.77,50,1,Ads
13883,724,200,2024-03-27,2,1034.62,43,1,Social
13884,657,229,2024-08-30,1,819.05,25,1,Email
13885,413,205,2024-09-09,1,168.91,31,1,Social
13886,116,285,2024-12-30,4,375.06,36,1,Ads
13887,291,130,2024-08-12,2,816.58,41,0,Email
13888,460,170,2024-07-12,4,356.97,39,0,Ads
13889,253,158,2024-09-20,5,1083.77,14,0,Ads
13890,661,352,2024-08-25,5,1029.83,17,0,Email
13891,320,398,2024-11-08,1,873.07,24,0,Ads
13892,255,389,2024-01-08,3,1051.06,33,0,Social
13893,962,88,2024-06-17,2,182.67,16,1,Ads
13894,827,234,2024-07-28,3,722.61,53,1,Social
13895,367,347,2024-08-21,1,750.76,17,0,Social
13896,539,254,2024-11-02,5,510.08,2,1,Ads
13897,273,159,2024-01-31,4,903.64,49,1,Email
13898,118,271,2024-03-19,5,931.86,8,1,Social
13899,447,310,2024-06-03,2,964.2,13,1,Direct
13900,558,349,2024-11-19,4,1027.11,60,0,Social
13901,39,220,2024-01-22,3,648.48,18,1,Direct
13902,812,41,2024-02-27,4,476.76,2,1,Email
13903,336,13,2024-04-12,2,83.44,35,1,Ads
13904,476,322,2024-01-30,2,421.1,19,1,Ads
13905,157,23,2024-11-27,4,1132.24,16,0,Direct
13906,617,328,2024-01-13,5,327.79,5,0,Social
13907,878,380,2024-08-16,4,700.56,32,0,Direct
13908,524,180,2024-05-18,5,71.42,41,0,Social
13909,445,22,2024-06-23,4,752.46,39,0,Ads
13910,397,82,2024-02-28,2,418.72,55,1,Email
13911,779,39,2024-10-29,2,1180.48,13,0,Ads
13912,1,299,2024-11-05,4,729.1,26,0,Direct
13913,243,122,2024-08-13,1,993.98,32,0,Email
13914,95,179,2024-02-15,2,660.56,16,1,Social
13915,583,348,2024-04-17,4,335.86,23,1,Ads
13916,358,191,2024-06-14,5,955.35,39,0,Email
13917,820,377,2024-01-09,1,658.04,9,0,Ads
13918,818,381,2024-01-17,3,1039.11,53,0,Direct
13919,454,35,2024-04-27,4,244.39,7,1,Email
13920,842,333,2024-10-01,5,381.03,28,1,Ads
13921,475,119,2024-07-09,1,675.32,36,1,Social
13922,840,12,2024-10-23,4,841.26,40,0,Social
13923,595,169,2024-07-02,1,349.93,35,1,Email
13924,426,131,2024-05-09,2,300.69,15,0,Ads
13925,363,44,2024-11-09,4,982.67,49,0,Social
13926,917,104,2024-11-07,5,297.79,53,0,Email
13927,999,219,2024-08-08,2,421.86,50,1,Social
13928,387,329,2024-06-26,5,380.11,10,0,Ads
13929,720,247,2024-06-27,1,326.3,28,1,Direct
13930,770,113,2024-11-26,4,539.38,12,0,Ads
13931,940,294,2024-03-24,2,290.31,32,1,Social
13932,626,158,2024-03-02,5,1031.07,13,0,Email
13933,773,273,2024-10-01,4,398.59,17,0,Email
13934,953,369,2024-01-14,4,811.68,18,1,Email
13935,438,17,2024-01-23,5,718.41,13,0,Social
13936,192,287,2024-08-21,3,609.28,45,0,Direct
13937,197,269,2024-04-04,2,500.23,21,0,Ads
13938,311,13,2024-03-03,3,1095.82,57,1,Email
13939,427,217,2024-06-10,3,1190.29,36,1,Ads
13940,463,60,2024-04-21,4,1034.2,55,1,Email
13941,55,33,2024-12-20,3,1002.26,49,1,Social
13942,54,347,2024-05-28,4,820.21,32,0,Email
13943,655,284,2024-03-24,2,311.62,12,0,Social
13944,958,344,2024-08-03,5,1112.19,45,1,Direct
13945,662,37,2024-12-29,1,654.45,53,1,Direct
13946,547,105,2024-03-10,4,1128.85,38,0,Email
13947,832,248,2024-04-26,2,653.82,22,0,Direct
13948,216,379,2024-10-11,2,1069.25,29,1,Ads
13949,134,255,2024-03-31,1,983.12,33,1,Ads
13950,681,322,2024-08-11,5,1121.81,55,0,Direct
13951,785,70,2024-12-13,4,1098.49,16,1,Direct
13952,863,329,2024-02-11,1,466.64,57,1,Email
13953,943,353,2024-08-10,4,525.68,19,1,Email
13954,803,112,2024-02-07,3,515.71,44,0,Email
13955,368,55,2024-03-08,2,47.1,19,1,Ads
13956,955,145,2024-02-02,3,22.54,33,0,Ads
13957,209,391,2024-07-31,1,552.72,26,0,Email
13958,993,21,2024-02-16,1,556.17,19,1,Direct
13959,699,237,2024-04-06,4,939.83,10,0,Direct
13960,827,29,2024-11-25,3,563.71,17,1,Ads
13961,323,191,2024-08-20,4,250.63,32,0,Email
13962,157,136,2024-01-02,5,637.09,40,0,Email
13963,612,273,2024-09-27,5,197.99,50,1,Email
13964,808,33,2024-04-26,5,973.7,45,1,Email
13965,734,92,2024-07-22,4,189.75,15,1,Email
13966,211,14,2024-12-12,2,324.94,31,1,Direct
13967,920,118,2024-08-29,2,1030.23,41,1,Email
13968,88,124,2024-03-26,4,42.83,30,1,Ads
13969,656,275,2024-10-16,3,139.57,20,1,Direct
13970,915,121,2024-08-17,3,748.05,18,1,Direct
13971,388,175,2024-02-06,5,325.23,11,0,Direct
13972,550,46,2024-10-08,5,343.09,13,0,Social
13973,58,286,2024-08-08,4,1071.52,31,0,Ads
13974,159,48,2024-11-05,1,1089.3,41,0,Ads
13975,129,292,2024-02-13,2,734.51,15,1,Ads
13976,769,16,2024-05-29,1,211.81,16,1,Email
13977,536,279,2024-10-07,3,1128.75,22,0,Social
13978,658,400,2024-04-16,2,986.05,13,0,Direct
13979,210,109,2024-05-25,4,1137.33,25,0,Email
13980,276,166,2024-03-06,3,640.12,8,0,Direct
13981,515,44,2024-06-10,3,391.42,7,0,Email
13982,749,165,2024-04-29,4,1127.8,44,1,Social
13983,473,73,2024-03-01,2,322.79,48,0,Ads
13984,662,263,2024-12-10,2,1010.86,2,1,Social
13985,81,122,2024-03-13,5,115.27,55,1,Ads
13986,113,262,2024-05-29,5,288.68,60,1,Direct
13987,106,157,2024-07-01,3,1092.83,1,0,Social
13988,103,346,2024-06-05,3,698.74,49,1,Direct
13989,606,213,2024-08-06,5,138.02,3,1,Email
13990,343,244,2024-04-23,4,88.78,7,0,Direct
13991,64,356,2024-03-02,2,401.64,21,1,Email
13992,669,362,2024-08-30,2,890.7,7,1,Direct
13993,739,24,2024-06-20,2,1114.23,23,0,Ads
13994,365,288,2024-05-16,1,92.53,40,1,Direct
13995,429,352,2024-08-22,3,339.22,12,1,Direct
13996,710,257,2024-03-28,2,283.72,35,1,Social
13997,5,70,2024-08-08,1,856.36,54,1,Direct
13998,138,310,2024-09-27,1,577.41,14,0,Direct
13999,288,181,2024-06-21,5,254.81,54,0,Social
14000,936,376,2024-08-16,4,963.77,23,0,Direct
14001,190,306,2024-02-12,5,411.57,28,0,Direct
14002,919,269,2024-08-16,3,1001.03,51,0,Social
14003,134,136,2024-10-22,5,507.09,6,1,Direct
14004,508,146,2024-03-19,4,93.32,35,0,Social
14005,735,87,2024-05-20,1,855.17,56,0,Ads
14006,680,374,2024-11-14,3,818.08,60,1,Social
14007,782,387,2024-03-27,1,435.97,49,1,Email
14008,84,41,2024-03-09,2,655.0,17,1,Direct
14009,708,309,2024-01-07,2,916.98,54,0,Email
14010,276,253,2024-08-13,1,687.65,7,1,Ads
14011,453,93,2024-10-22,1,622.27,46,0,Direct
14012,997,57,2024-12-08,3,1151.79,30,0,Ads
14013,824,164,2024-12-24,1,537.74,35,1,Social
14014,832,214,2024-12-16,5,130.46,9,0,Email
14015,95,393,2024-10-30,3,518.27,4,1,Social
14016,904,106,2024-06-17,5,484.92,1,1,Social
14017,862,8,2024-06-04,2,460.23,18,0,Email
14018,338,181,2024-04-10,5,1128.81,5,1,Direct
14019,997,86,2024-04-18,2,530.4,57,0,Email
14020,906,283,2024-07-15,5,569.56,60,0,Direct
14021,15,68,2024-08-03,1,860.57,46,0,Email
14022,479,344,2024-11-04,1,380.76,23,0,Email
14023,99,181,2024-04-28,5,1124.18,4,1,Social
14024,952,252,2024-10-24,1,745.79,13,0,Ads
14025,297,365,2024-07-05,5,780.46,36,0,Social
14026,977,270,2024-08-07,4,342.35,39,0,Email
14027,184,389,2024-02-11,1,883.86,8,0,Email
14028,843,60,2024-05-09,1,699.4,22,1,Direct
14029,871,140,2024-03-02,2,268.35,35,1,Email
14030,10,373,2024-03-04,1,965.13,36,0,Email
14031,778,194,2024-10-22,1,707.28,28,1,Ads
14032,816,106,2024-04-24,5,251.13,33,0,Email
14033,226,36,2024-10-31,3,345.39,35,0,Ads
14034,758,293,2024-09-05,4,481.02,35,1,Social
14035,138,236,2024-05-10,5,748.4,54,1,Social
14036,103,287,2024-10-05,3,958.89,16,1,Email
14037,400,127,2024-12-23,3,501.71,54,0,Social
14038,158,125,2024-06-22,3,139.43,45,0,Social
14039,629,352,2024-11-23,2,27.65,47,0,Email
14040,142,26,2024-09-16,3,81.46,45,0,Direct
14041,774,131,2024-07-12,2,1167.12,30,0,Social
14042,123,343,2024-09-01,2,914.7,6,0,Email
14043,697,339,2024-12-11,1,691.48,36,1,Direct
14044,30,207,2024-04-15,5,129.71,35,0,Email
14045,427,365,2024-07-18,2,964.29,28,1,Social
14046,859,327,2024-03-30,5,977.57,32,1,Email
14047,791,336,2024-10-14,5,686.18,41,0,Social
14048,590,192,2024-01-17,3,40.72,56,0,Direct
14049,735,221,2024-01-02,3,730.86,15,0,Email
14050,885,31,2024-06-05,3,26.17,47,0,Ads
14051,990,194,2024-10-24,2,1175.4,20,1,Direct
14052,433,108,2024-02-11,3,167.32,57,0,Social
14053,990,326,2024-12-08,4,626.67,41,0,Social
14054,276,66,2024-07-13,2,352.06,48,0,Social
14055,806,119,2024-07-19,4,761.58,57,0,Email
14056,915,388,2024-04-15,4,661.48,13,1,Direct
14057,228,89,2024-11-06,1,416.33,44,1,Ads
14058,756,206,2024-05-16,3,525.03,31,0,Social
14059,833,313,2024-05-25,2,731.12,31,0,Social
14060,307,202,2024-04-03,3,1175.3,56,1,Social
14061,116,53,2024-10-06,3,783.51,21,1,Social
14062,84,32,2024-09-06,3,228.84,59,1,Social
14063,198,87,2024-10-19,3,162.28,56,0,Email
14064,12,132,2024-03-18,3,90.22,24,1,Email
14065,495,234,2024-11-02,2,448.31,34,0,Email
14066,340,211,2024-12-31,3,237.67,45,1,Direct
14067,686,26,2024-12-18,1,382.35,22,1,Ads
14068,300,58,2024-02-28,3,473.59,27,0,Email
14069,816,124,2024-07-06,5,421.74,30,0,Direct
14070,285,183,2024-12-28,3,435.2,38,1,Direct
14071,955,399,2024-08-18,5,1143.42,21,0,Social
14072,261,351,2024-02-29,2,610.64,1,0,Ads
14073,430,165,2024-11-29,2,27.62,3,0,Email
14074,149,145,2024-02-09,1,691.58,7,1,Ads
14075,877,324,2024-01-03,3,808.86,15,1,Ads
14076,965,176,2024-10-20,2,734.65,4,1,Direct
14077,309,273,2024-12-10,1,80.75,60,1,Direct
14078,873,374,2024-09-07,5,447.16,47,1,Direct
14079,980,49,2024-11-28,1,1181.97,23,0,Ads
14080,605,233,2024-03-24,4,342.95,55,1,Email
14081,773,156,2024-04-24,5,319.06,7,1,Direct
14082,569,323,2024-08-26,2,814.29,4,0,Ads
14083,736,61,2024-10-11,1,974.9,34,1,Direct
14084,629,42,2024-10-04,5,221.38,17,1,Social
14085,918,90,2024-03-31,3,859.0,7,1,Ads
14086,303,8,2024-01-12,4,255.38,31,0,Email
14087,644,368,2024-06-11,5,1034.52,37,1,Social
14088,911,66,2024-11-23,5,256.65,15,1,Ads
14089,935,383,2024-01-30,1,166.18,43,0,Direct
14090,523,380,2024-05-25,5,757.63,25,1,Email
14091,99,355,2024-07-22,3,907.03,53,1,Direct
14092,721,96,2024-10-03,1,151.98,21,1,Social
14093,418,7,2024-08-28,3,672.81,5,1,Ads
14094,42,291,2024-08-12,1,203.54,59,0,Direct
14095,338,277,2024-03-30,3,537.45,27,0,Social
14096,210,350,2024-09-10,2,977.71,44,0,Social
14097,384,170,2024-02-11,2,1010.96,42,0,Direct
14098,158,208,2024-04-08,4,106.16,10,1,Email
14099,262,225,2024-01-22,5,255.17,29,0,Direct
14100,304,226,2024-11-28,3,196.51,44,0,Ads
14101,650,366,2024-02-05,4,897.08,5,0,Direct
14102,877,293,2024-03-21,3,31.75,36,1,Direct
14103,632,238,2024-04-26,1,242.56,26,0,Social
14104,396,242,2024-04-07,4,52.91,23,0,Social
14105,546,194,2024-03-22,5,920.57,26,0,Email
14106,150,151,2024-11-07,4,822.74,52,0,Direct
14107,357,359,2024-08-08,4,1034.81,14,1,Social
14108,42,289,2024-11-04,5,20.18,47,1,Email
14109,518,242,2024-04-28,4,789.21,46,1,Ads
14110,557,191,2024-06-21,1,898.37,22,0,Social
14111,166,300,2024-06-12,1,568.72,45,0,Social
14112,8,324,2024-07-09,2,976.95,46,1,Social
14113,358,304,2024-07-05,1,944.29,41,0,Email
14114,674,35,2024-03-16,4,465.7,47,1,Direct
14115,432,65,2024-10-10,5,314.94,24,1,Social
14116,442,189,2024-08-30,4,403.59,1,0,Direct
14117,55,67,2024-02-03,2,818.84,50,1,Direct
14118,12,275,2024-02-19,3,214.74,40,0,Email
14119,665,121,2024-02-23,4,516.24,34,1,Social
14120,216,6,2024-03-19,4,291.0,31,1,Ads
14121,65,44,2024-01-02,5,1080.71,55,1,Social
14122,112,315,2024-07-11,1,502.7,38,0,Social
14123,705,339,2024-07-21,3,54.58,22,1,Social
14124,834,160,2024-11-18,4,1128.09,50,1,Ads
14125,979,78,2024-09-09,5,199.23,58,1,Ads
14126,885,20,2024-02-29,1,281.57,18,1,Email
14127,8,73,2024-05-24,2,1093.7,42,1,Social
14128,35,258,2024-09-25,4,901.49,46,0,Social
14129,802,246,2024-07-13,4,1159.29,31,0,Social
14130,757,121,2024-06-10,2,15.59,5,0,Ads
14131,178,32,2024-12-13,1,93.3,52,1,Social
14132,842,263,2024-08-28,3,708.53,21,1,Email
14133,798,196,2024-03-11,3,787.7,25,1,Ads
14134,879,394,2024-04-27,5,139.92,50,1,Email
14135,737,266,2024-04-07,4,895.36,28,1,Social
14136,380,124,2024-06-01,5,152.75,28,1,Email
14137,882,366,2024-09-04,3,34.33,18,0,Social
14138,16,357,2024-02-10,1,1116.83,4,1,Direct
14139,376,214,2024-03-13,4,879.85,29,1,Ads
14140,16,317,2024-08-11,5,307.79,30,0,Email
14141,767,20,2024-01-02,4,339.26,52,1,Email
14142,36,109,2024-07-27,4,851.82,38,0,Social
14143,765,352,2024-07-22,2,1101.14,28,1,Direct
14144,532,231,2024-06-24,2,164.95,11,1,Ads
14145,564,391,2024-04-27,1,607.91,11,0,Direct
14146,659,381,2024-09-27,1,496.4,29,1,Email
14147,981,263,2024-03-11,1,1021.27,31,0,Direct
14148,999,343,2024-01-31,1,213.11,14,1,Direct
14149,77,53,2024-03-22,1,922.61,12,1,Social
14150,533,319,2024-10-11,2,515.55,32,1,Social
14151,830,39,2024-04-06,5,792.67,48,1,Ads
14152,647,118,2024-09-01,5,821.08,46,1,Email
14153,9,181,2024-09-20,3,713.31,27,1,Direct
14154,820,385,2024-10-11,1,764.8,46,0,Social
14155,932,232,2024-02-03,5,936.77,14,0,Email
14156,280,297,2024-09-11,2,1011.7,30,0,Direct
14157,614,331,2024-03-30,5,279.18,60,0,Ads
14158,160,385,2024-06-20,5,459.19,1,0,Email
14159,700,335,2024-04-30,5,987.59,57,1,Email
14160,460,293,2024-03-04,2,561.21,34,0,Social
14161,457,296,2024-03-29,2,178.22,32,1,Ads
14162,323,103,2024-08-16,4,817.85,6,1,Direct
14163,176,146,2024-10-05,4,211.35,20,1,Social
14164,943,384,2024-11-14,4,1197.1,3,0,Ads
14165,748,153,2024-12-22,5,1025.8,28,0,Direct
14166,929,59,2024-06-22,2,837.7,1,0,Ads
14167,967,181,2024-01-22,1,1028.62,44,1,Email
14168,695,260,2024-04-15,2,954.69,36,1,Ads
14169,914,252,2024-08-31,1,623.98,6,0,Email
14170,48,117,2024-07-06,5,1168.8,9,1,Email
14171,955,154,2024-09-26,5,607.83,44,0,Email
14172,197,203,2024-01-27,4,435.17,48,1,Email
14173,125,224,2024-07-17,5,447.81,45,1,Social
14174,421,201,2024-06-04,2,894.23,58,1,Email
14175,856,303,2024-10-08,2,686.94,4,1,Email
14176,44,290,2024-02-05,5,239.69,50,0,Ads
14177,357,264,2024-03-18,4,1045.74,11,0,Social
14178,987,274,2024-11-04,3,1124.39,3,0,Social
14179,740,315,2024-10-18,3,1039.3,47,1,Ads
14180,723,224,2024-06-01,5,431.47,59,0,Email
14181,164,113,2024-07-23,4,102.35,32,1,Direct
14182,787,282,2024-08-13,3,395.24,3,0,Ads
14183,609,369,2024-01-23,3,631.6,54,0,Direct
14184,94,308,2024-06-28,3,855.33,7,0,Direct
14185,821,377,2024-12-02,5,1109.48,49,0,Ads
14186,965,69,2024-09-01,2,162.26,2,0,Email
14187,849,201,2024-11-08,5,937.1,21,1,Social
14188,740,133,2024-06-25,5,727.91,42,1,Direct
14189,894,177,2024-06-03,1,62.28,59,0,Ads
14190,968,298,2024-01-21,3,260.34,28,0,Direct
14191,156,62,2024-09-17,3,298.24,39,0,Social
14192,821,54,2024-10-04,4,934.6,4,1,Email
14193,998,193,2024-12-27,1,163.68,23,1,Ads
14194,649,277,2024-02-01,3,1058.18,23,1,Direct
14195,595,295,2024-11-10,2,319.97,44,0,Email
14196,3,182,2024-04-05,1,990.28,18,1,Social
14197,506,323,2024-07-31,1,1158.38,33,0,Ads
14198,492,12,2024-04-09,3,670.3,35,0,Ads
14199,699,136,2024-07-12,2,186.3,31,0,Email
14200,498,188,2024-06-10,5,790.46,17,1,Email
14201,203,329,2024-06-23,4,426.31,11,1,Social
14202,154,323,2024-11-13,2,1089.93,39,1,Direct
14203,463,272,2024-09-30,5,346.45,12,0,Social
14204,34,331,2024-06-07,1,1086.07,1,1,Direct
14205,915,99,2024-04-18,4,1116.75,20,0,Direct
14206,305,86,2024-06-13,2,565.5,31,0,Email
14207,224,296,2024-11-19,1,1169.57,47,0,Social
14208,676,157,2024-02-13,4,993.9,5,1,Email
14209,167,289,2024-03-20,1,799.8,30,1,Direct
14210,171,242,2024-07-14,3,230.2,30,1,Email
14211,824,117,2024-11-02,3,1119.46,33,0,Social
14212,615,400,2024-08-22,1,892.95,30,0,Ads
14213,260,354,2024-03-01,2,517.47,55,0,Direct
14214,737,126,2024-12-28,5,1100.96,45,0,Ads
14215,981,121,2024-10-19,3,158.37,3,1,Ads
14216,875,304,2024-07-18,2,603.85,9,0,Ads
14217,537,255,2024-09-19,3,607.37,8,1,Social
14218,415,176,2024-12-30,1,426.7,57,1,Direct
14219,952,86,2024-01-28,5,1164.6,29,1,Ads
14220,906,63,2024-09-14,5,1085.82,27,0,Email
14221,42,185,2024-06-09,5,361.3,48,1,Ads
14222,908,5,2024-12-25,5,833.35,30,0,Direct
14223,293,193,2024-06-30,3,578.19,3,1,Direct
14224,548,1,2024-07-01,5,1019.51,21,0,Direct
14225,889,161,2024-11-19,4,759.7,43,0,Social
14226,663,350,2024-12-07,2,344.98,19,1,Social
14227,664,339,2024-10-17,2,876.56,40,0,Ads
14228,693,388,2024-10-18,2,1152.94,25,0,Ads
14229,223,384,2024-10-26,5,406.15,11,0,Email
14230,618,355,2024-11-16,2,1146.38,13,0,Email
14231,126,59,2024-12-23,4,678.37,41,1,Ads
14232,355,368,2024-04-09,3,1178.03,23,0,Direct
14233,235,43,2024-11-16,3,36.07,15,0,Social
14234,693,104,2024-12-16,1,201.43,1,1,Ads
14235,411,371,2024-01-10,4,756.22,21,1,Direct
14236,311,343,2024-07-16,5,582.43,34,1,Ads
14237,463,170,2024-09-05,5,745.97,52,1,Ads
14238,574,305,2024-06-12,2,719.29,49,0,Ads
14239,167,348,2024-03-22,3,172.76,54,0,Email
14240,614,224,2024-03-09,5,206.04,56,1,Direct
14241,110,358,2024-12-01,5,1003.02,22,0,Ads
14242,802,71,2024-10-29,1,72.28,16,0,Direct
14243,311,375,2024-02-14,5,951.62,4,0,Direct
14244,636,88,2024-05-21,3,714.26,1,1,Direct
14245,232,302,2024-09-18,1,1152.71,6,1,Direct
14246,266,164,2024-02-14,3,560.21,2,1,Direct
14247,224,117,2024-04-30,4,397.5,44,0,Direct
14248,583,123,2024-11-20,5,118.16,50,0,Direct
14249,396,136,2024-10-21,5,108.91,60,0,Ads
14250,725,75,2024-03-22,4,432.0,20,1,Direct
14251,130,154,2024-05-19,2,850.0,30,1,Ads
14252,243,337,2024-10-24,3,164.98,10,1,Social
14253,535,121,2024-01-31,1,809.36,35,0,Email
14254,60,331,2024-01-27,5,883.43,49,0,Social
14255,26,51,2024-04-20,1,643.4,55,0,Email
14256,301,58,2024-06-09,4,523.85,38,1,Email
14257,736,142,2024-07-01,2,400.27,60,0,Ads
14258,554,225,2024-05-16,3,883.62,10,1,Ads
14259,538,343,2024-11-03,3,36.78,60,1,Email
14260,642,376,2024-02-18,4,289.06,42,0,Direct
14261,554,12,2024-05-16,5,1025.37,57,1,Social
14262,976,78,2024-10-24,3,696.93,12,0,Direct
14263,179,395,2024-10-28,1,618.22,58,0,Email
14264,964,290,2024-10-01,3,96.67,26,0,Ads
14265,977,320,2024-11-03,3,384.58,34,0,Social
14266,487,28,2024-01-29,2,616.4,38,0,Direct
14267,863,281,2024-11-09,3,179.87,36,0,Email
14268,954,195,2024-03-31,3,35.36,17,0,Email
14269,433,399,2024-08-24,5,1066.28,49,0,Social
14270,994,44,2024-09-14,5,35.21,52,0,Direct
14271,806,227,2024-02-06,4,371.09,35,0,Email
14272,435,9,2024-08-01,3,343.68,58,1,Direct
14273,313,275,2024-12-28,4,431.38,8,0,Email
14274,853,69,2024-07-02,2,799.86,9,0,Ads
14275,187,110,2024-05-08,5,235.18,3,1,Ads
14276,452,198,2024-12-18,1,197.06,36,0,Social
14277,875,285,2024-12-31,5,431.75,26,0,Social
14278,987,191,2024-06-28,1,53.56,29,1,Direct
14279,876,107,2024-04-09,4,981.46,17,0,Direct
14280,123,263,2024-07-28,5,347.32,37,0,Social
14281,517,299,2024-05-27,5,1148.93,34,1,Direct
14282,226,342,2024-06-23,4,760.94,44,1,Ads
14283,40,18,2024-01-17,3,259.26,16,1,Social
14284,830,27,2024-05-18,1,35.28,49,0,Direct
14285,734,160,2024-02-01,3,388.39,37,0,Email
14286,673,39,2024-04-03,1,759.51,36,0,Social
14287,879,121,2024-12-22,1,616.3,19,1,Social
14288,846,312,2024-01-27,1,676.8,28,1,Ads
14289,198,32,2024-01-11,4,430.38,8,1,Direct
14290,277,16,2024-03-23,3,425.07,7,0,Direct
14291,943,207,2024-01-28,2,495.73,10,1,Social
14292,946,64,2024-04-18,2,193.29,47,0,Ads
14293,277,95,2024-05-19,4,775.96,15,0,Direct
14294,652,290,2024-02-23,5,849.09,5,0,Ads
14295,668,280,2024-11-30,4,85.66,49,0,Email
14296,385,203,2024-10-17,5,1162.42,35,0,Email
14297,980,63,2024-10-21,2,117.92,16,1,Social
14298,368,294,2024-03-21,3,362.95,41,1,Ads
14299,971,83,2024-04-04,3,851.17,27,1,Ads
14300,744,250,2024-08-13,4,89.79,21,0,Ads
14301,704,44,2024-09-11,2,306.09,26,0,Email
14302,495,238,2024-06-21,1,37.61,34,0,Direct
14303,716,211,2024-10-22,4,257.95,34,1,Social
14304,488,341,2024-08-05,4,344.28,43,0,Email
14305,677,14,2024-02-12,2,378.52,19,0,Direct
14306,481,296,2024-07-17,2,373.32,52,1,Direct
14307,129,100,2024-08-10,1,865.26,54,0,Ads
14308,767,116,2024-11-03,4,313.2,16,0,Social
14309,326,310,2024-09-08,2,781.91,24,1,Direct
14310,146,360,2024-11-21,1,521.3,23,1,Email
14311,83,266,2024-09-11,2,792.35,28,1,Email
14312,76,369,2024-04-14,3,85.04,37,0,Ads
14313,30,88,2024-02-05,3,49.87,26,0,Ads
14314,733,134,2024-08-21,4,1075.1,4,1,Direct
14315,179,233,2024-03-24,2,307.19,52,1,Email
14316,752,145,2024-10-13,3,363.3,30,1,Direct
14317,526,177,2024-09-12,2,509.45,3,0,Social
14318,920,289,2024-04-04,4,719.39,47,0,Direct
14319,155,256,2024-07-20,3,36.38,17,1,Ads
14320,958,52,2024-01-23,3,49.44,45,0,Direct
14321,649,364,2024-02-20,1,548.62,58,1,Social
14322,916,108,2024-02-09,3,536.87,26,1,Social
14323,375,156,2024-06-23,5,592.8,47,0,Email
14324,177,378,2024-11-01,4,1081.9,52,0,Ads
14325,651,131,2024-04-12,2,1048.81,48,0,Direct
14326,246,199,2024-06-15,2,101.27,26,1,Direct
14327,663,340,2024-03-09,5,1189.92,59,0,Ads
14328,516,113,2024-12-29,3,873.12,23,0,Ads
14329,990,79,2024-04-09,4,171.88,3,0,Email
14330,745,222,2024-03-05,4,270.26,8,1,Direct
14331,954,280,2024-10-06,2,578.79,41,0,Social
14332,79,204,2024-08-24,3,486.19,20,0,Email
14333,23,374,2024-08-04,2,1108.22,29,1,Direct
14334,412,262,2024-12-06,2,417.89,40,1,Social
14335,628,48,2024-10-06,5,845.57,47,1,Ads
14336,963,346,2024-08-31,2,704.46,36,0,Social
14337,723,282,2024-03-12,3,834.19,33,1,Social
14338,470,204,2024-09-04,2,791.16,1,0,Ads
14339,120,169,2024-09-19,2,305.62,54,0,Social
14340,579,254,2024-06-14,3,1189.83,29,0,Email
14341,166,64,2024-05-18,3,557.91,25,0,Ads
14342,95,153,2024-05-29,5,171.86,28,0,Ads
14343,698,16,2024-09-16,2,30.17,10,1,Social
14344,366,365,2024-08-23,5,283.41,29,0,Direct
14345,18,48,2024-01-21,3,977.0,55,1,Email
14346,672,318,2024-09-05,4,1183.63,49,1,Direct
14347,890,172,2024-11-28,4,31.79,13,1,Ads
14348,652,90,2024-12-28,4,961.83,13,0,Social
14349,47,373,2024-03-30,4,1137.24,19,1,Direct
14350,991,188,2024-09-09,4,1143.4,28,1,Ads
14351,909,239,2024-03-16,4,27.7,22,0,Email
14352,906,369,2024-06-05,2,537.83,39,1,Ads
14353,149,131,2024-04-03,5,230.69,13,1,Direct
14354,133,214,2024-05-23,4,1118.37,21,0,Social
14355,184,240,2024-11-09,1,1042.76,59,1,Social
14356,528,375,2024-11-17,1,850.98,2,1,Email
14357,268,125,2024-11-26,2,546.23,22,0,Direct
14358,538,180,2024-02-11,3,858.82,26,1,Ads
14359,139,27,2024-01-31,1,592.9,23,0,Social
14360,321,14,2024-01-03,5,386.8,54,0,Direct
14361,594,29,2024-11-13,5,669.96,7,0,Social
14362,10,370,2024-09-16,3,590.47,52,1,Social
14363,392,132,2024-04-02,5,1199.53,15,0,Direct
14364,448,137,2024-01-29,2,1182.1,28,0,Social
14365,564,140,2024-07-09,4,943.99,54,1,Email
14366,610,242,2024-09-23,2,665.64,20,0,Email
14367,534,62,2024-06-13,3,1178.39,14,1,Email
14368,586,29,2024-02-02,2,202.99,21,0,Ads
14369,839,23,2024-03-19,2,937.87,51,0,Email
14370,997,382,2024-07-31,2,613.67,42,1,Email
14371,99,274,2024-04-03,1,957.0,50,0,Email
14372,644,136,2024-05-10,4,282.1,18,0,Direct
14373,385,197,2024-09-21,2,722.42,29,1,Social
14374,16,36,2024-12-05,4,1045.55,37,0,Social
14375,388,319,2024-03-17,4,154.03,39,1,Social
14376,840,100,2024-05-04,1,911.75,45,0,Ads
14377,267,171,2024-01-19,1,858.41,36,1,Social
14378,631,23,2024-01-02,2,412.44,45,0,Direct
14379,766,236,2024-08-21,2,464.12,49,1,Social
14380,881,49,2024-08-31,2,866.12,18,1,Email
14381,365,207,2024-01-17,1,1099.1,12,0,Email
14382,184,29,2024-12-20,5,908.93,10,1,Direct
14383,924,184,2024-04-04,4,1022.19,60,1,Social
14384,878,112,2024-03-04,1,911.06,37,0,Direct
14385,835,1,2024-11-17,3,900.0,26,1,Ads
14386,18,309,2024-11-21,4,779.19,32,1,Ads
14387,407,226,2024-02-09,5,42.56,40,0,Ads
14388,754,11,2024-07-15,4,343.65,45,1,Social
14389,245,300,2024-10-18,5,1156.74,13,1,Social
14390,710,239,2024-11-29,3,458.21,10,1,Direct
14391,220,99,2024-11-16,5,1135.55,34,1,Direct
14392,422,79,2024-02-19,4,594.98,41,0,Email
14393,453,357,2024-06-22,3,730.64,57,1,Social
14394,417,97,2024-04-08,2,514.93,17,0,Email
14395,351,167,2024-09-30,4,472.24,27,1,Email
14396,51,393,2024-02-13,5,963.74,44,0,Ads
14397,520,192,2024-12-23,2,192.44,57,1,Email
14398,452,241,2024-05-19,3,77.23,22,1,Direct
14399,323,256,2024-09-04,2,446.96,38,0,Direct
14400,123,284,2024-07-22,2,608.97,53,1,Email
14401,310,335,2024-11-25,2,1084.48,42,0,Direct
14402,547,278,2024-10-11,5,762.86,24,1,Direct
14403,394,377,2024-01-28,1,416.79,45,1,Direct
14404,935,193,2024-09-24,1,1088.17,47,1,Social
14405,810,1,2024-07-15,2,330.96,1,0,Ads
14406,183,74,2024-04-26,4,887.31,14,1,Email
14407,671,281,2024-04-29,5,493.16,33,0,Direct
14408,951,163,2024-09-13,3,168.14,41,1,Direct
14409,715,276,2024-02-16,1,427.5,1,1,Email
14410,857,254,2024-10-17,3,920.47,29,0,Ads
14411,965,263,2024-10-31,4,907.33,28,0,Direct
14412,448,63,2024-11-20,5,451.58,15,0,Direct
14413,50,23,2024-06-14,2,986.87,10,0,Email
14414,35,284,2024-04-29,2,504.2,2,1,Direct
14415,702,375,2024-08-20,5,407.67,15,0,Direct
14416,352,390,2024-05-05,5,984.78,21,0,Ads
14417,274,200,2024-05-16,5,100.0,4,0,Ads
14418,854,176,2024-04-14,1,323.32,21,1,Direct
14419,254,134,2024-11-03,5,207.61,21,0,Social
14420,126,176,2024-10-08,5,717.06,55,1,Social
14421,620,389,2024-12-01,2,440.28,6,1,Direct
14422,274,388,2024-11-29,5,825.96,34,0,Email
14423,751,100,2024-02-22,3,980.06,59,0,Social
14424,231,138,2024-01-25,4,688.97,57,0,Ads
14425,548,317,2024-07-26,3,456.37,39,0,Direct
14426,698,344,2024-10-17,4,645.56,33,1,Social
14427,521,250,2024-09-25,3,526.81,35,0,Email
14428,693,216,2024-09-08,3,900.0,45,0,Social
14429,673,317,2024-04-29,2,309.68,56,1,Direct
14430,910,291,2024-08-22,5,1045.61,24,0,Ads
14431,872,300,2024-02-16,3,408.26,21,1,Direct
14432,714,16,2024-06-22,5,363.27,13,1,Ads
14433,290,318,2024-02-04,2,940.42,44,0,Social
14434,656,332,2024-12-22,1,621.57,21,1,Social
14435,552,337,2024-05-25,1,1096.19,41,0,Email
14436,103,43,2024-11-29,5,340.97,50,1,Email
14437,445,297,2024-08-17,2,1071.74,11,0,Direct
14438,258,144,2024-09-23,2,436.46,35,1,Email
14439,825,159,2024-02-07,4,137.55,40,1,Social
14440,868,297,2024-06-07,3,121.46,58,1,Email
14441,996,288,2024-03-19,5,389.34,29,0,Direct
14442,878,195,2024-01-11,5,455.1,60,1,Social
14443,107,387,2024-11-20,2,578.1,40,0,Email
14444,890,153,2024-03-09,4,177.46,56,0,Ads
14445,557,17,2024-08-27,5,1085.95,56,1,Ads
14446,192,200,2024-02-10,5,1170.7,46,1,Direct
14447,46,277,2024-08-16,4,1061.31,26,0,Ads
14448,679,307,2024-02-23,5,1058.42,8,1,Direct
14449,977,201,2024-04-05,2,1033.74,10,0,Email
14450,942,292,2024-11-04,2,291.57,20,0,Ads
14451,535,256,2024-02-27,5,1126.46,60,0,Direct
14452,855,238,2024-09-28,1,582.92,4,1,Email
14453,768,363,2024-10-12,1,746.71,41,1,Direct
14454,126,306,2024-12-15,4,408.6,48,0,Ads
14455,135,23,2024-08-06,1,686.72,16,0,Email
14456,642,360,2024-06-05,1,1196.54,10,1,Social
14457,63,325,2024-10-21,2,363.03,60,0,Direct
14458,296,123,2024-07-15,5,228.87,33,1,Email
14459,8,214,2024-04-17,3,236.23,10,0,Direct
14460,679,267,2024-02-14,4,607.73,22,0,Ads
14461,581,124,2024-09-07,3,1195.5,3,1,Ads
14462,567,309,2024-09-04,4,323.89,49,0,Social
14463,835,183,2024-02-24,2,852.71,50,1,Social
14464,902,36,2024-11-13,1,153.5,4,1,Ads
14465,834,391,2024-02-22,2,990.67,9,0,Email
14466,397,63,2024-12-21,4,273.41,5,1,Email
14467,658,348,2024-12-03,2,209.85,7,0,Email
14468,763,279,2024-05-28,3,1012.93,40,1,Direct
14469,394,275,2024-05-05,5,731.48,17,0,Direct
14470,495,253,2024-11-28,4,213.33,52,1,Email
14471,881,229,2024-09-20,4,77.72,49,0,Ads
14472,567,135,2024-05-21,3,121.02,17,1,Ads
14473,751,31,2024-07-01,3,176.51,2,0,Ads
14474,127,389,2024-06-19,2,236.5,34,1,Ads
14475,614,353,2024-11-14,4,256.92,17,0,Email
14476,828,22,2024-09-21,1,333.87,31,0,Social
14477,292,178,2024-01-22,2,941.61,13,0,Social
14478,220,176,2024-12-15,3,786.49,56,0,Email
14479,962,29,2024-11-25,2,585.5,2,1,Social
14480,698,164,2024-10-03,1,1130.32,39,0,Direct
14481,703,184,2024-04-17,1,130.38,21,0,Email
14482,413,309,2024-12-23,5,308.23,20,1,Email
14483,545,337,2024-06-14,3,976.15,26,1,Email
14484,907,45,2024-04-20,1,1043.64,35,0,Social
14485,411,304,2024-02-29,1,360.02,14,1,Direct
14486,731,260,2024-09-03,2,614.77,31,1,Direct
14487,70,312,2024-12-05,2,906.95,36,0,Direct
14488,307,91,2024-04-11,3,725.94,3,1,Email
14489,268,61,2024-01-12,3,1096.09,5,1,Social
14490,511,91,2024-12-03,4,1159.1,47,0,Social
14491,330,153,2024-11-06,1,984.88,14,0,Ads
14492,243,219,2024-05-24,3,649.34,12,1,Direct
14493,405,282,2024-08-01,5,1044.79,25,0,Ads
14494,170,396,2024-10-23,3,848.07,17,1,Direct
14495,709,123,2024-10-04,5,801.26,8,1,Ads
14496,160,44,2024-09-20,1,815.84,56,0,Ads
14497,246,87,2024-01-31,5,962.88,26,0,Social
14498,630,211,2024-04-16,1,1101.22,9,0,Email
14499,847,341,2024-09-03,5,844.86,28,1,Ads
14500,514,223,2024-12-01,2,138.68,3,0,Direct
14501,843,367,2024-04-25,2,15.25,3,0,Direct
14502,125,221,2024-03-01,5,993.32,34,1,Direct
14503,518,321,2024-10-26,3,726.03,31,0,Ads
14504,625,133,2024-04-06,4,936.25,25,1,Direct
14505,723,34,2024-04-12,3,416.07,60,0,Social
14506,454,23,2024-09-04,3,709.33,50,0,Email
14507,870,75,2024-06-09,4,216.72,37,1,Direct
14508,758,318,2024-01-10,4,85.19,6,1,Social
14509,946,260,2024-05-12,2,457.51,11,1,Direct
14510,153,175,2024-10-07,4,1186.3,43,0,Social
14511,272,290,2024-05-11,2,920.58,15,1,Social
14512,659,293,2024-03-09,3,496.99,9,0,Email
14513,38,275,2024-01-12,5,761.17,29,0,Email
14514,253,195,2024-08-29,3,1003.74,58,1,Ads
14515,981,87,2024-11-09,4,556.5,13,1,Ads
14516,246,168,2024-05-25,5,654.68,27,1,Email
14517,334,131,2024-01-14,5,277.28,43,0,Direct
14518,696,320,2024-11-10,3,240.18,10,0,Social
14519,364,162,2024-07-24,3,500.15,25,1,Ads
14520,514,314,2024-01-28,2,1086.18,52,0,Direct
14521,402,242,2024-03-10,5,87.22,26,1,Direct
14522,263,217,2024-04-06,5,357.8,57,1,Ads
14523,986,316,2024-12-12,3,95.41,38,0,Ads
14524,721,373,2024-10-29,1,275.95,34,0,Direct
14525,85,303,2024-08-01,1,684.43,33,1,Social
14526,581,128,2024-11-30,5,909.42,23,0,Social
14527,478,135,2024-12-13,1,544.6,27,0,Direct
14528,521,332,2024-07-14,4,1155.75,15,0,Email
14529,31,140,2024-05-09,3,1185.08,39,1,Ads
14530,615,316,2024-03-30,1,1120.65,40,1,Direct
14531,274,302,2024-10-13,3,1060.62,20,0,Social
14532,482,213,2024-05-14,4,363.01,38,1,Ads
14533,701,210,2024-03-20,1,425.34,57,1,Ads
14534,802,120,2024-08-28,4,42.63,46,0,Direct
14535,118,3,2024-06-10,4,990.42,60,0,Direct
14536,502,188,2024-08-25,3,937.12,16,0,Ads
14537,462,296,2024-12-13,3,986.16,17,1,Email
14538,587,148,2024-03-06,2,156.66,43,0,Social
14539,729,290,2024-09-02,5,474.67,54,0,Ads
14540,344,390,2024-09-30,5,1181.03,49,0,Direct
14541,486,369,2024-06-13,2,341.56,41,0,Social
14542,312,302,2024-11-14,1,585.06,39,1,Direct
14543,697,102,2024-10-30,2,216.08,4,1,Ads
14544,731,292,2024-09-03,1,158.3,26,1,Ads
14545,683,370,2024-01-08,3,686.66,11,1,Email
14546,499,47,2024-11-03,2,1189.13,36,0,Social
14547,231,148,2024-10-19,1,1017.61,18,0,Ads
14548,157,221,2024-01-16,5,1004.56,34,0,Direct
14549,206,379,2024-05-23,2,783.19,24,1,Social
14550,524,195,2024-08-01,5,1048.62,37,1,Email
14551,884,15,2024-11-19,4,362.76,35,0,Email
14552,634,282,2024-10-25,4,971.3,15,0,Email
14553,722,176,2024-08-25,2,576.17,57,0,Ads
14554,898,140,2024-12-26,5,905.54,49,1,Ads
14555,506,174,2024-06-26,4,817.22,57,1,Ads
14556,916,382,2024-01-31,2,703.1,49,0,Direct
14557,633,242,2024-11-11,2,715.23,45,0,Ads
14558,321,73,2024-10-28,2,489.24,4,0,Ads
14559,282,303,2024-08-10,3,748.92,50,1,Email
14560,783,260,2024-09-27,1,1041.92,24,1,Direct
14561,224,145,2024-01-14,4,736.82,19,0,Direct
14562,726,149,2024-12-26,1,152.21,46,0,Email
14563,172,210,2024-02-10,2,848.73,46,0,Ads
14564,277,161,2024-05-05,1,1012.66,4,1,Social
14565,34,224,2024-01-18,5,100.18,23,1,Social
14566,16,94,2024-09-07,4,52.2,33,0,Ads
14567,231,325,2024-06-07,2,692.22,7,1,Social
14568,413,257,2024-08-11,1,687.23,44,0,Social
14569,881,150,2024-09-21,4,950.55,55,0,Direct
14570,354,68,2024-10-17,3,352.83,7,1,Ads
14571,763,22,2024-05-25,4,830.63,8,1,Social
14572,731,5,2024-09-23,1,261.67,44,1,Ads
14573,253,390,2024-05-07,1,698.19,45,0,Social
14574,232,242,2024-03-22,3,372.53,59,0,Direct
14575,180,81,2024-08-14,1,762.83,37,1,Email
14576,903,36,2024-11-04,2,242.93,37,1,Direct
14577,49,149,2024-06-03,3,749.76,59,1,Direct
14578,116,308,2024-03-28,4,375.38,13,1,Direct
14579,42,191,2024-01-15,4,839.0,2,1,Ads
14580,712,59,2024-05-09,2,1046.06,3,1,Ads
14581,138,240,2024-12-25,3,753.22,44,0,Ads
14582,12,361,2024-08-24,1,188.82,56,1,Direct
14583,790,68,2024-02-08,2,954.93,2,0,Direct
14584,187,305,2024-10-01,1,975.41,57,0,Social
14585,5,370,2024-05-30,5,739.47,34,0,Email
14586,901,270,2024-05-20,4,334.09,40,0,Ads
14587,900,67,2024-01-28,2,61.97,13,0,Email
14588,619,357,2024-09-07,4,863.46,53,1,Ads
14589,500,115,2024-12-25,3,151.12,4,0,Ads
14590,911,186,2024-05-01,3,857.13,13,0,Direct
14591,647,21,2024-10-08,4,820.06,48,1,Direct
14592,184,389,2024-01-24,2,804.18,24,0,Direct
14593,131,26,2024-01-30,1,1157.92,21,1,Direct
14594,859,256,2024-09-13,2,908.47,38,0,Social
14595,996,253,2024-07-17,5,594.22,23,1,Email
14596,854,332,2024-01-18,5,476.78,31,0,Social
14597,893,161,2024-04-16,3,882.45,5,1,Social
14598,677,337,2024-07-20,5,244.15,33,0,Ads
14599,918,88,2024-03-06,3,868.88,2,1,Ads
14600,705,67,2024-06-17,1,362.54,18,1,Ads
14601,719,315,2024-06-11,3,667.79,46,0,Social
14602,980,289,2024-12-30,2,1041.86,56,0,Ads
14603,18,36,2024-03-24,5,1065.31,46,1,Ads
14604,650,84,2024-11-04,4,746.42,21,0,Ads
14605,872,110,2024-12-15,3,362.12,1,1,Email
14606,398,268,2024-05-27,2,770.57,50,1,Email
14607,290,136,2024-09-14,2,428.7,11,0,Direct
14608,494,313,2024-06-04,4,343.99,50,0,Direct
14609,314,15,2024-01-18,4,305.32,22,1,Social
14610,938,103,2024-03-12,1,373.81,10,0,Social
14611,85,356,2024-11-09,4,652.31,6,0,Social
14612,257,190,2024-05-04,5,741.62,12,1,Social
14613,507,141,2024-03-25,1,86.05,4,1,Email
14614,689,41,2024-06-28,5,800.97,49,1,Ads
14615,885,88,2024-12-04,5,276.94,52,0,Email
14616,732,172,2024-08-05,2,695.64,17,1,Email
14617,914,287,2024-05-15,3,219.08,38,1,Email
14618,641,375,2024-05-10,2,144.47,35,1,Social
14619,895,102,2024-08-31,4,757.8,38,0,Social
14620,574,353,2024-06-20,1,861.82,35,1,Direct
14621,681,124,2024-05-15,3,1190.22,49,0,Ads
14622,340,181,2024-01-20,4,1124.78,46,1,Social
14623,657,48,2024-05-12,5,119.2,19,1,Ads
14624,442,114,2024-06-02,4,647.4,21,1,Ads
14625,568,60,2024-09-30,2,551.58,31,1,Direct
14626,230,378,2024-12-13,1,492.14,2,0,Direct
14627,57,338,2024-04-15,2,122.91,10,1,Social
14628,752,242,2024-10-06,3,528.49,34,1,Ads
14629,925,339,2024-10-18,3,886.47,19,1,Social
14630,105,31,2024-07-12,5,151.04,2,0,Direct
14631,621,212,2024-12-28,2,977.74,11,0,Direct
14632,672,166,2024-01-26,3,140.07,48,0,Social
14633,563,28,2024-09-12,3,1085.12,46,1,Social
14634,61,122,2024-12-18,5,754.11,50,1,Ads
14635,421,163,2024-11-09,5,583.37,26,0,Social
14636,818,3,2024-08-30,5,261.57,22,0,Email
14637,184,377,2024-07-13,2,937.43,34,1,Email
14638,718,15,2024-09-11,2,660.74,36,0,Ads
14639,436,172,2024-07-28,1,663.83,25,1,Ads
14640,566,372,2024-07-12,2,1015.55,59,1,Direct
14641,965,140,2024-04-14,2,683.37,42,1,Social
14642,621,26,2024-03-29,5,353.28,26,1,Ads
14643,891,230,2024-03-16,3,951.24,29,1,Social
14644,487,311,2024-04-02,5,1096.09,48,0,Direct
14645,117,278,2024-08-23,2,1076.05,16,1,Ads
14646,861,162,2024-10-20,2,695.47,47,1,Email
14647,823,170,2024-04-03,1,885.68,56,1,Email
14648,716,175,2024-03-17,2,613.95,29,1,Social
14649,888,152,2024-06-27,1,799.25,22,0,Direct
14650,392,292,2024-05-10,3,1095.38,16,1,Social
14651,23,276,2024-12-21,2,649.61,39,1,Social
14652,523,377,2024-04-26,4,376.04,39,1,Social
14653,293,305,2024-12-16,3,389.23,42,0,Social
14654,523,374,2024-07-19,5,286.63,24,1,Social
14655,669,388,2024-05-14,2,1141.79,58,0,Direct
14656,295,244,2024-01-31,2,146.69,54,1,Direct
14657,723,340,2024-09-14,3,255.85,52,0,Ads
14658,902,291,2024-08-21,3,450.38,56,1,Ads
14659,277,378,2024-11-12,2,1187.77,56,0,Email
14660,545,295,2024-08-08,5,290.76,37,1,Social
14661,921,294,2024-04-15,2,944.67,58,0,Social
14662,464,182,2024-05-03,3,1040.86,4,0,Email
14663,291,102,2024-05-07,4,28.5,20,1,Direct
14664,173,66,2024-07-08,1,1140.3,57,0,Direct
14665,244,336,2024-07-07,1,299.8,1,1,Social
14666,903,144,2024-09-18,2,198.26,54,0,Direct
14667,508,115,2024-03-19,1,1197.76,4,1,Ads
14668,551,216,2024-08-12,2,886.56,47,1,Social
14669,4,286,2024-11-25,5,920.68,2,0,Social
14670,849,363,2024-05-31,4,76.57,33,0,Direct
14671,562,89,2024-01-03,2,26.81,19,1,Social
14672,241,155,2024-12-05,1,1097.64,3,0,Direct
14673,959,355,2024-09-19,3,1120.12,4,1,Ads
14674,622,119,2024-10-14,4,280.59,12,1,Ads
14675,773,318,2024-03-27,1,961.09,19,0,Email
14676,780,241,2024-06-28,3,984.61,36,1,Ads
14677,506,154,2024-01-04,1,550.1,4,1,Email
14678,7,329,2024-09-29,3,203.29,58,0,Email
14679,465,106,2024-09-03,5,292.62,44,1,Email
14680,161,131,2024-11-08,1,167.89,1,0,Ads
14681,640,211,2024-01-27,5,366.76,20,0,Social
14682,418,136,2024-03-28,1,872.74,47,1,Ads
14683,263,45,2024-07-15,3,143.6,24,1,Email
14684,910,61,2024-02-29,5,16.88,45,1,Email
14685,148,72,2024-01-04,3,245.36,9,1,Direct
14686,6,383,2024-02-19,2,647.23,52,1,Ads
14687,798,309,2024-01-13,4,1016.48,52,0,Direct
14688,302,233,2024-03-23,4,326.06,11,1,Direct
14689,425,336,2024-04-02,2,1172.89,22,1,Social
14690,10,105,2024-10-05,2,421.6,30,1,Direct
14691,645,395,2024-09-19,1,939.56,20,0,Direct
14692,921,166,2024-01-21,4,114.96,5,1,Direct
14693,348,244,2024-07-23,4,87.11,53,0,Email
14694,928,290,2024-05-11,1,1125.3,20,1,Ads
14695,203,186,2024-07-22,3,1138.78,24,1,Email
14696,306,168,2024-10-08,1,302.02,27,0,Direct
14697,586,64,2024-03-13,5,647.22,38,0,Email
14698,266,396,2024-01-24,2,474.91,53,0,Social
14699,51,394,2024-08-12,1,882.24,8,1,Email
14700,54,81,2024-12-29,5,281.69,1,0,Ads
14701,556,123,2024-07-13,3,83.55,10,1,Social
14702,86,71,2024-01-04,2,632.42,6,1,Direct
14703,253,2,2024-11-01,1,899.0,59,0,Email
14704,85,29,2024-12-19,5,388.44,15,0,Ads
14705,884,132,2024-12-19,3,648.15,21,1,Email
14706,675,323,2024-08-22,2,648.41,24,1,Email
14707,70,327,2024-05-05,3,1132.8,48,1,Social
14708,399,178,2024-12-06,4,1095.19,29,0,Social
14709,759,216,2024-11-17,4,140.57,47,1,Social
14710,879,264,2024-01-26,4,745.88,6,0,Direct
14711,695,15,2024-04-27,3,529.22,26,0,Email
14712,609,106,2024-09-02,5,240.24,41,0,Ads
14713,731,338,2024-11-09,2,540.11,36,1,Social
14714,520,154,2024-05-25,2,1119.38,19,1,Social
14715,930,98,2024-10-02,4,513.73,5,1,Ads
14716,550,287,2024-07-05,1,652.44,48,1,Social
14717,952,202,2024-01-25,3,325.07,40,0,Ads
14718,114,170,2024-12-20,3,804.74,51,1,Email
14719,279,167,2024-12-25,5,295.88,27,1,Direct
14720,189,293,2024-01-17,5,472.22,16,0,Email
14721,746,222,2024-06-06,3,562.89,50,1,Email
14722,117,179,2024-11-17,1,216.14,2,0,Email
14723,959,269,2024-11-13,4,1037.13,60,0,Email
14724,691,332,2024-06-24,5,224.41,53,1,Email
14725,298,35,2024-01-03,2,276.86,55,0,Ads
14726,388,240,2024-05-15,3,382.53,35,0,Email
14727,587,98,2024-10-03,5,620.72,39,1,Ads
14728,792,330,2024-08-23,5,642.59,12,0,Direct
14729,786,197,2024-06-06,1,731.33,47,0,Social
14730,246,349,2024-10-22,5,285.55,40,0,Social
14731,802,89,2024-02-02,5,785.35,20,0,Email
14732,71,186,2024-08-29,1,178.91,8,1,Email
14733,362,374,2024-07-09,4,426.45,17,1,Email
14734,986,180,2024-07-01,1,356.94,60,1,Direct
14735,687,343,2024-11-28,3,526.34,50,0,Ads
14736,372,52,2024-08-29,3,836.49,3,1,Social
14737,410,299,2024-09-29,3,495.12,9,0,Email
14738,2,33,2024-11-20,2,543.41,35,0,Social
14739,418,277,2024-07-09,4,1129.65,29,1,Direct
14740,379,309,2024-06-27,3,864.27,56,1,Direct
14741,568,345,2024-01-03,1,407.52,11,1,Email
14742,404,300,2024-11-25,1,787.49,8,1,Email
14743,819,145,2024-03-17,2,368.64,21,0,Social
14744,376,399,2024-04-06,1,696.05,39,0,Social
14745,512,60,2024-09-13,5,1012.54,55,0,Email
14746,252,189,2024-10-07,1,986.03,32,0,Email
14747,565,237,2024-10-21,1,188.0,10,1,Direct
14748,461,346,2024-07-23,5,746.24,21,0,Social
14749,187,387,2024-07-11,5,140.31,2,1,Email
14750,425,286,2024-03-13,5,1173.54,14,0,Direct
14751,794,240,2024-01-12,2,527.85,54,0,Email
14752,891,365,2024-04-18,4,1049.18,4,0,Direct
14753,412,295,2024-04-08,3,548.61,11,1,Email
14754,900,395,2024-03-31,4,598.56,9,1,Social
14755,286,209,2024-12-18,2,682.05,34,0,Social
14756,512,204,2024-01-08,4,313.11,57,1,Social
14757,134,396,2024-07-07,2,365.43,22,1,Email
14758,969,294,2024-10-31,5,237.79,8,1,Social
14759,334,351,2024-04-07,1,514.88,11,1,Direct
14760,694,307,2024-09-08,3,1175.84,30,0,Social
14761,386,176,2024-06-14,1,358.76,37,0,Ads
14762,711,370,2024-01-30,3,914.68,22,0,Direct
14763,636,400,2024-04-14,3,522.96,9,0,Social
14764,588,161,2024-12-10,5,667.04,13,1,Social
14765,546,112,2024-07-03,5,149.28,24,1,Social
14766,657,352,2024-11-22,4,496.66,3,0,Social
14767,864,277,2024-08-16,3,985.74,33,0,Direct
14768,951,307,2024-03-17,1,1004.36,9,0,Direct
14769,399,275,2024-07-31,4,373.34,54,0,Direct
14770,58,252,2024-10-19,1,670.28,23,0,Direct
14771,757,234,2024-01-02,3,722.41,47,1,Social
14772,731,360,2024-06-13,2,346.24,24,0,Social
14773,419,20,2024-08-25,3,407.54,40,1,Social
14774,949,21,2024-09-28,3,678.93,3,0,Email
14775,610,350,2024-08-24,1,799.13,57,0,Social
14776,451,50,2024-05-31,2,400.17,59,1,Social
14777,918,245,2024-01-27,2,714.99,24,0,Ads
14778,478,372,2024-04-24,1,202.98,46,0,Direct
14779,907,324,2024-11-15,4,880.84,12,1,Ads
14780,823,338,2024-02-25,3,197.26,41,0,Direct
14781,72,22,2024-04-07,4,880.69,47,0,Direct
14782,500,168,2024-11-13,5,127.93,11,1,Email
14783,480,180,2024-01-30,1,935.74,2,0,Email
14784,62,287,2024-01-11,5,410.8,58,1,Ads
14785,63,290,2024-11-06,2,769.99,5,0,Ads
14786,709,123,2024-07-03,4,251.8,11,0,Email
14787,323,296,2024-12-22,3,805.59,48,1,Direct
14788,856,119,2024-12-19,1,649.4,23,0,Ads
14789,705,243,2024-10-04,1,957.74,42,1,Social
14790,815,10,2024-10-20,1,932.63,17,0,Email
14791,739,105,2024-03-23,3,700.17,23,1,Direct
14792,464,44,2024-09-28,5,953.97,43,0,Email
14793,345,275,2024-01-06,4,466.58,3,1,Email
14794,400,117,2024-04-19,1,309.55,57,1,Social
14795,608,132,2024-02-11,4,46.53,19,0,Social
14796,166,151,2024-10-30,3,841.4,51,1,Email
14797,105,389,2024-06-17,2,1036.53,45,0,Direct
14798,800,100,2024-10-08,1,365.49,22,1,Ads
14799,261,85,2024-09-23,1,959.28,3,0,Social
14800,731,364,2024-07-14,2,62.2,24,1,Ads
14801,693,165,2024-07-28,3,27.09,52,0,Ads
14802,782,108,2024-03-07,2,1000.12,29,0,Social
14803,942,221,2024-07-16,2,221.72,35,0,Ads
14804,693,258,2024-11-11,2,1063.18,36,0,Email
14805,325,75,2024-08-15,5,1089.73,45,1,Ads
14806,65,392,2024-07-25,5,1135.98,53,1,Social
14807,142,274,2024-12-22,5,1141.35,22,1,Email
14808,481,377,2024-11-18,5,395.13,10,0,Ads
14809,933,174,2024-08-28,5,905.81,43,1,Direct
14810,146,279,2024-12-01,1,1142.02,21,0,Ads
14811,294,229,2024-02-20,4,426.3,50,1,Email
14812,168,221,2024-11-03,4,535.86,41,0,Email
14813,215,155,2024-05-30,3,848.72,14,1,Direct
14814,963,19,2024-10-17,3,61.26,36,0,Ads
14815,239,175,2024-08-31,3,139.74,30,0,Email
14816,204,90,2024-05-18,2,822.95,20,0,Email
14817,367,399,2024-01-17,4,602.5,38,0,Social
14818,946,115,2024-02-16,5,987.04,57,1,Ads
14819,621,82,2024-02-18,2,989.18,36,0,Social
14820,557,385,2024-09-20,4,940.21,38,1,Email
14821,661,361,2024-08-03,2,788.83,46,1,Direct
14822,25,167,2024-08-03,3,594.53,42,0,Social
14823,139,325,2024-06-03,2,428.23,24,0,Ads
14824,833,319,2024-12-01,5,612.68,29,1,Email
14825,585,290,2024-06-26,1,1070.77,50,0,Ads
14826,122,178,2024-12-29,2,712.52,2,0,Social
14827,609,95,2024-09-01,3,93.78,13,1,Direct
14828,144,376,2024-05-17,5,690.93,17,1,Social
14829,946,364,2024-05-16,2,282.21,21,0,Direct
14830,22,274,2024-12-13,4,391.96,58,0,Ads
14831,158,313,2024-12-14,1,945.9,28,1,Ads
14832,648,350,2024-08-22,4,1037.42,24,0,Email
14833,74,312,2024-12-19,2,202.25,8,1,Ads
14834,731,125,2024-09-23,2,1030.93,22,0,Email
14835,684,194,2024-10-15,4,1170.38,5,0,Ads
14836,321,145,2024-03-18,4,161.86,20,0,Ads
14837,13,283,2024-08-21,1,749.71,29,0,Email
14838,142,58,2024-03-21,3,310.01,8,1,Direct
14839,260,282,2024-08-14,3,1107.27,52,1,Social
14840,553,24,2024-05-08,4,920.93,10,1,Social
14841,343,79,2024-05-07,3,650.58,2,0,Ads
14842,29,226,2024-03-08,2,308.22,38,0,Social
14843,611,85,2024-08-27,1,321.24,38,1,Direct
14844,399,319,2024-12-27,4,939.25,55,1,Ads
14845,124,300,2024-10-14,5,977.83,6,1,Ads
14846,994,238,2024-02-14,2,193.68,44,0,Email
14847,117,179,2024-02-10,3,344.91,60,0,Email
14848,665,205,2024-12-07,4,698.13,55,1,Ads
14849,547,378,2024-10-03,3,876.82,44,1,Email
14850,503,81,2024-06-23,2,905.52,47,0,Direct
14851,511,53,2024-05-05,1,132.18,1,1,Ads
14852,201,110,2024-05-12,3,971.88,29,0,Ads
14853,242,70,2024-02-04,3,1127.06,27,0,Email
14854,607,130,2024-06-07,2,945.94,19,0,Email
14855,924,84,2024-10-04,2,498.68,49,0,Ads
14856,58,363,2024-04-23,2,1064.69,11,0,Social
14857,840,234,2024-04-11,5,573.72,58,1,Direct
14858,173,17,2024-04-20,4,613.21,39,0,Direct
14859,365,218,2024-07-18,1,1050.43,38,1,Social
14860,534,69,2024-10-16,2,307.47,29,1,Direct
14861,821,374,2024-11-14,4,354.25,43,0,Direct
14862,694,255,2024-01-08,5,64.42,19,1,Ads
14863,185,17,2024-02-07,4,329.84,19,1,Ads
14864,673,26,2024-01-12,2,1045.45,12,0,Ads
14865,492,396,2024-01-13,1,357.52,21,1,Ads
14866,271,296,2024-01-20,2,801.26,50,0,Social
14867,30,68,2024-03-10,5,686.2,30,0,Ads
14868,629,166,2024-07-19,3,1062.75,16,1,Email
14869,770,340,2024-05-01,1,939.01,43,0,Direct
14870,80,82,2024-05-12,1,539.53,28,0,Direct
14871,374,131,2024-05-19,4,833.58,29,0,Social
14872,29,162,2024-04-01,4,1133.83,36,0,Ads
14873,747,349,2024-05-29,4,596.63,9,1,Direct
14874,490,319,2024-01-03,1,305.23,53,0,Ads
14875,559,336,2024-09-15,5,1126.54,41,1,Social
14876,844,236,2024-02-24,1,863.16,56,1,Email
14877,485,354,2024-09-27,2,357.39,42,0,Ads
14878,908,227,2024-11-01,1,1181.83,37,1,Social
14879,782,33,2024-10-08,2,1076.24,5,1,Social
14880,285,84,2024-04-03,3,935.7,17,0,Social
14881,801,185,2024-11-17,1,1014.9,48,0,Ads
14882,216,397,2024-12-24,1,450.44,5,0,Direct
14883,394,361,2024-04-04,5,1145.86,15,1,Direct
14884,230,298,2024-12-16,1,744.62,13,0,Ads
14885,108,270,2024-08-21,1,231.73,33,0,Social
14886,435,45,2024-02-27,4,856.67,18,0,Social
14887,446,263,2024-07-23,2,182.97,18,1,Social
14888,970,163,2024-02-16,5,724.12,34,0,Email
14889,79,239,2024-07-03,5,715.04,3,1,Ads
14890,558,365,2024-01-26,5,321.58,42,1,Ads
14891,706,233,2024-05-03,3,523.33,41,0,Ads
14892,102,14,2024-09-17,4,538.9,7,1,Ads
14893,984,14,2024-04-08,3,528.4,46,0,Email
14894,241,233,2024-10-06,5,307.14,46,0,Email
14895,788,156,2024-12-26,1,120.21,42,0,Social
14896,49,243,2024-01-26,3,778.84,7,0,Email
14897,929,93,2024-11-07,3,211.02,31,1,Direct
14898,866,260,2024-07-02,2,758.52,44,1,Email
14899,215,169,2024-11-17,3,1141.49,60,0,Direct
14900,87,299,2024-11-30,5,1130.37,5,0,Social
14901,24,149,2024-10-07,1,852.55,22,1,Social
14902,70,115,2024-11-11,3,273.04,24,1,Email
14903,818,177,2024-08-09,4,861.91,27,0,Social
14904,247,83,2024-07-10,2,109.31,24,1,Social
14905,994,382,2024-05-19,5,465.59,18,0,Email
14906,219,390,2024-03-10,5,1098.45,1,0,Social
14907,474,348,2024-02-16,3,586.26,44,0,Ads
14908,156,277,2024-07-18,5,538.76,39,0,Direct
14909,845,31,2024-06-28,2,74.86,17,1,Ads
14910,239,203,2024-10-06,2,300.74,34,1,Direct
14911,907,256,2024-09-08,3,456.57,5,1,Social
14912,762,252,2024-10-15,1,616.54,33,0,Ads
14913,64,219,2024-11-16,4,712.46,6,1,Email
14914,728,57,2024-02-27,5,110.57,54,1,Direct
14915,156,253,2024-04-27,2,1045.01,16,1,Ads
14916,338,6,2024-01-11,2,512.77,34,1,Direct
14917,463,392,2024-06-01,2,181.83,54,0,Direct
14918,430,115,2024-01-22,1,1016.84,11,0,Direct
14919,731,365,2024-02-10,5,878.88,3,0,Email
14920,267,185,2024-01-07,2,1166.04,54,0,Social
14921,573,355,2024-10-03,5,453.68,57,0,Ads
14922,53,399,2024-07-21,5,782.29,3,1,Email
14923,802,275,2024-08-03,5,186.18,38,0,Ads
14924,596,32,2024-09-22,3,837.34,19,0,Social
14925,684,234,2024-08-24,4,1086.93,50,1,Direct
14926,735,154,2024-01-07,4,280.09,9,1,Social
14927,442,67,2024-03-24,1,121.8,20,0,Email
14928,511,73,2024-05-13,4,553.21,52,1,Social
14929,80,300,2024-06-29,5,512.34,32,1,Direct
14930,833,350,2024-10-17,3,252.77,31,0,Social
14931,638,207,2024-07-17,4,967.09,28,0,Ads
14932,686,112,2024-01-30,1,253.52,38,1,Direct
14933,336,68,2024-05-16,1,680.39,33,1,Social
14934,609,73,2024-11-12,5,152.17,40,1,Direct
14935,569,177,2024-08-05,3,214.59,7,0,Ads
14936,678,249,2024-07-01,1,516.04,38,1,Ads
14937,690,164,2024-07-20,5,211.36,32,0,Direct
14938,637,365,2024-11-18,3,730.64,3,0,Social
14939,698,316,2024-08-19,3,1113.67,27,0,Direct
14940,808,58,2024-09-06,2,868.68,41,1,Direct
14941,477,226,2024-07-25,1,105.84,10,0,Email
14942,441,53,2024-02-13,1,1129.42,45,0,Ads
14943,460,378,2024-06-19,2,920.35,42,0,Email
14944,671,114,2024-07-15,1,830.63,16,0,Ads
14945,476,80,2024-05-05,3,694.48,46,1,Social
14946,661,85,2024-02-03,3,44.03,57,0,Social
14947,117,366,2024-05-02,5,1171.44,3,1,Direct
14948,518,378,2024-01-31,3,922.96,8,0,Social
14949,495,297,2024-01-06,3,1073.57,44,0,Email
14950,115,160,2024-08-09,2,585.0,9,0,Social
14951,708,187,2024-06-23,4,704.44,33,1,Social
14952,816,385,2024-10-11,5,655.08,22,0,Direct
14953,253,389,2024-11-29,2,740.2,11,0,Direct
14954,868,258,2024-12-17,1,1079.01,33,1,Email
14955,203,30,2024-05-07,1,103.33,4,1,Direct
14956,982,131,2024-01-05,4,913.25,46,0,Ads
14957,306,5,2024-05-07,2,397.3,16,0,Email
14958,652,296,2024-02-17,4,976.34,23,0,Direct
14959,387,304,2024-02-22,1,176.96,8,0,Direct
14960,832,104,2024-11-29,4,1079.28,10,1,Direct
14961,969,285,2024-09-29,3,655.6,17,1,Social
14962,998,165,2024-01-09,1,623.61,7,1,Email
14963,672,335,2024-01-16,3,568.82,28,0,Direct
14964,857,396,2024-02-17,3,447.48,26,0,Email
14965,579,332,2024-01-23,4,251.68,29,1,Social
14966,112,26,2024-02-28,3,1010.98,10,1,Ads
14967,349,181,2024-07-25,5,787.7,17,1,Direct
14968,84,169,2024-07-28,4,1162.39,40,1,Email
14969,327,332,2024-11-13,3,532.09,60,1,Email
14970,415,254,2024-07-01,1,812.45,60,0,Email
14971,864,303,2024-02-20,2,1097.86,49,1,Ads
14972,632,33,2024-09-13,2,454.53,16,0,Direct
14973,740,226,2024-09-27,5,310.05,33,1,Direct
14974,600,215,2024-05-18,4,489.72,58,1,Social
14975,531,19,2024-11-10,2,774.11,34,1,Social
14976,611,374,2024-08-05,2,1109.43,20,0,Direct
14977,726,340,2024-08-20,3,947.46,15,0,Direct
14978,651,48,2024-11-13,1,151.98,39,1,Social
14979,22,225,2024-07-23,2,251.61,11,1,Ads
14980,875,184,2024-03-27,5,1072.61,46,1,Email
14981,252,192,2024-09-13,2,571.64,54,0,Email
14982,796,176,2024-08-12,4,751.28,18,1,Direct
14983,578,350,2024-04-01,5,215.21,16,0,Direct
14984,556,65,2024-10-06,3,761.1,52,1,Social
14985,417,292,2024-01-29,5,277.89,32,0,Email
14986,931,145,2024-01-22,5,1132.89,35,0,Email
14987,412,86,2024-05-15,4,1108.74,30,1,Social
14988,634,186,2024-09-29,1,893.51,17,0,Direct
14989,545,60,2024-07-21,2,1050.54,21,0,Ads
14990,472,65,2024-10-05,1,826.96,21,1,Direct
14991,705,87,2024-10-10,3,602.09,47,0,Social
14992,212,7,2024-12-09,5,797.52,15,0,Direct
14993,826,131,2024-05-22,3,448.08,37,1,Social
14994,775,123,2024-01-18,2,1100.89,4,0,Direct
14995,624,81,2024-10-17,4,937.12,56,0,Email
14996,227,173,2024-09-19,4,575.8,24,0,Email
14997,903,178,2024-03-09,2,348.09,27,0,Direct
14998,277,16,2024-10-06,4,397.25,6,0,Ads
14999,289,342,2024-04-10,5,1071.58,7,0,Ads
15000,116,120,2024-11-02,2,739.22,36,0,Social
